:100000000C9489110C94BA110C94BA110C94BA1175
:100010000C94BA110C94BA110C94BA110C94BA1134
:100020000C94BA110C94BA110C94BA110C94BA1124
:100030000C94BA110C94BA110C94BA110C94BA1114
:100040000C94BA110C9414B60C94BA110C94BA1105
:100050000C94BA110C94BA110C9481AE0C945DAD51
:100060000C94BA110C94033A0C94BA110C94BA1172
:100070000C94BA110C94BA110C94BA110C94BA11D4
:100080000C9429BE0C94BA110C94BA110C94BA11A8
:100090000C94BA110C94BA110C94BA110C94BA11B4
:1000A0000C94BA110C94BA110C94FBBD0C94BA11B7
:1000B0000C94BA110C94BA110C94BA110C94CDBDD5
:1000C0000C94BA110C94BA110C94BA110C94D1ADD1
:1000D0000C94A7AD0C94BA110C94BA110C94BA11EB
:1000E0000C94BA11084AD73B3BCE016E84BCBFFDCD
:1000F000C12F3D6C74319ABD56833DDA3D00C77FF8
:1001000011BED9E4BB4C3E916BAAAABE0000008090
:100110003F05A84CCDB2D44EB93836A9020C50B91F
:10012000918688083CA6AAAA2ABE000000803F004B
:100130000C94268A0C943AA70C94387B0C94427B3E
:100140000C94076F0C94EF890C94017B0C944C7BFE
:100150000C948F930C94B7910C940B7B0C94C76EFA
:100160000C944D9E0C94D37A0C94DCA60C94EF99CD
:100170000C9413A30C94CD6E0C94A4A30C94E66E73
:100180000C94F06E0C94BA130C94157B0C941F7B9A
:100190000C941C9B0C94086F0C9418A70C942E7B49
:1001A0000C94CD9E0C94E77A0C94F78D0C94DC6E35
:1001B0000C94058C0C94FA6E0C94F17A0C94C09605
:1001C0000C9431940C94D6DC0C94CE7A0C94BFA78A
:1001D0000C94EE8D0C9409A70C942CA70C945791B9
:1001E0000C940C6F0C9472A70C94C67A0C948BDE52
:1001F0000C94607B0C94F46E0C94567B0C94026F00
:100200000C94C01F0C949F130C949E130C94E26EDC
:100210000C94F97A0C943BA10C94DD7A0C94D96E71
:100220000C94EC6E0C948F970C94D56E0C94FE6E1F
:100230000C94D16E4E414E494E495459494E46CDCB
:10024000CCCC3D0AD7233C17B7D13877CC2B32958D
:1002500095E6241FB14F0A000020410000C842006B
:10026000401C4620BCBE4CCA1B0E5AAEC59D740035
:10027000407A10F35A00A0724E18090010A5D4E875
:100280000000E87648170000E40B54020000CA9A08
:100290003B000000E1F5050000809698000000405A
:1002A000420F000000A0860100000010270000009F
:1002B00000E803000000006400000000000A0000E5
:1002C0000000000100000000002C76D888DC674F99
:1002D0000823DFC1DFAE59E1B1B796E5E3E453C6C9
:1002E0003AE651997696E8E6C28426EB898C9B62C1
:1002F000ED407C6FFCEFBC9C9F40F2BAA56FA5F46B
:1003000090055A2AF75C936B6CF9676DC11BFCE092
:10031000E40D47FEF520E6B500D0ED902E030094E5
:100320003577050080841E080000204E0A0000007A
:10033000C80C333333330F986E12831141EF8D2184
:1003400014893BE65516CFFEE6DB18D1844B381BEB
:10035000F77C1D901DA4BBE424203284725E2281B0
:1003600000C9F124ECA1E53D27434F4D4D554E49C1
:10037000434154494F4E0044525952554E00455244
:10038000524F525300494E464F004543484F0014C8
:100390002D272B64222D2A2037642D30642E3137EF
:1003A0003064362D232C306564022D2A2064302CD5
:1003B0002164373421272D25286427253425262D2F
:1003C000282D303D64252A206431372164302C21CA
:1003D000642531302C2B362D3E253E2D2B2A6427CB
:1003E0002B20217E646976747672747470760A00AC
:1003F000142D272B64222D2A2037642D3064302BB6
:100400002B642C2B300A00142D272B64222D2A203C
:1004100037642D3064272B28200A004732382058B3
:1004200030205930005072696E7465722073746F99
:10043000707065642064756520746F206572726FDA
:1004400072732E2046697820746865206572726F19
:100450007220616E6420757365204D3939392074BE
:100460006F20726573746172742E202854656D70EC
:100470006572617475726520697320726573657445
:100480002E20536574206974206166746572207231
:10049000657374617274696E67290A004E6F204C2F
:1004A000696E65204E756D6265722077697468208B
:1004B000636865636B73756D2C204C617374204C9D
:1004C000696E653A20004E6F20436865636B7375F3
:1004D0006D2077697468206C696E65206E756D6239
:1004E00065722C204C617374204C696E653A200053
:1004F000636865636B73756D206D69736D6174639B
:10050000682C204C617374204C696E653A20004C55
:10051000696E65204E756D626572206973206E6F1D
:1005200074204C617374204C696E65204E756D6249
:1005300065722B312C204C617374204C696E653AC6
:1005400020004D313130004D3331004D38342058CA
:100550002059205A2045005344207265616420656B
:1005600072726F720A00446F6E65207072696E74E9
:10057000696E672066696C650A0020496E76616C59
:1005800069642065787472756465722000000000EB
:1005900000000000000000000000009B4300009BE2
:1005A000430000C9434730204633363030205831AD
:1005B000353520593135350042696C696E65617297
:1005C000204C6576656C696E6720477269643A0AEB
:1005D0000020706F736974696F6E206F7574206F7F
:1005E000662072616E67652E0A003F50726F626509
:1005F00020002066697273740A005A00590058007E
:10060000486F6D65200052756E6E696E6720696E69
:10061000204452592D52554E206D6F64650A004793
:100620003239204175746F20426564204C657665CF
:100630006C696E670A0028422961636B00284629AD
:10064000726F6E74002852296967687400284C29FB
:10065000656674003F2856296572626F7365206C69
:100660006576656C20697320696D706C617573695E
:10067000626C652028302D34292E0A0042616420E6
:100680005A2076616C75650A004E6F2062696C694C
:100690006E65617220677269640A0044656C6574F6
:1006A000696F6E206661696C65642C2046696C65B3
:1006B0003A200046696C652064656C657465643A2F
:1006C000006F70656E206661696C65642C204669F8
:1006D0006C653A2000202F002042403A0020403A2A
:1006E000004732382058302059300020573A004710
:1006F00032382058302059300020573A00205A3ADA
:100700000020593A0020436F756E7420583A00203B
:10071000453A00205A3A0020593A00583A004361BD
:10072000703A454D455247454E43595F50415253EB
:1007300045523A300A004361703A434153455F4C99
:10074000494748545F4252494748544E4553533AEB
:10075000300A004361703A544F47474C455F4C495B
:10076000474854533A300A004361703A534F465455
:10077000574152455F504F5745523A300A00436146
:10078000703A4C4556454C494E475F444154413AB6
:10079000310A004361703A5A5F50524F42453A3134
:1007A0000A004361703A4155544F4C4556454C3A06
:1007B000310A000725347E140C74130A7E03707608
:1007C00070764E0A004361703A5052494E545F4A67
:1007D0004F423A310A004361703A50524F475245F6
:1007E00053533A300A004361703A4155544F5245D1
:1007F000504F52545F54454D503A310A0043617096
:100800003A454550524F4D3A310A004649524D57EC
:100810004152455F4E414D453A4D61726C696E20C3
:1008200056657220312E37302E3020424C2028431E
:100830007265616C69747933442920534F55524372
:10084000455F434F44455F55524C3A68747470732A
:100850003A2F2F6769746875622E636F6D2F4D6133
:10086000726C696E4669726D776172652F4D617247
:100870006C696E2050524F544F434F4C5F56455257
:1008800053494F4E3A312E30204D414348494E4551
:100890005F545950453A3344205072696E74657202
:1008A0002045585452554445525F434F554E543A93
:1008B0003120555549443A63656465326132662D8D
:1008C000343161322D343734382D396231322D6371
:1008D00035356336326633363766660A0020643A49
:1008E0000020693A0020703A0023646566696E65ED
:1008F000202044454641554C545F4B6420002364FE
:100900006566696E65202044454641554C545F4BF1
:1009100069200023646566696E6520204445464170
:10092000554C545F4B702000504944204175746F02
:1009300074756E652066696E697368656421205000
:10094000757420746865206C617374204B702C2062
:100950004B6920616E64204B6420636F6E73746119
:100960006E74732066726F6D2062656C6F7720699C
:100970006E746F20436F6E66696775726174696F1C
:100980006E2E680A00504944204175746F74756E6C
:1009900065206661696C6564212074696D656F7599
:1009A000740A00504944204175746F74756E652057
:1009B0006661696C6564212054656D70657261744F
:1009C00075726520746F6F20686967680A00204B34
:1009D000643A2000204B693A2000204B703A2000F6
:1009E0000A20436C617373696320504944200A00F4
:1009F0002054753A2000204B753A2000206D617814
:100A00003A2000206D696E3A200020643A200020D0
:100A1000626961733A20004F66660A004661646548
:100A2000204865696768742000426564204C6576DB
:100A3000656C696E6720004661696C656420746F3F
:100A400020656E61626C6520426564204C65766548
:100A50006C696E670A000D2A3225282D2064253125
:100A6000302C2B362D3E25302D2B2A64272B202190
:100A70000A00342C74332A3F23272B20211B2D37C7
:100A80001B2A2B301B362B272F21301B37272D21DC
:100A90002A27211B2E3137301B30213C30390A00E8
:100AA00014282125372164232D322164302C216420
:100AB0002531302C2B362D3E25302D2B2A64272B2B
:100AC000202164252230213664302C2164146434C2
:100AD00025362529213021360A00142536252921DD
:100AE0003021366414642D3764292D37372D2A239D
:100AF0000A0047322F4733206261642070617261BF
:100B00006D65746572730A00205A3A200020593AC4
:100B1000200042656420583A20004D6573682070BB
:100B20006F696E742063616E6E6F742062652072EF
:100B300065736F6C7665640A00456E642066696C47
:100B400065206C6973740A00426567696E20666986
:100B50006C65206C6973740A002E0A0044656C652C
:100B600074696F6E2862696E29206661696C6564BC
:100B70000046696C652862696E292064656C65743D
:100B80006564005344207072696E74696E672062F8
:100B900079746520004E6F74205344207072696E22
:100BA00074696E670A002569730025696D202569DF
:100BB00073002569682025696D2025697300256902
:100BC00064202569682025696D20256973002569E1
:100BD0007920256964202569682025696D202569AB
:100BE00073005072696E742074696D653A2000500C
:100BF000726F7465637465642050696E0A006F6675
:100C000066008A0385037E037703690344454255E2
:100C1000473A004D3131332053006F6B002F2F20A6
:100C20000053657474696E672054726176656C2038
:100C3000416363656C65726174696F6E3A2000533D
:100C4000657474696E6720526574726163742041C3
:100C50006363656C65726174696F6E3A20005365F9
:100C60007474696E67205072696E742041636365A5
:100C70006C65726174696F6E3A20005365747469B3
:100C80006E67205072696E7420616E6420547261C8
:100C900076656C20416363656C65726174696F6E23
:100CA0003A2000205A00205900580020204D617839
:100CB0003A2000205A00205900580020204D696E2B
:100CC0003A20004F6E20004F666600536F66742016
:100CD000656E6473746F70733A20000001363726B6
:100CE00003FF3C3D380EFF2E303E13FFFF0C08097A
:100CF000FFFFFF1A1C18FFFF08440AFF43FFFFFF16
:100D0000FFFFFF3A200020536572766F2000206FAE
:100D10007574206F662072616E67650A0053657294
:100D2000766F200043290A0061626C656420286D9B
:100D3000696E2074656D702000436F6C6420657867
:100D40007472756465732061726520004D65736807
:100D500020706F696E742063616E6E6F74206265BF
:100D6000207265736F6C7665640A004D34323120F1
:100D7000696E636F727265637420706172616D6514
:100D80007465722075736167650A00546F6F206621
:100D900061722066726F6D207265666572656E6342
:100DA0006520706F696E740A00207A70726F6265D8
:100DB0005F7A6F66667365743D20007A5F6D696E59
:100DC0003A20202D3230207A5F6D61783A2020322F
:100DD00030005A204F666673657420004E6F2063A2
:100DE000617365206C696768740A00416374697691
:100DF000652045787472756465723A2000556E6B93
:100E00006E6F776E20636F6D6D616E643A202200A5
:100E1000526573656E643A20006F6B0020746F6FCB
:100E2000206C6F6E6720657874727573696F6E20C1
:100E300070726576656E7465640A0020636F6C6419
:100E400020657874727573696F6E2070726576654F
:100E50006E7465640A00627573793A207061757307
:100E6000656420666F7220696E7075740A00627521
:100E700073793A2070617573656420666F722075AE
:100E80007365720A00627573793A2070726F6365D8
:100E90007373696E670A004B494C4C20636175732C
:100EA0006564206279204B494C4C20627574746FE4
:100EB0006E2F70696E0A004B494C4C20636175734C
:100EC000656420627920746F6F206D756368206996
:100ED0006E6163746976652074696D65202D206389
:100EE000757272656E7420636F6D6D616E643A2009
:100EF00000000000000000000000000000000048AA
:100F0000420000484200008040000000005761722B
:100F10006E696E673A20486F6D696E672042756D25
:100F2000702044697669736F72203C20310A000298
:100F300002040000A0400000A040000000400000AB
:100F40009B4300009B430000C943FFFFFF62696EA3
:100F5000004D31313720494E56414C4944204441DF
:100F600054412E00473932205A25732045257300FD
:100F700062696E007C3C3E5E2B3D3F2F5B5D3B2CEF
:100F80002A225C004572726F722077726974696EF2
:100F90006720746F20454550524F4D210A000000D4
:100FA0002100240027002A002D0030003300010119
:100FB0000000040107010A010000220025002800AA
:100FC0002B002E0031003400020100000501080151
:100FD0000B01000020002300260029002C002F0018
:100FE00032000001000003010601090105050505A5
:100FF000070508080808020202020A0A0808040491
:1010000004040101010101010101030303030303BE
:101010000303040707070C0C0C0C0C0C0C0C02024D
:10102000020206060606060606060B0B0B0B0B0B4A
:101030000B0B0102102020080810204010204080D7
:10104000020102010804020101020408102040808C
:10105000804020100804020180040201804020101A
:101060000804020108040201010204081020408063
:10107000010204081020408000000A0B02090C0D38
:101080000E0807030401000000000000000000003B
:101090000000000000000000000000000000000050
:1010A000000000001211100000000000000000000D
:1010B00000000000000000000000000000005A20B6
:1010C00070726F6265206F75742E206265640A000D
:1010D000473238205A20466F7262696464656E0A2E
:1010E000004732390050726F62696E67206661692D
:1010F0006C65640A00205A3A200020593A200042C8
:10110000656420583A20005072696E7465722073CD
:10111000746F707065642064756520746F206572EB
:10112000726F72732E20466978207468652065722C
:10113000726F7220616E6420757365204D39393984
:1011400020746F20726573746172742E2028546548
:101150006D70657261747572652069732072657354
:1011600065742E20536574206974206166746572FD
:101170002072657374617274696E67290A00535432
:101180004F502063616C6C656420626563617573A8
:1011900065206F6620424C546F75636820657272DB
:1011A0006F72202D20726573746172742077697478
:1011B00068204D3939390A004D3234004D32332020
:1011C0002573004D3130362053323535004D3130E6
:1011D0003920532569004D313930205325690047A6
:1011E000393220452573004730205A2573004D3190
:1011F000303920532569004D31393020532569009D
:101200004D323400473238004D34323020533000F4
:101210004D343230205331004732390047393000E5
:1012200047323800473238205A3000473238004DB4
:1012300038340047312046323030205A302E3000CA
:101240004732380047393220452573004730205A4D
:101250002573004D31303920532569004D31393027
:101260002053256900473238205830205930005724
:10127000726974696E6720746F2066696C653A20C4
:10128000006F70656E206661696C65642C2046692C
:101290006C653A20006F70656E206661696C6564EC
:1012A0002C2046696C653A200046696C65207365A0
:1012B0006C65637465640A002053697A653A20009E
:1012C00046696C65206F70656E65643A20006F70CA
:1012D000656E206661696C65642C2046696C653AB0
:1012E00020002066696C653A20004E6F772000224E
:1012F00020706F73002220706172656E743A220054
:10130000535542524F5554494E452043414C4C2071
:101310007461726765743A2200747279696E67202D
:10132000746F2063616C6C207375622D67636F64EA
:10133000652066696C6573207769746820746F6FC7
:10134000206D616E79206C6576656C732E204D4141
:1013500058206C6576656C2069733A0043616E6E47
:101360006F74206F70656E207375626469722000FF
:101370002E0A006F70656E206661696C65642C20B2
:1013800046696C653A200057726974696E6720740B
:101390006F2066696C653A20005344206361726473
:1013A000206F6B0A006F70656E526F6F74206661FC
:1013B000696C65640A00766F6C756D652E696E697F
:1013C00074206661696C65640A00534420696E6923
:1013D00074206661696C0A004D3234004D3233204E
:1013E0002573006175746F25692E6700656E7175D0
:1013F000657565696E672022006563686F3A005005
:1014000072696E7465722068616C7465642E205018
:101410006C656173652072657374617274206974A0
:101420002E0A004572726F723A00290A0020627912
:101430007465733B20637263200053657474696E36
:1014400067732053746F72656420280020286361DD
:101450006C63756C6174656429210A0020213D204C
:1014600000454550524F4D20435243206D69736DE6
:1014700061746368202D202873746F72656429205D
:1014800000290A002062797465733B20637263202F
:10149000002073746F7265642073657474696E677D
:1014A0007320726574726965766564202800204D2A
:1014B00061726C696E3D563431290A0028454550E9
:1014C000524F4D3D00454550524F4D207665727349
:1014D000696F6E206D69736D617463682000486187
:1014E0007264636F6465642044656661756C742022
:1014F00053657474696E6773204C6F616465640A28
:1015000000F4010000F401000064000000E80300A2
:101510000000009643000096430000A0400000C871
:10152000410000A0420000A0420000C84300000C9F
:101530004320204D383531205A005A2D50726F62A9
:1015400065204F666673657420286D6D293A0A0020
:1015500020440020490020204D33303120500050DD
:1015600049442073657474696E67733A0A00205A9F
:101570000020204D3432302053004175746F2042DA
:101580006564204C6576656C696E673A0A00205A7E
:101590000020590020204D323036205800486F6D11
:1015A00065206F66667365743A0A00204500205A0C
:1015B0000020590020580020420020540020204DD7
:1015C000323035205300416476616E6365643A20A1
:1015D000533C6D696E5F66656564726174653E203B
:1015E000543C6D696E5F74726176656C5F666565AB
:1015F00064726174653E20423C6D696E5F7365671D
:101600006D656E745F74696D655F6D733E20583CE7
:101610006D61785F78795F6A65726B3E205A3C6DC8
:1016200061785F7A5F6A65726B3E20453C6D6178D8
:101630005F655F6A65726B3E0A00205400205200AD
:1016400020204D323034205000416363656C657258
:101650006174696F6E2028756E6974732F733229F7
:101660003A20503C7072696E745F616363656C3ED2
:1016700020523C726574726163745F616363656C70
:101680003E20543C74726176656C5F616363656C87
:101690003E0A00204500205A0020590020204D32EB
:1016A00030312058004D6178696D756D204163635C
:1016B000656C65726174696F6E2028756E697473EC
:1016C0002F7332293A0A00204500205A0020590081
:1016D00020204D3230332058004D6178696D756D92
:1016E000206665656472617465732028756E69741F
:1016F000732F73293A0A00204500205A0020590010
:1017000020204D3932205800537465707320706565
:101710007220756E69743A0A0020204D32303020F4
:1017200044300A0020204D323030204400204469EB
:101730007361626C65640A0046696C616D656E7404
:101740002073657474696E67733A0020204D3134DC
:10175000392043203B20556E69747320696E204305
:10176000656C736975730A00202047323120202090
:10177000203B20556E69747320696E206D6D0A00E0
:101780007A5F6D696E3A2000795F6D696E3A20006C
:10179000785F6D696E3A20005265706F7274696E81
:1017A0006720656E6473746F7020737461747573F1
:1017B0000A0020746F6F206C6F6E672065787472FA
:1017C0007573696F6E2070726576656E7465640AF4
:1017D0000020636F6C6420657874727573696F6E36
:1017E0002070726576656E7465640A0024F4D430E6
:1017F00050C38E20C2A24017828B7011127A910DB5
:10180000816CD90AA861E108C7586607615143068F
:101810001E4B5D05C145A7041A411104093D9803FB
:10182000713931034036DB0265339102D430540202
:10183000802E1D02632CEE01752AC501B028A0017F
:10184000102781018F2564012B244B01E0223401F4
:10185000AC211F018D200D01801FFC00841EED00B6
:10186000971DDF00B81CD200E61BC600201BBC0081
:10187000641AB200B219A8000A19A0006A189900E7
:10188000D117910040178B00B516840031167E00E9
:10189000B31579003A157300C7146F0058146A0025
:1018A000EE1366008813630025135E00C7125B0009
:1018B0006C12570015125400C111510070114F00E5
:1018C00021114B00D61049008D10470046104400EE
:1018D00002104200C00F4000800F3E00420F3C004B
:1018E000060F3B00CB0E3800930E37005C0E350020
:1018F000270E3400F30D3200C10D3100900D300081
:10190000600D2E00320D2D00050D2C00D90C2B0082
:10191000AE0C2900850C29005C0C2700350C270033
:101920000E0C2600E80B2400C40B2400A00B23009F
:101930007D0B23005A0B2100390B2100180B2000CE
:10194000F80A1F00D90A1E00BB0A1E009D0A1D00CE
:10195000800A1D00630A1C00470A1B002C0A1B009A
:10196000110A1A00F7091A00DD091900C409190043
:10197000AB091900920917007B09180063091700C9
:101980004C09160036091600200916000A09150030
:10199000F5081500E0081400CC081400B80814007D
:1019A000A4081400900813007D0812006B081300AF
:1019B00058081200460812003408110023081100CC
:1019C0001208110001081100F0071000E0071000D4
:1019D000D0071000C0071000B0070F00A1071000CB
:1019E00091070E0083070F0074070F0065070E00B4
:1019F00057070E0049070E003B070D002E070E008B
:101A000020070D0013070D0006070D00F9060C0056
:101A1000ED060D00E0060C00D4060C00C8060C0014
:101A2000BC060C00B0060C00A4060B0099060C00C6
:101A30008D060B0082060B0077060B006C060B0070
:101A400061060A0057060B004C060A0042060A000F
:101A500038060A002E060A0024060A001A060A00A2
:101A60001006090007060A00FD050900F405090033
:101A7000EB050900E2050900D9050900D0050900B8
:101A8000C7050900BE050900B5050800AD05080039
:101A9000A50509009C050800940508008C050800B0
:101AA000840508007C050800740508006C05070023
:101AB000650508005D050700560508004E0507008E
:101AC00047050700400508003805070031050700F5
:101AD0002A050700230507001C0506001605070058
:101AE0000F0507000805060002050700FB040600B5
:101AF000F5040700EE040600E8040600E20407000F
:101B0000DB040600D5040600CF040600C904060065
:101B1000C3040600BD040600B7040600B1040500B6
:101B2000AC040600A6040600A00405009B04060001
:101B300095040500900406008A040500850405004C
:101B4000800406007A040500750405007004050091
:101B50006B04050066040500610405005C040500D3
:101B600057040500520405004D0405004804050013
:101B7000430405003E0404003A0405003504050052
:101B8000300404002C04050027040400230405008D
:101B90001E0404001A0404001604050011040400C5
:101BA0000D040400090405000404040000040400FA
:101BB000FC030400F8030400F4030400F003040031
:101BC000EC030400E8030400E4030400E003040061
:101BD000DC030400D8030400D4030400D003040091
:101BE000CC030400C8030300C503030024F404D994
:101BF000201BC40C5C0E9804C4095F0265077101C8
:101C0000F405F900FB04B30048048700C103690030
:101C10005803550003034500BE023A008402310018
:101C200053022A002902250004022000E4011C00BE
:101C3000C8011900AF0117009801140084011300B6
:101C4000710110006101100051010E0043010D00EF
:101C500036010B002B010B0020010B0015010900C0
:101C60000C01090003010800FB000800F300080054
:101C7000EB000700E4000600DE000600D8000600C6
:101C8000D2000600CC000500C7000500C200050018
:101C9000BD000400B9000400B5000400B100040058
:101CA000AD000400A9000400A5000300A200030089
:101CB0009F0004009B0003009800030095000200B1
:101CC00093000300900003008D0002008B000300CE
:101CD00088000200860002008400030081000200E8
:101CE0007F0002007D0002007B00020079000200FC
:101CF000770001007600020074000200720001000B
:101D0000710002006F0002006D0001006C00020013
:101D10006A0001006900020067000100660001001E
:101D20006500010064000200620001006100010022
:101D3000600001005F0002005D0001005C00010026
:101D40005B0001005A000100590001005800010029
:101D50005700010056000100550001005400010029
:101D60005300000053000100520001005100010027
:101D7000500001004F0001004E0000004E00010025
:101D80004D0001004C0001004B0000004B00010021
:101D90004A0001004900010048000000480001001D
:101DA0004700010046000000460001004500000019
:101DB0004500010044000100430000004300010011
:101DC000420000004200010041000000410001000B
:101DD000400001003F0000003F0001003E00000005
:101DE0003E0001003D0000003D0001003C000000FD
:101DF0003C0000003C0001003B0000003B000100F3
:101E00003A0000003A0001003900000039000100EA
:101E100038000000380000003800010037000000E2
:101E200037000100360000003600000036000100D7
:101E300035000000350000003500010034000000CE
:101E400034000000340001003300000033000000C3
:101E500033000100320000003200000032000100B7
:101E600031000000310000003100010030000000AE
:101E700030000000300001002F0000002F000000A3
:101E80002F0000002F0001002E0000002E00000097
:101E90002E0001002D0000002D0000002D0000008C
:101EA0002D0001002C0000002C0000002C00000080
:101EB0002C0001002B0000002B0000002B00000074
:101EC0002B0001002A0000002A0000002A00000068
:101ED0002A0001002900000029000000290000005C
:101EE000290000002900010028000000280000004F
:101EF0002800000028000000280001002700000042
:101F00002700000027000000270000002700010034
:101F10002600000026000000260000002600000029
:101F2000260001002500000025000000250000001B
:101F3000250000002500000025000100240000000D
:101F40002400000024000000240000002400010000
:101F500023000000230000002300000023000000F5
:101F600023000000230000002300010022000000E5
:101F700022000000220000002200000022000000D9
:101F800022000100210000002100000021000000CB
:101F900021000000210000002100000021000100BC
:101FA00020000000200000002000000020000000B1
:101FB00020000000200000002000000020000100A0
:101FC0001F0000001F0000001F0000001F00000095
:101FD0001F0000001F0000001F0001001E00000085
:101FE0001E0000001E0000001E0000004D383420BE
:101FF000582059205A2045006265640A002C20733D
:10200000797374656D2073746F70706564212048F6
:1020100065617465725F49443A200048656174697E
:102020006E67206661696C65640048656174696EFD
:1020300067206661696C65640048656174696E67F4
:10204000206661696C65640048656174696E67202B
:102050006661696C65640070012C0190012701B014
:10206000012201C0011D01F001180110021301300D
:10207000020E016002090190020401C002FF00008B
:1020800003FA004003F5008003F000D003EB0020CA
:1020900004E6007004E100E004DC004005D700C065
:1020A00005D2004006CD00D006C8008007C300302E
:1020B00008BE00F008B900C009B400B00AAF00B013
:1020C0000BAA00D00CA500000EA000500F9B00C072
:1020D0001096005012910000148C00C0158700B0BB
:1020E000178200B0197D00D01B7800001E730040DD
:1020F000206E0090226900F024640040275F009069
:10210000295A00E02B5500102E500020304B0010B3
:10211000324600E033410090353C00103737007004
:10212000383200A0392D00B03A2800A03B230060CF
:102130003C1E00103D1900903D1400103E0F007031
:102140003E0A00C03E0500003F0000403FFBFF800C
:102150003FF6FFC03FF1FF544845524D414C2052DD
:10216000554E4157415900546865726D616C20525B
:10217000756E61776179004572723A204D494E540F
:10218000454D5020424544004572723A204D494E1B
:1021900054454D50004D494E54454D502074726980
:1021A000676765726564004572723A204D41585404
:1021B000454D5020424544004572723A204D4158E9
:1021C00054454D50004D415854454D50207472694E
:1021D000676765726564004D343230205331004DBD
:1021E000343230205330002020506C616E6E6572A6
:1021F00042756666657242797465733A20002046BE
:10220000726565204D656D6F72793A2000436F6D80
:1022100070696C65643A2041707220203120323040
:1022200032350A00207C20417574686F723A204371
:10223000522D3130532050726F2056320A00323006
:1022400031392D30382D323800204C6173742055CF
:102250007064617465643A200056657220312E37CF
:10226000302E3020424C0A004D61726C696E0020A5
:10227000536F6674776172652052657365740A00E6
:10228000205761746368646F672052657365740AD0
:10229000002042726F776E206F75742052657365EF
:1022A000740A002045787465726E616C2052657303
:1022B00065740A00506F77657255700A0073746117
:1022C00072740A006572726F722077726974696E37
:1022D0006720746F2066696C650A00205A3A0020F6
:1022E000593A0020583A00656E6473746F70732019
:1022F0006869743A2000446F6E6520736176696E78
:10230000672066696C652E0A004D323900008BDE4D
:10231000D6DC11241FBECFEFD1E2DEBFCDBF00E07F
:102320000CBF15E0A0E0B2E0ECE3F0EF01E00BBF82
:1023300002C007900D92A236B107D9F72CE1A2E6B0
:10234000B5E001C01D92A934B207E1F711E1C8E878
:10235000D1E100E006C021970109802FFE010E9413
:1023600059F7C738D10780E00807A9F70E94F3DFC3
:102370000C940CF80C940000CF92DF92EF92FF9235
:10238000CF93DF93EC01C090D606D090D706E090B3
:10239000D806F090D906A7019601688179818A81D3
:1023A0009B810E946BED87FF04C0C882D982EA82BC
:1023B000FB82C090DA06D090DB06E090DC06F0905D
:1023C000DD06A70196016C817D818E819F810E942F
:1023D0006BED87FF04C0CC82DD82EE82FF82C0906D
:1023E000DE06D090DF06E090E006F090E106A7015F
:1023F0009601688579858A859B850E946BED87FFAC
:1024000004C0C886D986EA86FB86C0901102D090A7
:102410001202E0901302F0901402A7019601688165
:1024200079818A819B810E9473F6181624F4C882F0
:10243000D982EA82FB82C0901502D0901602E09009
:102440001702F0901802A70196016C817D818E81A0
:102450009F810E9473F6181624F4CC82DD82EE82EE
:10246000FF82C0901902D0901A02E0901B02F090F7
:102470001C02A7019601688579858A859B850E9443
:1024800073F6181624F4C886D986EA86FB86DF918F
:10249000CF91FF90EF90DF90CF900895CF92DF9291
:1024A000EF92FF92C0900916D0900A16E0900B169A
:1024B000F0900C1680910D16882381F120E030E019
:1024C000A901C701B6010E946BED882339F120E014
:1024D00030E040E05FE3C701B6010E94D1ED9B010F
:1024E000AC010E94D1ED2BED3FE049E450E40E94A5
:1024F000D1ED9B01AC0160E070E080E89FE30E94B9
:102500000DF560934F16709350168093511690936B
:102510005216FF90EF90DF90CF90089560E070E04A
:1025200080E89FE3EECFCF92DF92EF92FF9260912F
:10253000051670910616072E000C880B990B0E9449
:1025400072ED6B017C012DEB37E346E855EB0E9401
:1025500073F687FD0BC02DEB37E346E855E3C70163
:10256000B6010E946BED18160CF043C0A70196014E
:1025700060E070E080E89FE30E940DF56093B7068D
:102580007093B8068093B9069093BA0660910716C7
:1025900070910816072E000C880B990B0E9472EDA3
:1025A0006B017C012DEB37E346E855EB0E9473F697
:1025B00087FD0AC02DEB37E346E855E3C701B601B6
:1025C0000E946BED1816CCF4A701960160E070E054
:1025D00080E89FE30E940DF56093BB067093BC06F4
:1025E0008093BD069093BE06FF90EF90DF90CF9052
:1025F000089560E070E0CB01C1CF60E070E0CB01F6
:10260000EBCF80E1E6E1F7E0A4EDB7E001900D92B9
:102610008A95E1F70895CF92DF92EF92FF920F93A0
:102620001F93CF93DF93EC01CC0FDD1FCC0FDD1F89
:10263000FE01E457F44E20E030E0A9016081718191
:10264000828193810E9413F4FE01EE51F94F2081A3
:102650003181428153810E9413F46B017C01FE01A0
:10266000E95DF84FC082D182E282F382FE01E35736
:10267000FA4F25913591459154918E010A52194F87
:102680000E9413F4F8016083718382839383FE01B7
:10269000E756FA4F2591359145915491CF5EDD4F24
:1026A000C701B6010E9413F4688379838A839B83F0
:1026B000DF91CF911F910F91FF90EF90DF90CF901E
:1026C00008958F929F92AF92BF92EF92FF920F93D5
:1026D0001F93CF93DF938C014A015B01EC01CC0F78
:1026E000DD1FCC0FDD1FCE018C52984F7C01C457EB
:1026F000D44E288139814A815B81CB01B4010E948B
:1027000012F4F70120813181428153810E9413F438
:10271000F701608371838283938388829982AA827E
:10272000BB82C801DF91CF911F910F91FF90EF9075
:10273000BF90AF909F908F900C940B13089590E0F2
:1027400080E008958FB7F8949091860620918506D1
:10275000291769F0E92FF0E0EB5FF94F208130E0B5
:102760009F5F9F77909386068FBFC90108952FEFD3
:102770003FEFFACF0F931F93CF93DF93EC010E94AB
:1027800051AD0E811F81288539850115110521055F
:10279000310579F52C85222339F1EA8521502C87E2
:1027A00021E02E0F2A873D85231301C01A86F0E011
:1027B0003196EE0FFF1FEE0FFF1FEC0FFD1F02857E
:1027C0001385248535850A831B832C833D83600F05
:1027D000711F811D911D6E837F83888799878C81EE
:1027E0009D81892B09F0409ADF91CF911F910F9124
:1027F0000895601B710B820B930B97FDF5CF4098EA
:102800001E821F8218861986EFCF8091A1079091B2
:10281000A207019759F40E9447747093A20760932E
:10282000A1071092F5061092F60608951092A207DD
:102830001092A107F6CFCF93DF93EC0190E080E0F8
:102840000E94DEB56093AB067093AC068093AD0634
:102850009093AE0681E090E00E94DEB56093AF06F3
:102860007093B0068093B1069093B20682E090E038
:102870000E94DEB56093B3067093B4068093B506EC
:102880009093B6068BEA96E00E94D4CCC436D1056C
:1028900061F48CE0EBEAF6E0A4EDB7E001900D9274
:1028A0008A95E1F7DF91CF910895CC0FDD1FCC0F12
:1028B000DD1FFE01EC52F84FC555D94F8881998133
:1028C000AA81BB8180839183A283B383EBCFCF9214
:1028D000DF92EF92FF92CF936B017C01C0911616AD
:1028E000C0921216D0921316E0921416F09215169A
:1028F0002DEB37E346E855EB0E9473F687FD0AC0DF
:102900002DEB37E346E855E3C701B6010E946BEDB6
:102910001816DCF4A701960160E070E080E89FE300
:102920000E940DF560930E1670930F16809310168B
:1029300090931116CC2369F082E090E0CF91FF9044
:10294000EF90DF90CF900C941B1460E070E0CB010F
:10295000E9CFCF91FF90EF90DF90CF9008958F92C5
:102960009F92AF92BF92CF92EF92FF920F931F93DD
:10297000CF93DF93CDB7DEB72C970FB6F894DEBFB9
:102980000FBECDBF4B015C01C090A70780911E0711
:1029900090911F07A0912007B091210740911A073D
:1029A00050911B0760911C0770911D07009116073D
:1029B00010911707209118073091190709831A837E
:1029C0002B833C834D835E836F83788789879A87C7
:1029D000AB87BC878091B40781110AC0AE01475F05
:1029E0005F4FBE016B5F7F4FCE0101960E9453CDBA
:1029F0008501740122E237E0AE01475F5F4FBE01FF
:102A00006B5F7F4FCE0101960E9432C02C960FB6AD
:102A1000F894DEBF0FBECDBFDF91CF911F910F9114
:102A2000FF90EF90CF90BF90AF909F908F900895C0
:102A30002F923F924F925F926F927F928F929F92CE
:102A4000AF92BF92CF92DF92EF92FF920F931F93BC
:102A5000CF93DF93CDB7DEB7EC970FB6F894DEBF18
:102A60000FBECDBF69AF7AAF8BAF9CAF5A8F498F86
:102A70003C8F2B8F8090D4079090D507A090D607DD
:102A8000B090D7078091270790912807A091290738
:102A9000B0912A078D8F9E8FAF8FB8A3A09101169A
:102AA000B0910216BEA3ADA3BD01BB0F880B990B5D
:102AB0000E9472ED6FA378A789A79AA78091B706A5
:102AC0009091B806A091B906B091BA068BA79CA7C1
:102AD000ADA7BEA74090D8075090D9076090DA07FD
:102AE0007090DB0780912B0790912C07A0912D0708
:102AF000B0912E0789A39AA3ABA3BCA3A091031600
:102B0000B0910416B8ABAFA7BD01BB0F880B990BF2
:102B10000E9472ED69AB7AAB8BAB9CAB8091BB062C
:102B20009091BC06A091BD06B091BE068DAB9EAB48
:102B3000AFABB8AF8091160790911707A091180717
:102B4000B0911907898B9A8BAB8BBC8B80911A073C
:102B500090911B07A0911C07B0911D078D8B9E8B38
:102B6000AF8BB88F2D8D3E8D4F8D58A1C501B4010F
:102B70000E9412F42FA138A549A55AA50E9412F46B
:102B80002BA53CA54DA55EA50E94D1ED0E947FF529
:102B90007B0194E0E916F1041CF093E0E92EF12C9E
:102BA000F7FE02C0F12CE12C29A13AA14BA15CA1B6
:102BB000C301B2010E9412F429A93AA94BA95CA948
:102BC0000E9412F42DA93EA94FA958AD0E94D1ED43
:102BD0000E947FF51B01643071051CF083E0282EF4
:102BE000312C37FE02C0312C212C2D8D3E8D4F8D86
:102BF00058A169897A898B899C890E9412F42FA136
:102C000038A549A55AA50E9412F42BA53CA54DA5AF
:102C10005EA50E94D1ED0E947FF58B0164307105A5
:102C200014F003E010E017FF02C010E000E029A15B
:102C30003AA14BA15CA16D897E898F89988D0E94F4
:102C400012F429A93AA94BA95CA90E9412F42DA952
:102C50003EA94FA958AD0E94D1ED0E947FF5643086
:102C6000710514F063E070E077FF02C070E060E08F
:102C7000E016F10621F56215730509F0A6C069ADED
:102C80007AAD8BAD9CAD0E94AF14EC960FB6F89464
:102C9000DEBF0FBECDBFDF91CF911F910F91FF908F
:102CA000EF90DF90CF90BF90AF909F908F907F90EC
:102CB0006F905F904F903F902F900C9401130E15E2
:102CC0001F050CF082C03E2D621573050CF467C120
:102CD000262FE016F10609F082C06215730579F21D
:102CE000822F022E000C990B01E010E002C0000FB1
:102CF000111F2A95E2F72B8D3C8D20233123232BA6
:102D000009F4BDCF20E1E6E1F7E0DE011196019084
:102D10000D922A95E1F72091071630910816829FAF
:102D2000B001839F700D929F700D1124AFA5B8A9BB
:102D30006A0F7B1F072E000C880B990B0E9472ED07
:102D400029A13AA14BA15CA10E9413F460931A0738
:102D500070931B0780931C0790931D07A30192019A
:102D60000E9412F46B017C01A30192016D897E899E
:102D70008F89988D0E9412F49B01AC01C701B601A6
:102D80000E940DF56B017C01A501940169897A8986
:102D90008B899C890E9412F4A70196010E94D1EDB3
:102DA000A50194010E9413F460931607709317070E
:102DB0008093180790931907009510952B8D3C8DE3
:102DC000202331233C8F2B8F7EC0302F621573055B
:102DD0000CF07ECF222DE016F10609F481CF832F6F
:102DE000032E000C990B01E010E002C0000F111F30
:102DF0003A95E2F7498D5A8D40235123452B09F42A
:102E00006CCF20E1E6E1F7E0DE01119601900D9232
:102E10002A95E1F72091051630910616829FB001A0
:102E2000839F700D929F700D11242DA13EA1620F02
:102E3000731F072E000C880B990B0E9472ED2D8DCD
:102E40003E8D4F8D58A10E9413F460931607709326
:102E500017078093180790931907A50194010E9402
:102E600012F46B017C01A501940169897A898B892F
:102E70009C890E9412F49B01AC01C701B6010E941B
:102E80000DF56B017C01A30192016D897E898F890B
:102E9000988D0E9412F4A70196010E94D1EDA30122
:102EA00092010E9413F460931A0770931B0780939A
:102EB0001C0790931D0700951095898D9A8D80238E
:102EC00091239A8F898F8090DC079090DD07A090E6
:102ED000DE07B090DF07A501940160911E07709195
:102EE0001F0780912007909121070E9412F4A701EB
:102EF00096010E94D1EDA50194010E9413F4609304
:102F00001E0770931F0780932007909321078090DE
:102F1000E0079090E107A090E207B090E307A501D9
:102F2000940160912207709123078091240790916A
:102F300025070E9412F4A70196010E94D1EDA50178
:102F400094010E9413F460932207709323078093E7
:102F50002407909325072B8D3C8D498D5A8D69ADA3
:102F60007AAD8BAD9CAD0E94181589899A89AB8981
:102F7000BC8989839A83AB83BC838D899E89AF8901
:102F8000B88D8D839E83AF83B88780E1FE01319633
:102F9000A6E1B7E001900D928A95E1F76BCD222D65
:102FA0001ECFCF92EF92FF920F931F93CF93DF9399
:102FB000CDB7DEB72C970FB6F894DEBF0FBECDBFEE
:102FC000C090A7078091DC079091DD07A091DE07F4
:102FD000B091DF074091D8075091D9076091DA0787
:102FE0007091DB070091D4071091D5072091D60787
:102FF0003091D70709831A832B833C834D835E83EB
:103000006F83788789879A87AB87BC878091B4075D
:1030100081110AC0AE01475F5F4FBE016B5F7F4FFA
:10302000CE0101960E9453CDE0902202F09023023F
:10303000009124021091250220EE37E0AE01475F97
:103040005F4FBE016B5F7F4FCE0101960E9432C081
:103050002C960FB6F894DEBF0FBECDBFDF91CF9197
:103060001F910F91FF90EF90CF9008958091FA05F6
:103070009091FB05009731F04AE050E070E060E08D
:103080000C94C0EA60E070E0CB0108950E9436180D
:1030900097FD0CC00E9436186F3F710581059105A0
:1030A00009F034F40E943618862F089580E00895C0
:1030B0008FEF08958091FA059091FB05892B41F0DF
:1030C0000E94461891E0811101C090E0892F089577
:1030D00091E0FCCFAF92BF92CF92DF92EF92FF923E
:1030E0000F931F93CF93DF931F92CDB7DEB76C0181
:1030F0008B0159018091001681111BC07B01E40EE8
:10310000F51EF601808191810E9489F38983F8017F
:1031100081938F01BE016F5F7F4FC5010E944C7587
:10312000F60180819181019691838083E016F106FA
:1031300041F70F90DF91CF911F910F91FF90EF908A
:10314000DF90CF90BF90AF9008950E9414BF0E946F
:1031500027CE0E944E1290E080E00E940B1381E087
:1031600090E00E940B1382E090E00E940B136091AC
:1031700012167091131680911416909115160E94D4
:1031800067140E947C750C949312FC0120E03EE2CF
:10319000DB014D91BD01403249F0283011F43083FC
:1031A0003196DB0111974C91408331962F5F2B3084
:1031B00079F71082089561E0FC0180810C947178A8
:1031C0008EBD0DB407FEFDCF08958FEF8EBD0DB4FB
:1031D00007FEFDCF8EB508958F929F92AF92BF925A
:1031E000EF92FF920F931F93CF937C01C62F49015B
:1031F0005A01FC019281892F806A86958CBD90FDD1
:1032000003C081E0963009F480E08DBD60E0F701F5
:1032100080810E9471788CE291E00E94E8718C2F8D
:1032200080640E94E01808E110E0D501C401002E7E
:1032300004C0B695A795979587950A94D2F70E94F2
:10324000E01808501109083FFFEF1F0771F785E9E3
:10325000CC2321F087E8C83009F08FEF0E94E018F6
:10326000CC3011F40E94E518C0E00E94E518F70187
:10327000838387FF04C0CF3F11F0CF5FF6CFCF919C
:103280001F910F91FF90EF90BF90AF909F908F9004
:1032900008950F931F93CF93DF93EC0189018C81E5
:1032A000833039F089E0440F551F661F771F8A95D8
:1032B000D1F79A01AB0168E1CE010E94EC18882396
:1032C00019F086E089833AC08EEF8EBDF801C801FF
:1032D0009E5F0DB407FEFDCF20812EBD0DB407FE0D
:1032E000FDCF21812EBD3296E817F90791F70DB475
:1032F00007FEFDCF8FEF0E94E0188FEF0E94E018CD
:103300000E94E5188B838F71853099F488E592E0EF
:103310000E94E871182F87E11123A1F220E030E02C
:10332000A9016DE0CE010E94EC18882361F086E1CE
:10333000C9CF83E18983CE010E94DB18CE010E94B0
:10334000DB1810E007C00E94E5188111F0CFCE0114
:103350000E94DB18812FDF91CF911F910F9108956B
:10336000CF9380916A0FC1E08823A1F04091620F52
:103370005091630F6091640F7091650F22E63DE0FC
:1033800080916B0F90916C0F0E944919C82F811189
:1033900004C0C0E08C2FCF9108954091660F5091EA
:1033A000670F6091680F7091690F411551056105B4
:1033B000710591F022E63DE080916B0F90916C0FCA
:1033C0000E944919882329F31092660F1092670F03
:1033D0001092680F1092690F10926A0FDBCFEF9274
:1033E000FF920F931F93CF93DF93EC0179018C81B0
:1033F000833039F089E0440F551F661F771F8A9587
:10340000D1F79A01AB0161E1CE010E94EC1888234B
:1034100039F084E08983CE010E94DB1880E03BC054
:103420000E9451AD8B010E94E5188B838F3F81F480
:103430000E9451AD601B710B6D327140A0F381E1B0
:103440008983CE010E94DB188FEF0E94E018E6CF3F
:103450008E3F11F08FE0F4CF8FEF8EBDF701D701D3
:10346000A150BE4F0DB407FEFDCF9EB591938EBD0A
:10347000AE17BF07B9F70DB407FEFDCF8EB58C931D
:103480000E94E5180E94E518CE010E94DB188FEF1C
:103490000E94E01881E0DF91CF911F910F91FF9082
:1034A000EF900895CF92DF92EF92FF92CF936B014E
:1034B0007C01C42F8091620F9091630FA091640FE3
:1034C000B091650F8C159D05AE05BF0501F10E94F9
:1034D000B019811108C0C0E08C2FCF91FF90EF9000
:1034E000DF90CF90089522E63DE0B701A6018091DC
:1034F0006B0F90916C0F0E94EF19882361F3C092BB
:10350000620FD092630FE092640FF092650FCC23AC
:1035100021F081E080936A0FDFCFC1E0DDCF4F92D1
:103520005F926F927F928F929F92AF92BF92CF9253
:10353000DF92EF92FF920F931F93CF93DF93EC01F3
:10354000423051056105710590F480E0DF91CF9123
:103550001F910F91FF90EF90DF90CF90BF90AF90B1
:103560009F908F907F906F905F904F900895898586
:103570009A85AB85BC850196A11DB11D8417950761
:10358000A607B70710F38F898031C9F5852E962ECF
:10359000A72EBB248B899C89AD89BE89880E991E74
:1035A000AA1EBB1E280139016A017B0141E0C50149
:1035B000B4010E94521A882341F29F89903181F50B
:1035C000DD24EE24FF24F601EE0FFF1FEE59F24F2B
:1035D000118300839A89923008F4B8CF4D815E81BF
:1035E0006F817885840E951EA61EB71E8092660F89
:1035F0009092670FA092680FB092690FA7CF8032A8
:1036000009F0A3CF8B899C89AD89BE894A015B01F2
:10361000E7E0B694A79497948794EA95D1F7BECF44
:10362000E894C7F8DD24EE24FF24F601EE0FFF1F17
:10363000EE0FFF1FEE59F24F408251826282738279
:10364000C9CFCF92DF92EF92FF920F931F93CF9348
:10365000DF93FC0181859285A385B4850196A11D28
:10366000B11D84179507A607B70750F480E0DF91D6
:10367000CF911F910F91FF90EF90DF90CF90089521
:1036800087898031A9F5BB27A72F962F852FC3885F
:10369000D488E588F6888C0D9D1DAE1DBF1DE901FF
:1036A0006A017B018F014091620F5091630F60911D
:1036B000640F7091650F84179507A607B70749F542
:1036C000F8018789803169F5B701A601552766277A
:1036D0007727440F551F4E59524FFA01808191812F
:1036E000B0E0A0E088839983AA83BB8381E0BFCF49
:1036F000803209F0BBCFC388D488E588F688DB0127
:10370000CA01C7E0B695A79597958795CA95D1F751
:10371000C2CF40E0BC01CD010E94521A8111D0CF2E
:10372000A5CFB701A6014F77552766277727440F06
:10373000551F440F551F4E59524FFA0180819181F8
:10374000A281B381BF70CECF4F925F926F927F9272
:10375000AF92BF92CF92DF92EF92FF920F931F939F
:10376000CF93DF9300D01F92CDB7DEB78C01498392
:103770005A836B837C835901C12CD12C7601412C57
:1037800082E0582E612C712C49815A816B817C8199
:103790009E012F5F3F4FC8010E94211B882319F112
:1037A000F8018585A301920104C0220F331F441F35
:1037B000551F8A95D2F7DA01C901C80ED91EEA1E33
:1037C000FB1E49815A816B817C8187898031F1F4AC
:1037D00081E0483F5F4F61057105B0F2F501C0829D
:1037E000D182E282F3820F900F900F900F90DF91C1
:1037F000CF911F910F91FF90EF90DF90CF90BF90EE
:10380000AF907F906F905F904F90089581E0483F18
:103810005F4F6F4F7F4008F4B7CFE0CF0F931F93F8
:10382000CF93DF93FC012381222331F080E0DF91ED
:10383000CF911F910F9108958B01EC01FB018789B6
:10384000803139F582E08B831D8A1E8A1F8A188E8B
:10385000808D918DB0E0A0E025E0880F991FAA1F10
:10386000BB1F2A95D1F7898B9A8BAB8BBC8B1A8F98
:10387000098F81E089831C821D821E821F82188627
:1038800019861A861B861C861D861E861F86188A28
:10389000CECF803259F683E08B83428D538D648D79
:1038A000758D4D8B5E8B6F8B788F9E012F5E3F4F9A
:1038B000C8010E94A41B8111DACFB8CF8F929F92CA
:1038C000AF92BF92CF92DF92EF92FF920F931F932E
:1038D000CF93DF93EC018B8181110EC080E0DF91EB
:1038E000CF911F910F91FF90EF90DF90CF90BF90FD
:1038F000AF909F908F90089509891A892B893C89F0
:10390000041715072607370748F34A015B01823081
:1039100031F488869986AA86BB8681E0E0CF81143F
:103920009104A104B10449F41C821D821E821F82ED
:10393000188619861A861B86F0CF088519852A8570
:103940003B85E98DFA8D858590E00996B901A8013E
:103950004150510961097109082E04C07695679597
:10396000579547950A94D2F775016401E1E0CE1AA4
:10397000D108E108F10804C0F694E794D794C794FD
:103980008A95D2F7C416D506E606F70620F0012B75
:10399000022B032B11F58D899E89AF89B88D8C83FD
:1039A0009D83AE83BF838E010C5F1F4FC114D10472
:1039B000E104F10409F4ADCF4C815D816E817F811A
:1039C0009801898D9A8D0E94211B91E0C91AD10816
:1039D000E108F1088111EACF81CFC41AD50AE60ABD
:1039E000F70AE1CF40E050E0BA010C945E1C3F9230
:1039F0004F925F926F927F928F929F92AF92BF92FF
:103A0000CF92DF92EF92FF920F931F93CF93DF93AA
:103A1000CDB7DEB72C970FB6F894DEBF0FBECDBF83
:103A20005C01DC0159968D909C90F4018185928512
:103A3000A385B4859C01AD012F5F3F4F4F4F5F4F72
:103A400029873A874B875C87D50114964D905D9006
:103A50006D907C901797411451046104710409F42E
:103A600059C0BFEF4B1A5B0A6B0A7B0A312C7301FA
:103A700062011D821E821F821886F4018185928553
:103A8000A385B4852D813E814F815885281739073C
:103A90004A075B0708F056C089859A85AB85BC85C7
:103AA0008C159D05AE05BF0550F482E0C82ED12CC3
:103AB000E12CF12C92E0492E512C612C712C9E01AD
:103AC0002F5F3F4FB701A601C4010E94211B88232D
:103AD000C9F189819A81AB81BC81892B8A2B8B2B7F
:103AE00001F1260137019FEF491A590A690A790A3B
:103AF0002D813E814F8158852F5F3F4F4F4F5F4F44
:103B00002D833E834F8358873FEFC31AD30AE30ABE
:103B1000F30AB3CF408051806280738033243394A2
:103B2000A6CFC414D504E604F70411F70FEF1FEF76
:103B30002FEF3FE0B701A601C4010E948F1A782E33
:103B400081111AC0712C872D2C960FB6F894DEBF08
:103B50000FBECDBFDF91CF911F910F91FF90EF90DE
:103B6000DF90CF90BF90AF909F908F907F906F909D
:103B70005F904F903F900895F50144815581668193
:103B80007781411551056105710539F0970186016D
:103B9000C4010E948F1A8823A9F2D5011496CD92F0
:103BA000DD92ED92FC921797332051F0D701C601B8
:103BB0000196A11DB11DF40180839183A283B3837B
:103BC000F50185899689A789B08D892B8A2B8B2B46
:103BD00009F0B9CFC58AD68AE78AF08E81818068DC
:103BE0008183B1CFCF93DF93EC01462F41706C8579
:103BF0007D858E859F850E94521A882351F0888981
:103C000020E2829FC00111248E59924FDF91CF9103
:103C1000089590E080E0FACFCF93DF93EC018B81A1
:103C2000882349F1898187FF22C061E0CE010E948B
:103C3000F21DFC01892BF9F08081853EE1F08B813A
:103C4000823040F489899A89AB89BC89848F958FA9
:103C5000A68FB78F8D899E89938F828F8D899E893C
:103C6000AF89B88DB58BA48B89818F778983DF91DC
:103C7000CF910C94B01981E0888380E0DF91CF91DF
:103C800008952F923F924F925F926F927F928F9200
:103C90009F92AF92BF92CF92DF92EF92FF920F93DB
:103CA0001F93CF93DF9300D01F92CDB7DEB78C0167
:103CB0004B011A01DC0113968C911397813009F0A6
:103CC000CAC011968C9181FFC6C082FDB0C061014F
:103CD000D80118964D915D916D917C911B97C114FF
:103CE000D10409F41AC159968D919C915A97FC01FF
:103CF00074802FEF270D2A013B0139E076946794F9
:103D0000579447943A95D1F7722E74207A01F1E0D6
:103D1000FF22711020C0E114F104E9F414964D91D2
:103D20005D916D917C911797411551056105710564
:103D300009F097C055968D919D910D90BC91A02D45
:103D40000097A105B10509F0A5C0C8010E94F71CA4
:103D5000882309F480C080E092E08E199F09560103
:103D60008C159D0508F45C01D80159964D915C9124
:103D70005A9714968D919D910D90BC91A02D02970C
:103D8000A109B109FA01258504C0880F991FAA1F4E
:103D9000BB1F2A95D2F74685578560897189840FA4
:103DA000951FA61FB71F9C01AD01270D311D411D99
:103DB000511D29013A01A11432E0B30609F078C07F
:103DC0008091620F9091630FA091640FB091650F85
:103DD000481659066A067B0669F410926A0F8FEF3F
:103DE0009FEFDC018093620F9093630FA093640FA9
:103DF000B093650F9401B301A20180916B0F909174
:103E00006C0F0E944919882331F1F8018085918552
:103E1000A285B3858A0D9B1DA11DB11D8087918749
:103E2000A287B3878A0C9B1CCA18DB0851CFF80104
:103E3000418952896389748980859185A285B3857A
:103E4000481759076A077B0709F441CFC8010E9448
:103E50005E1C81113CCF81E0D8018C938FEF9FEFE6
:103E600072C09E012F5F3F4F0E94211B882399F350
:103E700089819A81AB81BC81F801218D328DF90154
:103E80002789203169F4883FFFEF9F07A105B1051D
:103E900008F05BCFF80184839583A683B7835BCF5B
:103EA000883F2FEF9207A2072FE0B20798F34DCF7C
:103EB000E114F10451F5D80118964D915D916D9181
:103EC0007C911B9751968D919D910D90BC91A02D49
:103ED000481759076A077B07C0F00E94B01988236A
:103EE00009F4B9CF81E080936A0F4092620F50923B
:103EF000630F6092640F7092650FA501B401C70152
:103F00008E59924F0E947DF780CF41E0C301B201EC
:103F10000E94521A8111F1CF9ECFF80181899289B6
:103F2000A389B48984179507A607B70738F4818158
:103F3000418B528B638B748B80688183F801818104
:103F400083FD18C0C1010F900F900F900F90DF916B
:103F5000CF911F910F91FF90EF90DF90CF90BF9086
:103F6000AF909F908F907F906F905F904F903F9019
:103F70002F900895C8010E940C1E8111E3CF6BCFD2
:103F8000CF93DF931F92CDB7DEB7698341E050E056
:103F9000BE016F5F7F4F04960E94411E0F90DF911C
:103FA000CF910895CF93DF93EC010E940C1E1B82EA
:103FB000DF91CF910895FC01238121110C94D21F30
:103FC0000895CF93DF93EB01FC012381211104C0FD
:103FD00080E0DF91CF9108952250223028F48FE2C3
:103FE0008883198281E0F5CF60E00E94F21D00977E
:103FF00079F3DC0160E080E09EE22D91203299F0BF
:10400000883031F49E01260F311DF90190836F5FD6
:104010009E01260F311DAD0141505109FA01408129
:10402000F90140836F5F8F5F8B3039F7FE01E60F38
:10403000F11D1082D7CF2F923F924F925F926F92D5
:104040007F928F929F92AF92BF92CF92DF92EF9228
:10405000FF920F931F93CF93DF9300D01F92CDB7A2
:10406000DEB79C838B834B017A01DC0113968C9124
:10407000811119C08FEF9FEF0F900F900F900F904D
:10408000DF91CF911F910F91FF90EF90DF90CF9034
:10409000BF90AF909F908F907F906F905F904F9068
:1040A0003F902F900895EB81FC81818180FFE2CFCA
:1040B00001891289238934894085518562857385F8
:1040C000C701B0E0A0E028013901441A550A660A88
:1040D000770A481659066A067B0618F47801E41A2E
:1040E000F50A67018B819C8104969A838983612CF0
:1040F00032E0732EC114D10409F4B7C0AB81BC8186
:1041000018964D915D916D917C911B975A01B1E08C
:10411000BB22EB81FC81818D928D1A012B0129E05C
:1041200056944794379427942A95D1F723812230C7
:1041300091F5DC015A966D917D918D919C915D97E1
:10414000620D731D841D951D83010A191B09C0167C
:10415000D10608F486010115B2E01B0771F4209125
:10416000620F3091630F4091640F5091650F621799
:1041700073078407950709F059C040E00E94521A5E
:10418000882309F477CFB5016E59724FA801C40195
:104190000E947DF757C0FC01148111501221A11417
:1041A000B10481F411110EC0452B462B472B79F534
:1041B000EB81FC8185899689A789B08D848395835D
:1041C000A683B783AB81BC815996ED91FC915A9738
:1041D00014966D917D918D919C9117976250710904
:1041E00081099109258504C0660F771F881F991FD3
:1041F0002A95D2F72685378540895189620F731F2A
:10420000841F951F610F711D811D911D9DCFAB8175
:10421000BC8114964D915D916D917C911797298188
:104220003A810E94211B8111CDCF24CF9401AB0193
:10423000BC0180916B0F90916C0F0E94EF19882345
:1042400009F418CF800E911EEB81FC818085918549
:10425000A285B385800F911FA11DB11D8087918715
:10426000A287B387C01AD10A45CFC70105CFDF9215
:10427000EF92FF920F931F93CF93DF938C01EB018B
:104280007A018DE0D82E40E250E0BE01C8010E94C4
:104290001B208032910571F021E0892B09F420E088
:1042A000822F8195DF91CF911F910F91FF90EF9019
:1042B000DF90089528812223C1F1253E21F32E327B
:1042C00011F3E114F10439F13B853F733F3019F5E7
:1042D0004A8D5B8D452BF9F42F713FEF320F323051
:1042E000D0F42150330BD29EC001D39E900D1124E7
:1042F000D701A80FB91FFE0120E0AD01253078F4E9
:1043000031813D932F5F32962D30C1F7288126FFF2
:1043100002C0FA0115862B8523FDB5CFC3CF2B3004
:1043200010F43481EECF3681ECCF80E0BBCF4F92DA
:104330005F926F927F92AF92BF92CF92DF92EF9295
:10434000FF920F931F93CF93DF931F92CDB7DEB7EA
:104350008C017B015A01C22EDB0159968D919C91F3
:10436000F801928F818FCB010E94F21C712CF70112
:1043700080859185A285B385418952896389748935
:1043800084179507A607B70708F052C055E0B69501
:10439000A795979587955A95D1F7F82FFF70DF2E3F
:1043A000D70113968C91823010F480E0DBC041E09D
:1043B00050E0BE016F5F7F4FC7010E941B20019735
:1043C000A1F7F70180859185A285B3854F96A11D40
:1043D000B11D80879187A287B387F0E2DF9EB0018D
:1043E00011246E59724F61157105F9F2DB018C9140
:1043F000882341F0853E09F04CC0772029F07724CE
:104400007394B5CF71100EC08091620F9091630FBD
:10441000A091640FB091650FF80184879587A687F6
:10442000B787D08ADB018C918111E9CF772473940F
:104430008C2D8274823409F0B8CF772009F4A2C0A1
:10444000F801D08861E0C8010E94F21D009709F4CC
:10445000ACCF20E2DC011D922A95E9F72BE0F501B3
:10446000DC0101900D922A95E1F721E238E2FC018E
:10447000318B208B40E058E057874687338B228B67
:10448000318F208F578B468B0E94B019811109C044
:104490008CCF4BE050E0C5010E9470F7892B09F0EA
:1044A00066CFF0E2DF9ED00111249D012E59324FDC
:1044B000F9018385817121F08C2D827109F0FCC096
:1044C000F801818D928D4091620F5091630F609140
:1044D000640F7091650F4487558766877787D08A08
:1044E000FD01EE59F24F44885588712C612C320140
:1044F00055244424D80155964D925D926D927C923C
:104500005897428D538D70E060E044295529662903
:10451000772955964D935D936D937C935897D90168
:104520001B962C91287109F0B9C0848D958DA68DAC
:10453000B78DF801818B928BA38BB48B81E0838341
:104540008C2D8F70F8018183148215821682178258
:10455000108611861286138681E0C4FE03C0C8014E
:104560000E9451730F90DF91CF911F910F91FF9097
:10457000EF90DF90CF90BF90AF907F906F905F9063
:104580004F900895D70113968C911397823009F4B8
:104590000CCF51968D919D910D90BC91A02D803E98
:1045A0009F4FAF41B10508F000CFC7010E94F71C33
:1045B000882309F4FACE0E94B019882309F4F5CEB5
:1045C000D7015996ED91FC915A9714964D905D90B4
:1045D0006D907C901797B2E04B1A510861087108F2
:1045E000858504C0440C551C661C771C8A95D2F73F
:1045F00086859785A089B189480E591E6A1E7B1E43
:1046000081E080936A0F4092620F5092630F609234
:10461000640F7092650FE2E6FDE080E092E0DF015A
:104620009C011D9221503040E1F7DD24D394D70145
:104630005996ED91FC918481D81698F422E63DE0DC
:10464000B301A2014D0D511D611D711D80916B0FB4
:1046500090916C0F0E944919882309F4A6CED39437
:10466000E6CF258580E092E0A0E0B0E004C0880FAE
:10467000991FAA1FBB1F2A95D2F7F70141895289BA
:1046800063897489840F951FA61FB71F818B928B36
:10469000A38BB48B82E69DE0D12CDBCE203161F47C
:1046A00098012F5E3F4F0E94A41B882329F084E0CD
:1046B000D80113968C9344CFD80113961C9275CED3
:1046C0002F923F924F925F926F927F928F929F9222
:1046D000AF92BF92CF92DF92EF92FF920F931F9310
:1046E000CF93DF93CDB7DEB7C254D1090FB6F8949C
:1046F000DEBF0FBECDBF4C015B016A01322E1982B5
:104700001C821C8E1F8E672B21F510E0CE014C966B
:104710000E94DB1FCE0101960E94DB1F812FCE5B22
:10472000DF4F0FB6F894DEBF0FBECDBFDF91CF9144
:104730001F910F91FF90EF90DF90CF90BF90AF90BF
:104740009F908F907F906F905F904F903F902F90B1
:104750000895FC0183818111D8CFFA0180818F32C5
:10476000C1F4CA016C010196F60120812F32D1F308
:10477000F50183818250823060F0618D728DCE01AF
:104780004C960E940E1C8E01045E1F4F811102C0C8
:10479000BCCF8501CE0101967C013C012E019CE13C
:1047A000490E511C2396EFAE23972F2CFE01F7964E
:1047B000CF010B96AF0120E22193E817F907D9F753
:1047C000960190E067E0D9018D91882351F18F32F5
:1047D00041F1282F8E3239F46A3009F496CF98E0EF
:1047E0006AE09D01F0CFE4E7FFE03491332321F04C
:1047F00031968313FACF89CF691708F486CF8132B7
:1048000008F483CF8F3709F480CF3FE9380F3A316E
:1048100010F420EE280FFA01E90FF11D20839F5FAD
:10482000E0CF8FA9803209F470CF6901F90180814E
:104830002F5F3F4F8F32C9F38823D9F021E0B801B1
:10484000C7010E949721882309F45FCF0A151B0531
:1048500019F0C8010E94D21F942D852D6E147F047B
:1048600021F023969FAD2397822D8701E92EF82E04
:104870009DCF232DB801C4010E949721182F46CF48
:104880001F93CF93DF93CDB7DEB76B970FB6F89436
:10489000DEBF0FBECDBFAB0119821C8222E0BC017E
:1048A000CE0101960E946023811110C010E0CE015C
:1048B00001960E94DB1F812F6B960FB6F894DEBF26
:1048C0000FBECDBFDF91CF911F910895CE0101960C
:1048D0000E945173882351F361E0CE0101960E943A
:1048E000F21D009719F325EEFC0120831C820E9423
:1048F000B019182FDCCF29E033E0FC01318320838D
:1049000004960C94DB1F5F9AE8EAF7E010828A9A1B
:1049100011829FB7F894A8E0B1E08C9181608C93EC
:104920009FBF1282129A08954F925F926F927F9268
:104930008F929F92AF92BF92CF92DF92EF92FF92AF
:104940000F931F93CF93DF93EC01209127073091B2
:1049500028074091290750912A07688179818A8127
:104960009B810E9412F46B017C0160910116709191
:104970000216072E000C880B990B0E9472ED9B010A
:10498000AC01C701B6010E9412F46B017C012091B9
:104990002B0730912C0740912D0750912E076C81E9
:1049A0007D818E819F810E9412F44B015C01609198
:1049B000031670910416072E000C880B990B0E94A9
:1049C00072ED9B01AC01C501B4010E9412F44B01D0
:1049D0005C01A70196016091080270910902809123
:1049E0000A0290910B020E946BED882309F44AC0E1
:1049F000C0920802D0920902E0920A02F0920B02E1
:104A00002091B7063091B8064091B9065091BA0688
:104A1000C701B6010E94D1ED2B013C010E94B5F502
:104A20006B017C0120E030E0A9010E946BED87FD65
:104A30006AC020E030E040E450E4C701B6010E94C3
:104A400073F618162CF4C12CD12CC0E4EC2EFE2CDD
:104A5000A7019601C301B2010E9412F46093A70658
:104A60007093A8068093A9069093AA06C701B60181
:104A70000E947FF56093A60663300CF048C06F5F1C
:104A80006093A506D09103021091A606A50194019A
:104A900060910402709105028091060290910702D4
:104AA0000E946BED811135C0D1137DC02091870626
:104AB000309188064091890650918A066091A70638
:104AC0007091A8068091A9069091AA060E94D1ED46
:104AD00020918B0630918C0640918D0650918E0668
:104AE0000E9413F4DF91CF911F910F91FF90EF90EF
:104AF000DF90CF90BF90AF909F908F907F906F90FE
:104B00005F904F900895C12CD12C7601A1CF64E025
:104B1000B7CF8092040290920502A0920602B09252
:104B200007022091BB063091BC064091BD06509112
:104B3000BE06C501B4010E94D1ED4B015C010E948B
:104B4000B5F56B017C0120E030E0A9010E946BED1E
:104B500087FDE9C020E030E040E450E4C701B60141
:104B60000E9473F618162CF4C12CD12CB0E4EB2E55
:104B7000FE2CA7019601C501B4010E9412F46093B6
:104B8000A1067093A2068093A3069093A406C70182
:104B9000B6010E947FF56093A00663300CF0C7C099
:104BA0006F5F60939F06C091A006D11305C08091EE
:104BB00002028C1709F46CC010930302C093020226
:104BC0000C2E000CDD0B25E01203C0011124FC01AA
:104BD000EC0FFD1FEE0FFF1FEE0FFF1FE95CF84FFC
:104BE000208131814281538120939B0630939C0622
:104BF00040939D0650939E0600919F06002E000C48
:104C0000110BFC01E00FF11FEE0FFF1FEE0FFF1F56
:104C1000E95CF84F60817181828193810E9412F476
:104C200060939706709398068093990690939A06DE
:104C30002091A50635E02303F0011124CE0FDF1FDC
:104C4000CC0FDD1FCC0FDD1FC95CD84F2881398107
:104C50004A815B8120939306309394064093950696
:104C600050939606E00FF11FEE0FFF1FEE0FFF1F90
:104C7000E95CF84F60817181828193810E9412F416
:104C800060938F067093900680939106909392069E
:104C90008090A1069090A206A090A306B090A406D2
:104CA00020919706309198064091990650919A0666
:104CB000C501B4010E94D1ED20919B0630919C0664
:104CC00040919D0650919E060E9413F46B017C0159
:104CD000C0928B06D0928C06E0928D06F0928E06E2
:104CE00020918F0630919006409191065091920646
:104CF000C501B4010E94D1ED209193063091940634
:104D000040919506509196060E9413F4A7019601D2
:104D10000E9412F460938706709388068093890638
:104D200090938A06C3CEC12CD12C760122CF64E0A9
:104D300038CF1F93CF93DF93CDB7DEB72C970FB645
:104D4000F894DEBF0FBECDBF882331F02091051649
:104D500030910616232BD1F0909116168917B1F0D9
:104D6000182F8CE0E5E6F2E0DE01119601900D923D
:104D70008A95E1F7CE0101960E94942410931616AD
:104D800011110EC082E090E00E941B142C960FB609
:104D9000F894DEBF0FBECDBFDF91CF911F91089574
:104DA00084ED97E00E94D4CCF1CF80E00E94992658
:104DB00010920816109207161092061610920516F9
:104DC00010920416109203161092021610920116F9
:104DD000E7E3F7E02BE937E080E090E0A0ECBFE705
:104DE00080839183A283B38384839583A683B783CF
:104DF00080879187A287B38784879587A687B7879F
:104E0000808B918BA28BB38B74962E173F0741F743
:104E10000895BC018DE292E10E9428BD67E771E030
:104E200080E090E00C94BBB54F925F926F927F92BE
:104E30008F929F92AF92BF92CF92DF92EF92FF92AA
:104E40000F931F93CF93DF935C014B018A01E9011C
:104E5000409022025090230260902402709025021C
:104E6000FA0120813181428153816091DC07709188
:104E7000DD078091DE079091DF070E946BED87FFD1
:104E80002EC0C880D980EA80FB8020E030E0A901F4
:104E9000B601C7010E946BED811108C0E5E0FFE09B
:104EA00085919591A591B4916C017D01C601D701C1
:104EB0008093220290932302A0932402B0932502B0
:104EC000F80180819181A281B3818093DC07909366
:104ED000DD07A093DE07B093DF070E94D117C880DB
:104EE000D980EA80FB8020E030E0A901C701B6014B
:104EF0000E946BED811108C0C0901D02D0901E026F
:104F0000E0901F02F0902002C0922202D092230271
:104F1000E0922402F0922502F50180819181A28124
:104F2000B3818093D4079093D507A093D607B0930D
:104F3000D707F40180819181A281B3818093D80742
:104F40009093D907A093DA07B093DB070E94D1179B
:104F5000F80120813181428153816091DC07709199
:104F6000DD078091DE079091DF070E9473F6181627
:104F7000A4F5D880E980FA80CB8120E030E0A90157
:104F80006D2D7E2D8F2D9C2F0E946BED81110AC0FF
:104F9000E5E0FFE085919591A591B491D82EE92E99
:104FA000FA2ECB2F8D2D9E2DAF2DBC2F809322025C
:104FB00090932302A0932402B0932502F8018081EC
:104FC0009181A281B3818093DC079093DD07A09348
:104FD000DE07B093DF070E94D1170E94FDB5409213
:104FE0002202509223026092240270922502DF91E5
:104FF000CF911F910F91FF90EF90DF90CF90BF90D6
:10500000AF909F908F907F906F905F904F9008959A
:105010009B01AC0168ED77E084ED97E00C941427D8
:10502000CF92DF92EF92FF921F93CF93DF93CDB792
:10503000DEB72C970FB6F894DEBF0FBECDBF9091B0
:105040008B1B981709F46BC0182F80E090E0A0E24A
:10505000B1E48D839E83AF83B887C090B907D090A9
:10506000BA07E090BB07F090BC0720E030E0A90150
:10507000C701B6010E946BED87FF0CC0A701960126
:1050800060E070E080E291E40E9412F46D837E8320
:105090008F8398872D813E814F8158856091DC07F1
:1050A0007091DD078091DE079091DF070E946BED24
:1050B00087FF0BC019821A821B821C82BE016F5FA0
:1050C0007F4FCE0105960E9408288091D4079091C9
:1050D000D507A091D607B091D70789879A87AB8764
:1050E000BC878091D8079091D907A091DA07B09139
:1050F000DB078D839E83AF83B88719821A821B8258
:105100001C829E012F5F3F4F4CED57E0BE016B5F4D
:105110007F4FCE0109960E94142710938B1B80E0CD
:105120002C960FB6F894DEBF0FBECDBFDF91CF91A6
:105130001F91FF90EF90DF90CF90089580E1E4ED14
:10514000F7E0A6E1B7E001900D928A95E1F70895A6
:105150009091EF10E92FF0E0E856F44E80839F5FC6
:10516000943040F49093EF108091F0108F5F809313
:10517000F01008951092EF10F7CFDF92EF92FF92A8
:105180000F931F93CF93DF93CDB7DEB76E970FB614
:10519000F894DEBF0FBECDBF60916D0F70916E0FA2
:1051A0006115710569F14DE150E08E010F5F1F4FF0
:1051B000C8010E9412ED1E8EF8017F01E01AF10A6B
:1051C000D190DD2019F08AE0D812F7CFF801EE0D6A
:1051D000FF1D1082C8010E940372882389F090E0AD
:1051E00080E0DD2049F08FEFE81AF80A80916D0F1A
:1051F00090916E0F8E0D9F1D90936E0F80936D0F8B
:1052000081E020916D0F30916E0F232B09F480E027
:105210006E960FB6F894DEBF0FBECDBFDF91CF9173
:105220001F910F91FF90EF90DF9008950F931F93C0
:10523000CF93DF93CDB7DEB72C970FB6F894DEBFD0
:105240000FBECDBFE4EDF7E080859185A285B385E3
:10525000448155816681778100811181228133816A
:1052600009831A832B833C834D835E836F83788706
:1052700089879A87AB87BC87AE01475F5F4FBE01C6
:105280006B5F7F4FCE0101960E9453CD20EE37E039
:10529000AE01475F5F4FBE016B5F7F4FCE0101964E
:1052A0000E946FBF2C960FB6F894DEBF0FBECDBF25
:1052B000DF91CF911F910F91089588E893E190932A
:1052C0005A1B8093591B80916F008D7F80936F00D4
:1052D0009091BE118091BF11981719F00E9407B6E6
:1052E000F7CF10925C1B10925B1B80916F00826065
:1052F00080936F008FB7F8941092851610928616DF
:1053000010928716109288168FBF0E94FDB584E612
:1053100090E00E941B140C9416292F923F924F92FA
:105320005F926F927F928F929F92AF92BF92CF9235
:10533000DF92EF92FF920F931F93CF93DF93CDB73E
:10534000DEB72C970FB6F894DEBF0FBECDBF7C0141
:105350002A013B011801590182E0E816F10409F025
:1053600098C020E030E0A901CB01B2010E946BEDB2
:1053700087FF8FC00E94F775DD24D3948701000F4B
:10538000111F000F111FF801EC52F84F4F0110824E
:105390001182128213820E941629F40140825182E6
:1053A00062827382C090A70720E030E0A901B101BA
:1053B000C5010E946BED811109C0F801E350F14F66
:1053C00085919591A591B4911C015D018091DC07B7
:1053D0009091DD07A091DE07B091DF074091D807DB
:1053E0005091D9076091DA077091DB074090D4079C
:1053F0005090D5076090D6077090D70749825A829F
:105400006B827C824D835E836F83788789879A87DE
:10541000AB87BC878091B40781110AC0AE01475F9A
:105420005F4FBE016B5F7F4FCE0101960E9453CD4F
:105430007101850120EE37E0AE01475F5F4FBE018D
:105440006B5F7F4FCE0101960E9432C00E94FDB576
:10545000DD2021F08AE590E00E94092710929C1B34
:105460002C960FB6F894DEBF0FBECDBFDF91CF9163
:105470001F910F91FF90EF90DF90CF90BF90AF9072
:105480009F908F907F906F905F904F903F902F9064
:105490000895D12C73CFCF92DF92EF92FF921F939A
:1054A000CF93DF9300D000D01F921F92CDB7DEB70D
:1054B0006D837E838F83988769017A010E94F775D7
:1054C000811128C020E030E040E752E4C701B60176
:1054D0000E940DF569837A838B839C83BE016F5F85
:1054E0007F4FCE0105960E94082880919C1B182FA3
:1054F000147082FF04C08AE590E00E940927109290
:105500009C1B82E090E00E941B140E94162981E0FF
:10551000111180E028960FB6F894DEBF0FBECDBF04
:10552000DF91CF911F91FF90EF90DF90CF90089582
:105530000F931F93CF938091FA059091FB050097ED
:10554000E9F0FC018F01C1912C2F2F7D81F0C53432
:1055500011F0C536B9F7F801108270E060E00E94E2
:1055600062E9F801C083CF911F910F91089570E017
:1055700060E0CF911F910F910C9462E960E070E0C0
:10558000CB01F1CF2FEB280F2A3168F5422F50E0E5
:10559000FA0183E0F595E7958A95E1F7EC50FA4F2B
:1055A0009081892F90E0277002C0959587952A9564
:1055B000E2F780FD02C08170089546525A4FFA0109
:1055C0008081882369F02091D0063091D106820F26
:1055D000932F911D9093FB058093FA0581E0089528
:1055E00090E080E0F7CF80E008950E94C22A8823EF
:1055F00041F081E02091FA053091FB05232B09F45D
:1056000080E00895CF92DF92EF92FF920F931F9365
:10561000CF93DF9381E8C82E82E0D82E96E1E92E61
:1056200097E0F92E04ED17E0D0E0C0E0F60181919B
:105630006F010E94C22A882309F44EC00E94982A52
:105640009B01AC01FE01E350FA4F8081811104C03F
:10565000809101068823E1F1F801608171818281E6
:1056600093810E9413F4F701608371838283938393
:105670002196F4E0EF0EF11C0C5F1F4FC430D105F2
:10568000A9F686E40E94F52A8823C9F00E94982A88
:1056900020E030E0A9010E9473F6181684F40E94FD
:1056A000982A20E030E040E752E40E940DF5609334
:1056B0002202709323028093240290932502DF91AB
:1056C000CF911F910F91FF90EF90DF90CF900895B1
:1056D00060E070E0CB01C5CFF80180819181A281AB
:1056E000B381F70180839183A283B383C1CF0E94EA
:1056F00051AD6093F1067093F2068093F306909398
:10570000F40608958091D4059091D505A091D60511
:10571000B091D7058093220290932302A093240294
:10572000B09325028091D2059091D30590933402D5
:10573000809333020C94772B809122029091230264
:10574000A0912402B09125028093D4059093D505B1
:10575000A093D605B093D70580913302909134027F
:105760009093D3058093D20584E690E09093340221
:10577000809333020C94772B9091C00095FFFCCF5F
:105780008093C60008957F928F929F92AF92BF92AE
:10579000CF92DF92EF92FF920F931F93CF93DF93FD
:1057A0001F92CDB7DEB7E0910016E11138C0590164
:1057B0007C018B016B01C40ED51E0C151D0579F102
:1057C000F70180809180F80171908F017982C40186
:1057D0000E9489F3781691F1672DC4010E9491F31C
:1057E000C4010E9489F39981891741F109EF13E1FE
:1057F000F80184910F5F1F4F81110BC004E81FE077
:10580000F80184910F5F1F4F882331F00E94BC2B59
:10581000F7CF0E94BC2BECCF81E0809300160F9055
:10582000DF91CF911F910F91FF90EF90DF90CF907C
:10583000BF90AF909F908F907F900895BE016F5F53
:105840007F4FC5010E944C75F701808191810196BF
:1058500091838083B2CF4F925F926F927F928F92AB
:105860009F92AF92BF92EF92FF920F931F93CF93AD
:10587000DF93EC01FC01E65BF04F1491029709F411
:1058800044C07E01EE0CFF1CEE0CFF1CF701E25C35
:10589000F04F4590559065907490612F110F770BE4
:1058A000880B990B0E9472ED4B015C0120E030E007
:1058B00040EC5FE3C301B2010E94D1EDA501940168
:1058C0000E94D1EDAB01BC0100E010E09801CE01D7
:1058D0000E948D29F701EE5CF04FC230D10551F5E1
:1058E0000AE31FE0F801659175918591949120E09C
:1058F00030E040EA50E40E946BEDF80187FF1AC0E7
:10590000E0E070E060EA80E41DC081E00E941028C1
:10591000882309F4B6CFDF91CF911F910F91FF90AB
:10592000EF90BF90AF909F908F907F906F905F901F
:105930004F90089585919591A591B491E82F792F75
:105940006A2F8B2F2E2F372F462F582FC501B401CA
:105950000E94D1ED4B015C0120E030E0A9010E94E2
:105960006BED882309F447C000E010E09801B50111
:10597000A4017058CE010E948D29FE01E15DF04F17
:105980006491611117C009EF13E1F80184910F5F71
:105990001F4F81110BC00DE01FE0F80184910F5FD4
:1059A0001F4F882331F00E94BC2BF7CF0E94BC2BE5
:1059B000ECCF6AE0F701E350F14F459055906590C8
:1059C000749070E090E080E00E9472ED9B01AC0169
:1059D000C301B2010E940DF52B013C01A501940108
:1059E000C501B4010E9413F4AB01BC019301820113
:1059F000CE010E948D2981E0FE01E251F94F8083A2
:105A0000FE01E855F84F8083F701EE51F94F1082FF
:105A1000118212821382CE010E940B13F701EF5004
:105A2000F14F259135914591549187010C52184FB2
:105A3000F701E95DF84F60817181828193810E9455
:105A400013F4F8016083718382839383C230D1059C
:105A5000D1F42091B9073091BA074091BB0750911A
:105A6000BC076091DC077091DD078091DE079091A3
:105A7000DF070E9412F46093DC077093DD078093C8
:105A8000DE079093DF070E941629D701AA5EB84F60
:105A9000F701EC52F84F40815181628173814D933F
:105AA0005D936D937C931397229709F034CF80E038
:105AB000DF91CF911F910F91FF90EF90BF90AF902A
:105AC0009F908F907F906F905F904F900C941028D4
:105AD000CF92DF92EF92FF92CF93DF9380912102DA
:105AE000882321F086E197E00E94BC110E94772B69
:105AF0008091531683FD6FC0C0902207D09023077A
:105B0000E0902407F09025072091E0073091E1070D
:105B10004091E2075091E307C701B6010E946BED87
:105B2000882309F458C00E94C4BE8823E1F0C092C3
:105B3000E007D092E107E092E207F092E307C9EFB5
:105B4000D3E1FE018491219681110AC0CBE3DEE00E
:105B5000FE0184912196882331F00E94BC2BF8CF5E
:105B60000E94BC2BEECFC0902207D0902307E0907C
:105B70002407F09025072091E0073091E10740913C
:105B8000E2075091E307C701B6010E9412F420E03A
:105B900030E04AE754E40E9473F61816E4F4C09229
:105BA000E007D092E107E092E207F092E307C9EF45
:105BB000D3E1FE018491219681110AC0CCE1DEE09F
:105BC000FE0184912196882331F00E94BC2BF8CFEE
:105BD0000E94BC2BEECFC0902202D0902302E09016
:105BE0002402F0902502209116073091170740916A
:105BF0001807509119076091D4077091D5078091CB
:105C0000D6079091D7070E946BED811120C020919B
:105C10001A0730911B0740911C0750911D07609196
:105C2000D8077091D9078091DA079091DB070E941D
:105C30006BED81110CC0C701B6010E94AF14DF915A
:105C4000CF91FF90EF90DF90CF900C940113609173
:105C5000330270913402072E000C880B990B0E94BE
:105C600072EDA70196010E94D1ED2AE037ED43E2E3
:105C70005CE30E94D1ED209116162223F1F22091CF
:105C8000B4072111DACF2FEF3FEF4FEF5FEFDF9136
:105C9000CF91FF90EF90DF90CF900C941815CF9399
:105CA000DF930E94772BE091E407F0E0E856F44E92
:105CB0008081882379F0C9E1DEE0FE01849121969C
:105CC000882319F00E94BC2BF8CF8AE0DF91CF9196
:105CD0000C94BC2BDF91CF9108951F93CF93DF934A
:105CE000CBE0D8E0FE0184912196811158C0CDEF20
:105CF000D7E0FE0184912196811154C0C6EED7E011
:105D0000FE0184912196811150C0C6EDD7E0FE01BD
:105D10008491219681114CC0C5ECD7E0FE0184919D
:105D20002196811148C0C3EBD7E014E4FE018491B1
:105D30002196811143C0C2EAD7E0FE0184912196E9
:105D4000811140C0C3E9D7E0FE0184912196811101
:105D50003CC0CEE7D7E0FE0184912196811138C086
:105D6000C8E6D7E0FE0184912196811134C0C3E5D5
:105D7000D7E0FE0184912196811130C0C6E3D7E0BF
:105D8000FE018491219681112CC0CEE1D7E0FE0165
:105D900084912196882341F10E94BC2BF8CF0E9468
:105DA000BC2BA0CF0E94BC2BA4CF0E94BC2BA8CFA1
:105DB0000E94BC2BACCF0E94BC2BB0CF81270E948D
:105DC000BC2BB4CF0E94BC2BB8CF0E94BC2BBCCF45
:105DD0000E94BC2BC0CF0E94BC2BC4CF0E94BC2B06
:105DE000C8CF0E94BC2BCCCFDF91CF911F910895DB
:105DF0008F929F92AF92BF92CF92DF92EF92FF92DB
:105E00000F931F93CF93DF93CDB7DEB7AC970FB649
:105E1000F894DEBF0FBECDBF80915F12882309F4D6
:105E200087C089E294E10E940C1E89E294E10E94FD
:105E3000D21F10925D1210925C1280915F12882323
:105E400009F476C0E090F805F090F9050E947B74A3
:105E50001D8218861C821B8289E093E09A838983C5
:105E60008BE892E19093AB128093AA12F7018081A4
:105E70008F3209F07BC06FE270E0C7010E94A4F787
:105E80008C010F5F1F4FCE0101965C0101151105BA
:105E900009F472C06FE270E0C8010E94A4F76C01BF
:105EA000009709F46AC00817190708F066C04C018A
:105EB000801A910AA401B801CE0180960E94CDF704
:105EC000E0E2F0E0EC0FFD1FE80DF91D10828E01FD
:105ED000005E1F4FF80181918F01882319F00E9405
:105EE000BC2BF8CF8AE00E94BC2B6091AA12709163
:105EF000AB126115710579F16C5F7F4F21E0AE0146
:105F0000405E5F4FCE0105960E946023811126C03E
:105F1000BE01605E7F4F81EC96E00E94A8BE8EE2DB
:105F20000E94BC2B8AE00E94BC2BC5010E947B24EE
:105F3000AC960FB6F894DEBF0FBECDBFDF91CF9108
:105F40001F910F91FF90EF90DF90CF90BF90AF9097
:105F50009F908F90089570E060E0D0CFB092AB1228
:105F6000A092AA1286010F5F1F4F90CF8CEA92E198
:105F70009093AB128093AA1287018091AA129091FC
:105F8000AB120097C1F00496B8010E9440249BE92F
:105F9000E92E96E0F92E882339F183EBE82E86E08E
:105FA000F82EF7018491FFEFEF1AFF0A882331F0F2
:105FB0000E94BC2BF6CF90E080E0E6CFF801819103
:105FC0008F01882319F00E94BC2BF8CF8AE00E9431
:105FD000BC2B1092F9141092FA141092FB14109228
:105FE000FC14CE010196A2CFF7018491FFEFEF1AC6
:105FF000FF0A882319F00E94BC2BF6CFF80181918B
:106000008F01882319F00E94BC2BF8CF8EE20E94EA
:10601000BC2BE7CF0F931F93CF93DF93182F092F3C
:10602000CAEED5E0FE0184912196811111C0C12FE5
:10603000D02FFE018491219681110DC0C1EDD5E0D4
:10604000FE0184912196882349F00E94BC2BF8CF51
:106050000E94BC2BE7CF0E94BC2BEBCFDF91CF91EE
:106060001F910F910895CF92DF92EF92FF920F93BD
:106070001F93CF93DF93CDB7DEB7A0970FB6F894F9
:10608000DEBF0FBECDBF611571058105910579F1A8
:1060900000E0C42ED12CF12CE12CA70196010E9426
:1060A000AFF311E0100FE1E0F0E0EC0FFD1FE00FA7
:1060B000F11D07FDFA956083B901CA01012F611531
:1060C00071058105910549F7115010F1E1E0F0E00B
:1060D000EC0FFD1FE10FF11D17FDFA95908187E38D
:1060E0009A3008F480E3890F0E94BC2BEDCF80E347
:1060F000A0960FB6F894DEBF0FBECDBFDF91CF9153
:106100001F910F91FF90EF90DF90CF900C94BC2BDC
:10611000A0960FB6F894DEBF0FBECDBFDF91CF9132
:106120001F910F91FF90EF90DF90CF900895EF9225
:10613000FF920F931F93CF93DF938C0184E50E940E
:10614000F52AD82F882391F10E944618C82F1816D7
:106150004CF589EFE82E83E1F82EF7018491FFEFEB
:10616000EF1AFF0A882319F00E94BC2BF6CF8DE4AA
:106170000E94BC2BB80190E080E04AE00E943330DE
:106180006C2FCC0F770B8AE795E00E948FBE8AE0D8
:106190000E94BC2B8D2FDF91CF911F910F91FF900B
:1061A000EF9008958093FC05D0E0F4CF8091A7078D
:1061B0008093FC05EFCFCF92DF92EF92FF926B01BD
:1061C0007C01F7FE0BC08DE20E94BC2BF094E094A2
:1061D000D094C094C11CD11CE11CF11C4AE0C70141
:1061E000B601FF90EF90DF90CF900C943330CF93B7
:1061F000DF938FB7F89490918606909385068FBFB2
:10620000C0E1DEE0FE0184912196882319F00E940E
:10621000BC2BF8CF6091330770913407809135071C
:10622000909136076F5F7F4F8F4F9F4F0E94DB30FB
:106230008AE00E94BC2BDF91CF910C944F2EFF92ED
:106240000F931F93CF93DF93082FF92E162FC3E2DE
:10625000D4E1FE018491219681110AC0C02FDF2D67
:10626000FE0184912196882331F00E94BC2BF8CF47
:106270000E94BC2BEECF6091330770913407809160
:106280003507909136070E94DB308AE00E94BC2BD4
:1062900011110E94F7301092CE051092CD05DF91BA
:1062A000CF911F910F91FF9008952F923F924F929F
:1062B0005F926F927F928F929F92AF92BF92CF9296
:1062C000DF92EF92FF920F931F93CF93DF931F9272
:1062D000CDB7DEB70E94BD28811141C3A0E6DA2EFA
:1062E0008091F010843008F06FC00E94A2139C01CE
:1062F00097FD6AC00091CD051091CE058A3019F046
:106300008D3009F081C11092CF050115110541F3BF
:10631000F801E359FA4F10821092CE051092CD0584
:106320002DE635E08901D9018C912F5F3F4F8032F6
:10633000C9F378018E3411F0F12CE12C6AE270E09F
:10634000C8010E94A4F75C01E114F10409F422C120
:1063500062E475E0C8010E9421ED4C01892B49F0EF
:106360006EE470E0C80104960E94A4F7009709F05B
:106370007C014AE050E070E060E0C70101960E94B5
:10638000C0EAAB01BC014093690550936A05609374
:106390006B0570936C058091330790913407A09141
:1063A0003507B09136070196A11DB11D4817590751
:1063B0006A077B0709F494C0892809F091C061E05D
:1063C0008FE095E00E941F3180915E12882309F4CE
:1063D000C6C28091F010811102C01092D105DD2457
:1063E000D3944091F9145091FA146091FB14709178
:1063F000FC148091F5149091F614A091F714B091CB
:10640000F814481759076A077B0708F4D12C10E0E5
:1064100000E064E6262E312C7FE0472E70E1572EF7
:10642000612C712CE4E88E2E912CA12CB12C809142
:10643000F010843008F093C2D11091C2D090D105F1
:10644000D1108DC28091311490913214A0913314E7
:10645000B09134148093F9149093FA14A093FB1420
:10646000B093FC1441E050E0BE016F5F7F4F89E2C2
:1064700094E10E941B202FEF3FEF019719F48981CF
:10648000282F30E0E22E8091F9149091FA14A09117
:10649000FB14B091FC144091F5145091F6146091E6
:1064A000F7147091F814FF24F39484179507A60746
:1064B000B70708F4F12C84179507A607B70708F467
:1064C000D1C056E6C52E55E0D52EF6018491FFEFDA
:1064D000CF1ADF0A882309F40FC10E94BC2BF5CF25
:1064E000A114B10401F180E0F12CF801E80FF11DD5
:1064F00090819A3219F08F5FF926F7CF4AE050E089
:1065000070E060E0C50101960E94C0EA8F2C912CDA
:10651000B12CA12C681579058A059B0541F061E035
:1065200080EF94E04FCF61E086EC94E04BCF809118
:10653000690590916A05A0916B05B0916C058093F7
:10654000330790933407A0933507B09336078091B3
:106550002602811125C067E470E0C8010E94A4F7FB
:106560000097F1F04AE050E070E060E001960E9490
:10657000C0EA64307105A0F4F5E2EF2EF4E0FF2EDE
:10658000F7018491FFEFEF1AFF0A882349F00E9478
:10659000BC2BF6CF892BD9F260E08CE994E012CFC6
:1065A0006DE473E0C8010E94AFF7892B11F41092DB
:1065B000380262E573E0C8010E94AFF7892B11F43D
:1065C0000E94F27067E573E0C8010E94AFF7892B63
:1065D00011F40E945D2980916D058B3309F480CE02
:1065E0008091F010843008F07BCE8091EF108D9D6B
:1065F000C00111246DE675E08159904F0E94B8F7F3
:1066000081E00E94A8286CCE0F3511050CF068CEF1
:106610008C35A1F40E94A21397FD62CE2091CF0584
:1066200021115ECE98012F5F3F4F3093CE0520930E
:10663000CD05F801E359FA4F808352CE8B3319F41C
:1066400081E08093CF058091CF05811149CEC801AB
:1066500001969093CE058093CD05F801E359FA4F4A
:1066600020833ECE2F3F3F4FC9F443E2C42E44E186
:10667000D42EF6018491FFEFCF1ADF0A81114FC1AA
:1066800087E5C82E85E0D82EF6018491FFEFCF1A5A
:10669000DF0A8823C9F00E94BC2BF6CF9AE0E916E6
:1066A00099F0ADE0EA1681F0B3E2EB1619F0EAE3F7
:1066B000EE1238C18091D005811134C123E2E2127B
:1066C00003C081E08093D1051092D005DF2C011525
:1066D000110509F4ACCE8091EF1090E6899F000D72
:1066E000111D1124F801E159F04F108280E00E9441
:1066F000A82810E000E09BCE0E94FDB589E294E15D
:106700000E94D21F80916314882309F4B3C0815082
:10671000809363142DE8829FC001112441E061E061
:1067200088599B4E0E941F83E091631484E0E89F88
:10673000F0011124EC59FB4E40815181628173813B
:106740004093F9145093FA146093FB147093FC1463
:1067500089E294E10E945E1C80915F12882319F007
:1067600081E080935E121092011580915F12882360
:1067700009F4C1C00E943C728091E807813009F0A1
:106780009DCF1092E807309265152092641595E030
:10679000C92EC092581522E8D22ED0925B1586E100
:1067A00090E1A0E0B0E080935C1590935D15A0931C
:1067B0005E15B0935F150E94217161E070E080E08A
:1067C00090E00E94657B3092651520926415C0921E
:1067D0005815D0925B158EE090E1A0E0B0E0809378
:1067E0005C1590935D15A0935E15B0935F150E94A4
:1067F000217161E070E080E090E00E94657B309262
:10680000651520926415C0925815D0925B15409280
:106810005C1550925D1560925E1570925F150E9436
:1068200021718091140B882309F46CC0A1E0BAE5B2
:10683000B0936515A0936415E9E0F0E0F093671557
:10684000E093661587E080935815D0925B1580928F
:106850005C1590925D15A0925E15B0925F150E9436
:1068600021711092CF071092160B1092EE07109222
:10687000E70724CF10925E126AE581E59DE00E9451
:10688000E3731092190B1092610D0E9438740196F7
:1068900079F43CE5C32E33E0D32EF60181916F01EC
:1068A000882319F00E94BC2BF8CF8AE00E94BC2BF1
:1068B00088E494E10E94D21F1092ED071092EC0739
:1068C0008BE495E090936E0F80936D0F0E94BD282E
:1068D0000E94D9700E9447746D337105810591053E
:1068E00008F441CFA7E4B5E0B0936E0FA0936D0F0D
:1068F0000E94BD2838CF0E94D07880915F1281110C
:1069000039CF3ACF81E09AE590936515809364156D
:10691000A3E3B0E0B0936715A093661593CF0E94F0
:10692000BC2BA7CE0F35110508F081CDABE3EA12E1
:1069300003C081E08093D0058091D005811177CD8F
:106940008091EF10F801B0E68B9FE00DF11D11244E
:10695000E159F04FE082D12C0F5F1F4F68CD0F90AF
:10696000DF91CF911F910F91FF90EF90DF90CF902B
:10697000BF90AF909F908F907F906F905F904F905F
:106980003F902F9008958F929F92AF92BF92CF9297
:10699000DF92EF92FF92CF936B017C01B42E20E047
:1069A00030E0A9010E946BED87FF07C08DE20E94D5
:1069B000BC2BF7FAF094F7F8F094C0E060E070E0D8
:1069C00080E09FE3CB1541F02DEC3CEC4CEC5DE31B
:1069D0000E94D1EDCF5FF6CF9B01AC01C701B6019C
:1069E0000E9413F46B017C010E9486F54B015C014F
:1069F0004AE00E943330CC2391F1C501B4010E94DA
:106A000070ED9B01AC01C701B6010E9412F46B014D
:106A10007C018EE20E94BC2BC15008F120E030E0E6
:106A200040E251E4C701B6010E94D1ED4B015C0187
:106A30000E947FF56B01770FEE08FF08C701B601D2
:106A40000E94DB30C701B6010E9472ED9B01AC01D0
:106A5000C501B4010E9412F46B017C01DDCFCF911E
:106A6000FF90EF90DF90CF90BF90AF909F908F906E
:106A700008957F928F929F92AF92BF92CF92DF92B2
:106A8000EF92FF920F931F93CF93DF93C8EBD5E064
:106A9000FE0184912196882319F00E94BC2BF8CF27
:106AA000C12CD12C7601C9E0C15021F080E20E94B6
:106AB000BC2BFACFC701B6010E94DB30FFEFCF1A23
:106AC000DF0AEF0AFF0A85E0C816D104E104F104E9
:106AD00051F78AE00E94BC2BC7E3D7E0C12CD12C30
:106AE000760180E20E94BC2BC701B6010E94DB3018
:106AF0008E0185E0782E80E20E94BC2BF801808018
:106B00009180A280B380A5019401C501B4010E94C7
:106B100005F781113DC020E030E0A901C501B401B5
:106B20000E9473F687FD03C08BE20E94BC2B45E0F8
:106B3000C501B4010E94C3347A940C5E1F4F7110DA
:106B4000DACF8AE00E94BC2B8FEFC81AD80AE80A75
:106B5000F80A249695E0C916D104E104F10409F677
:106B60008AE00E94BC2B85EA95E090936E0F80939B
:106B70006D0FDF91CF911F910F91FF90EF90DF90FC
:106B8000CF90BF90AF909F908F907F900C94BD2836
:106B9000B12C80E20E94BC2BB3948DE3F8E0BF12CD
:106BA000F9CFCACF7F928F929F92AF92BF92CF922E
:106BB000DF92EF92FF920F931F93CF93DF93CDB7A6
:106BC000DEB7C053D2400FB6F894DEBF0FBECDBFC4
:106BD00001E813E0D8018D918D01882319F00E94FE
:106BE000BC2BF8CF8AE00E94BC2B0CE913E0F80123
:106BF00081918F01882319F00E94BC2BF8CF8AE085
:106C00000E94BC2B4AE069E472E080E090E00E94C0
:106C100033308AE00E94BC2B4FE050E060E77FE019
:106C200081E59DE00E9412ED21E041E55DE06FE825
:106C300072E188E494E10E946023882309F439C258
:106C400061E081E59DE00E94E37349E452E069E17F
:106C50007BE088E494E10E941B2088E494E10E9498
:106C6000D21F03EA13E0D8018D918D01882319F01A
:106C70000E94BC2BF8CF8AE00E94BC2B6091190BBC
:106C800070E090E080E04AE00E9433308AE00E94A9
:106C9000BC2B6091610D70E090E080E04AE00E94C2
:106CA00033308AE00E94BC2B8091190B882309F4B1
:106CB0001DC29091610D891311C29FB7F894809104
:106CC00008018E7F809308019FBF00EB13E0F8015D
:106CD00081918F01882319F00E94BC2BF8CF8AE0A4
:106CE0000E94BC2B0AE11BE03AE2E32E3BE0F32ECC
:106CF000D8016D917D918D919D918D0142E00E9411
:106D0000C3348AE00E94BC2BE016F10689F760913B
:106D10002A0B70912B0B80912C0B90912D0B609373
:106D2000220270932302809324029093250242E072
:106D30000E94C3348AE00E94BC2B6091320B709198
:106D4000330B072E000C880B990B0E94DB308AE076
:106D50000E94BC2B6091340B7091350B072E000CF8
:106D6000880B990B0E94DB308AE00E94BC2B07ED58
:106D700013E0F80181918F01882319F00E94BC2B48
:106D8000F8CF8AE00E94BC2B6091360B7091370BD4
:106D9000072E000C880B990B0E94DB308AE00E94C2
:106DA000BC2B6091380B7091390B072E000C880BAF
:106DB000990B0E94DB308AE00E94BC2B60913A0B59
:106DC00070913B0B072E000C880B990B0E94DB3057
:106DD0008AE00E94BC2B10E000E09801245C344F54
:106DE0007901D7018D917D01882319F00E94BC2B78
:106DF000F8CF8AE00E94BC2B005A1F4F0038B1E048
:106E00001B0759F78E010F511E4F80E1F801282F03
:106E100011922A95E9F74E013FE0831A3EEF930A5B
:106E2000D401E82F1D92EA95E9F77E01FFEFEF1AF2
:106E3000FDEFFF0AD701E82F1D92EA95E9F76E01F1
:106E4000FFEECF1AFDEFDF0AD601E82F1D92EA957B
:106E5000E9F75E01FFEDAF1AFDEFBF0AD5011D9204
:106E60008A95E9F760911A0B70911B0B80911C0BAE
:106E700090911D0B23E041E00E94A0E860911E0B61
:106E800070911F0B8091200B9091210B840123E0C6
:106E900041E00E94A0E86091220B7091230B809149
:106EA000240B9091250B870123E041E00E94A0E88C
:106EB00020E030E040EA50E46091220B7091230B17
:106EC0008091240B9091250B0E9413F4850123E0FF
:106ED00041E00E94A0E820E030E040E450E460910E
:106EE000260B7091270B8091280B9091290B0E9403
:106EF00012F4860123E041E00E94A0E8DF92CF92E5
:106F0000FF92EF9284E69FE09F938F9388EF96E045
:106F10009F938F930E943BED1092ED071092EC0728
:106F2000005112400FB6F894DEBF0FBECDBF68010E
:106F300090E6792E24E0A22EB12C80903A0B90900E
:106F40003B0B1814190464F088EFE82E86E0F82E45
:106F5000D7018D917D01882371F10E94BC2BF8CF60
:106F6000E090360BF090370B7E9CB0017F9C700D4B
:106F70001124645C744FC6010E94B8F78091EC073D
:106F80009091ED0701969093ED078093EC07F1E067
:106F90008F1A910890923B0B80923A0BC701019691
:106FA000B5010E9445F79093370B8093360B20E68E
:106FB000C20ED11CC2CF8AE00E94BC2BF12CE12C66
:106FC0008091EC079091ED07E816F90654F00CEE6D
:106FD00013E0D8018D918D018823A9F00E94BC2B6C
:106FE000F8CF6801F60181916F01882319F00E94A2
:106FF000BC2BF8CF8AE00E94BC2BFFEFEF1AFF0AF0
:10700000005A1F4FDDCF8AE00E94BC2B6091C00C5C
:107010007091C10C8091C20C9091C30C4AE00E9407
:1070200033308AE00E94BC2B04EC1CE0F801819113
:107030008F01882319F00E94BC2BF8CF8AE00E94B0
:10704000BC2B6091BC0C7091BD0C8091BE0C9091DA
:10705000BF0C4AE00E9433308AE00E94BC2B809132
:10706000C00C9091C10CA091C20CB091C30C809344
:10707000F1069093F206A093F306B093F40640E075
:1070800061E084EC9CE00E941F834091BC0C509115
:10709000BD0C6091BE0C7091BF0C4093F9145093DD
:1070A000FA146093FB147093FC1489E294E10E943B
:1070B0005E1CC05DDD4F0FB6F894DEBF0FBECDBFC6
:1070C000DF91CF911F910F91FF90EF90DF90CF90C4
:1070D000BF90AF909F908F907F90089581E59FE043
:1070E00090936E0F80936D0F0E94BD28E9E1FBE045
:1070F00089E492E0DF019C011D9221503040E1F7CC
:107100004FE050E06DE47FE081E59DE00E9412EDEC
:10711000D0CFE9E1FBE089E492E0DF019C011D9220
:1071200021503040E1F7E8EFF6E08EE1DF011D92FB
:107130008A95E9F780915F12811102C00E94D07890
:1071400080915F1281110C94D2350895CF92DF9215
:10715000EF92FF920F931F93CF93DF9386E50E94E8
:10716000C22A882341F08091051690910616892B3A
:1071700011F00E94393583E50E94C22AC82F882366
:1071800019F00E945A18C82F83E50E94C22A88234A
:1071900019F08C2F0E9499268AE50E94C22A882322
:1071A00021F00E94982A0E946714F0901616C111CF
:1071B0000CC0C9EFD3E18E01F80184910F5F1F4F1E
:1071C0008823C9F00E94BC2BF7CFF110F2CFC3E2A5
:1071D000D4E1FE018491219681110AC0C7E3DAE06F
:1071E000FE0184912196882321F30E94BC2BF8CFC5
:1071F0000E94BC2BEECF67E174E0FF2011F063E149
:1072000074E089E29AE00E94A8BE8AE00E94BC2B4A
:10721000FE01849121968111F9CFCCE1DAE0FE01E3
:1072200084912196882319F00E94BC2BF8CFC0903E
:107230001216D0901316E0901416F090151620E058
:1072400030E0A901C701B6010E9473F6C7E1DAE098
:10725000181684F442E0C701B6010E94C3348AE0E4
:10726000DF91CF911F910F91FF90EF90DF90CF9022
:107270000C94BC2BFE0184912196882319F00E9466
:10728000BC2BF8CFDF91CF911F910F91FF90EF9022
:10729000DF90CF9008954F925F926F927F928F927E
:1072A0009F92AF92BF92CF92DF92EF92FF92CF93D5
:1072B000DF93CBE1D7E0FE0184912196882319F07A
:1072C0000E94BC2BF8CF6091D4077091D5078091B4
:1072D000D6079091D70742E00E94C334C7E1D7E0B8
:1072E000FE0184912196882319F00E94BC2BF8CFCF
:1072F0006091D8077091D9078091DA079091DB07E8
:1073000042E00E94C334C3E1D7E0FE01849121969C
:10731000882319F00E94BC2BF8CF6091DC07709194
:10732000DD078091DE079091DF0742E00E94C334C1
:10733000CFE0D7E0FE0184912196882319F00E94C6
:10734000BC2BF8CF6091E0077091E1078091E207D4
:107350009091E30742E00E94C3348FB7F8944090C5
:107360005D1B50905E1B60905F1B7090601B809057
:10737000611B9090621BA090631BB090641BC09037
:10738000651BD090661BE090671BF090681B8FBF59
:10739000C5E0D7E0FE0184912196882319F00E9470
:1073A000BC2BF8CFC301B2010E94DB30C1E0D7E0B3
:1073B000FE0184912196882319F00E94BC2BF8CFFE
:1073C000C501B4010E94DB30CDEFD6E0FE0184910F
:1073D0002196882319F00E94BC2BF8CFC701B60173
:1073E0000E94DB308AE0DF91CF91FF90EF90DF9039
:1073F000CF90BF90AF909F908F907F906F905F9055
:107400004F900C94BC2B1F920F920FB60F92112429
:107410000BB60F922F938F939F93EF93FF93E0916F
:10742000850681E08E0F8F779091C60020918606A9
:10743000821731F0F0E0EB5FF94F9083809385067F
:10744000FF91EF919F918F912F910F900BBE0F9015
:107450000FBE0F901F9018958F929F92AF92BF9280
:10746000CF92EF92FF920F931F93CF93DF93CDB7FD
:10747000DEB72C970FB6F894DEBF0FBECDBFFC0170
:107480002091BF118091BE1190E001968F709927D5
:107490002817190609F450C0C090A707EE0FFF1F68
:1074A000EE0FFF1FEF58FD4F20E030E040E752E4C1
:1074B00060817181828193810E940DF54B015C0195
:1074C0008091D4079091D507A091D607B091D707A6
:1074D00089839A83AB83BC838091D8079091D90725
:1074E000A091DA07B091DB078D839E83AF83B887C5
:1074F0008091DC079091DD07A091DE07B091DF0756
:1075000089879A87AB87BC87AE01475F5F4FBE0113
:107510006B5F7F4FCE0101960E9453CD85017401B0
:1075200020EE37E0AE01475F5F4FBE016B5F7F4FDC
:10753000CE0101960E9432C02C960FB6F894DEBFA1
:107540000FBECDBFDF91CF911F910F91FF90EF90B4
:10755000CF90BF90AF909F908F9008951F93CF933F
:10756000DF93382F292F8E37910514F03DE720E067
:107570003093D0072093D1078032910564F4C7E09F
:10758000D4E014E4FE01849121968823F1F0812750
:107590000E94BC2BF7CFCFE8D3E014E4809761F0D2
:1075A000C0EFD3E014E4FE0184912196882369F0B2
:1075B00081270E94BC2BF7CFFE018491219688235E
:1075C00021F081270E94BC2BF7CFDF91CF911F9133
:1075D0000C94E2B1CF93DF9385E40E94F52A8823CF
:1075E000B9F00E944618882399F0C3E2D4E1FE0165
:1075F00084912196811109C0CBE1D4E0899188233F
:1076000009F47DC00E94BC2BF9CF0E94BC2BEFCFA8
:1076100080E50E94C22A882351F00E94982A609334
:10762000711B7093721B8093731B9093741B89E47E
:107630000E94C22A882381F00E94982A2CEA35EC05
:1076400047E25EE30E94D1ED60936D1B70936E1B69
:1076500080936F1B9093701B84E40E94C22A88233E
:1076600081F00E94982A2CEA35EC47E25EE30E9402
:107670000DF56093751B7093761B8093771B909329
:10768000781BC9EFD3E1FE0184912196882319F07C
:107690000E94BC2BF8CF4091711B5091721B6091DE
:1076A000731B7091741B85EE98E00E9473BE2CEAE8
:1076B00035EC47E25EE360916D1B70916E1B80912B
:1076C0006F1B9091701B0E940DF5AB01BC0181EE08
:1076D00098E00E9473BE2CEA35EC47E25EE36091CD
:1076E000751B7091761B8091771B9091781B0E947F
:1076F000D1EDAB01BC018DED98E00E9473BE8AE034
:10770000DF91CF910C94BC2BDF92EF92FF920F93FD
:107710001F93CF93DF937C018B01D42ECCE2D4E076
:107720008991882319F00E94BC2BFACF8FEFD816CD
:10773000F1F084E50E94BC2B8AE30E94BC2BF70188
:10774000608171818281938142E00E94C334F8019B
:10775000408151816281738185ED96E0DF91CF9107
:107760001F910F91FF90EF90DF900C9473BE82E415
:10777000E1CF0F931F93CF93DF9300D000D01F92E0
:107780001F92CDB7DEB76091F7107091F810072EF9
:10779000000C880B990B0E9472ED6D837E838F83A2
:1077A00098878091F9109091FA10A091FB10B091F8
:1077B000FC1089839A83AB83BC834EEFBE016B5F61
:1077C0007F4FCE0101960E94843B6091D00770915B
:1077D000D107072E000C880B990B0E9472ED6D8368
:1077E0007E838F83988780917D1B90917E1BA091D3
:1077F0007F1BB091801B89839A83AB83BC834FEF3F
:10780000BE016B5F7F4FCE0101960E94843B0DED60
:1078100016E0F80184910F5F1F4F882319F00E9432
:10782000BC2BF7CFE091FC05F0E0E458F44E60810A
:1078300070E090E080E00E94DB3008ED16E0F80197
:1078400084910F5F1F4F882319F00E94BC2BF7CF44
:1078500060917B1B70E090E080E00E94DB30289616
:107860000FB6F894DEBF0FBECDBFDF91CF911F9151
:107870000F9108954F925F926F927F928F929F9295
:10788000AF92BF92CF92DF92EF92FF920F931F932E
:10789000CF93DF93CDB7DEB768970FB6F894DEBF0E
:1078A0000FBECDBF0E94D9868091160B823009F0A1
:1078B000A1C080915E12882309F49CC064999AC08B
:1078C0008091170B8F5F8093170B65E070E080E06D
:1078D00090E00E94657B8091170B83330CF48AC083
:1078E0008091140B882309F415C281E09AE59093E6
:1078F00065158093641586E590E0909367158093F5
:10790000661587E08093581582E880935B1584E8BC
:1079100090E0A0E0B0E080935C1590935D15A0939B
:107920005E15B0935F150E94217185E08093180B5E
:107930008091DC079091DD07A091DE07B091DF0711
:107940008093C6079093C707A093C807B093C90751
:1079500020E030E040E251E46091E0077091E107FF
:107960008091E2079091E3070E9412F46093C207AE
:107970007093C3078093C4079093C50710925E125B
:107980000E9462758091CA079091CB07892B41F4C0
:107990008091F7109091F8109093CB078093CA07CD
:1079A0008091D2079091D307892B41F48091D00721
:1079B0009091D1079093D3078093D20790E080E015
:1079C0000E94AE3A81E08093CF071092170B10927D
:1079D000160B84E08093E9071092E5071092CD071B
:1079E0001092CC078BE194E090936E0F80936D0F13
:1079F0000E94BD280E9451AD6B017C0180916305FE
:107A000090916405A0916505B09166058C159D0562
:107A1000AE05BF0508F049C180913702882309F4FB
:107A200044C18091A4079091A507892B09F0C9C290
:107A30008091EC079091ED072091F007222309F443
:107A4000B1C1181619060CF0ADC18091C007909114
:107A5000C107892B09F07CC084E096E090936515FE
:107A60008093641580EA90E890936715809366157B
:107A700087E08093581512E810935B1580EA90E038
:107A8000A0E0B0E080935C1590935D15A0935E1527
:107A9000B0935F150E94217180912B0290912C026E
:107AA000A0912D02B0912E020097A105B10509F019
:107AB0003AC1109265151092641505E000935815AF
:107AC00010935B158AE890E1A0E0B0E080935C152C
:107AD00090935D15A0935E15B0935F150E94217180
:107AE00089E090E090936515809364150093581594
:107AF00010935B158CE890E1A0E0B0E080935C15FA
:107B000090935D15A0935E15B0935F150E9421714F
:107B100060912B0270912C0280912D0290912E0287
:107B200028E830E140E050E00E94C47160912B02EF
:107B300070912C0280912D0290912E02982F872F08
:107B4000762F662721EA30E040E050E00E94C471C1
:107B50008091C0079091C107853691050CF003C153
:107B6000909365158093641585E08093581582E89D
:107B700080935B1580E090E1A0E0B0E080935C151D
:107B800090935D15A0935E15B0935F150E942171CF
:107B90006EE170E080E090E00E94657B8091C0071C
:107BA0009091C10701969093C1078093C007893CCB
:107BB00091050CF47AC081E090E09093A507809342
:107BC000A407C090F207D090F30710E000E0F12C7A
:107BD000E12CCE14DF0409F468C065EC7CE0C80138
:107BE0008455964F0E94AFF798012E5E3F4F892B28
:107BF00009F0D3C081E080933702C8018C5B974FB6
:107C00007C01FC0101900020E9F78E1B9F0B43963D
:107C100097FD01968C011595079540E050E260E0D4
:107C200070E0C70110161106CCF4DE0111966D014B
:107C300084E1FD0111928A95E9F7A80161E374E0FE
:107C4000CD010E94CDF7B701C601800F911F0E94A0
:107C5000B8F740E050E260E070E0C6010E94BD74F9
:107C60008091140B882309F48FC081E09AE59093EA
:107C700065158093641584E290E090936715809376
:107C8000661587E08093581582E880935B1584E839
:107C900090E0A0E0B0E080935C1590935D15A09318
:107CA0005E15B0935F150E94217108EA15E12AE183
:107CB000F22E8DEF90E10E943AA720916705309156
:107CC0006805181619060CF02AC62A3131050CF081
:107CD00026C68DEF90E10E9418A72091670530918C
:107CE0006805F901E855FA4E80838091A8158A3518
:107CF00009F02FC66AE070E080E090E00E94657BAA
:107D0000809167059091680501969093680580932E
:107D10006705CFCF81E09AE5909365158093641550
:107D200087E590E0EACD0196A11DB11DBC01CD0112
:107D3000B5E09695879577956795BA95D1F7615097
:107D40007109810991092AE830E140E050E00E9480
:107D5000C47188E090E0909365158093641585E088
:107D600080935815C5CE84569109909365158093DC
:107D7000641585E08093581582E880935B1581E057
:107D800090E1A0E0B0E0FACE81E09AE5909365152D
:107D9000809364158CE490E070CFFFEFEF1AFF0A38
:107DA000890117CF892B09F00CC18091C0079091F0
:107DB000C107892B09F07CC084E096E0909365159B
:107DC0008093641580EA90E8909367158093661518
:107DD00087E08093581512E810935B1580EA90E0D5
:107DE000A0E0B0E080935C1590935D15A0935E15C4
:107DF000B0935F150E94217180912B0290912C020B
:107E0000A0912D02B0912E020097A105B10509F0B5
:107E10009EC0109265151092641505E000935815E8
:107E200010935B158AE890E1A0E0B0E080935C15C8
:107E300090935D15A0935E15B0935F150E9421711C
:107E400089E090E090936515809364150093581530
:107E500010935B158CE890E1A0E0B0E080935C1596
:107E600090935D15A0935E15B0935F150E942171EC
:107E700060912B0270912C0280912D0290912E0224
:107E800028E830E140E050E00E94C47160912B028C
:107E900070912C0280912D0290912E02982F872FA5
:107EA000762F662721EA30E040E050E00E94C4715E
:107EB0008091C0079091C107853691050CF067C08D
:107EC000909365158093641585E08093581582E83A
:107ED00080935B1580E090E1A0E0B0E080935C15BA
:107EE00090935D15A0935E15B0935F150E9421716C
:107EF0006EE170E080E090E00E94657B8091C007B9
:107F00009091C10701969093C1078093C007893C67
:107F100091050CF4CACE81E090E09093A507809380
:107F2000A40721E0209337021092E50720EA3FE002
:107F30003093CD072093CC072091140B2223C1F15D
:107F400021E03AE5309365152093641596CE0196AD
:107F5000A11DB11DBC01CD01E5E0969587957795F2
:107F60006795EA95D1F761507109810991092AE86D
:107F700030E140E050E00E94C47188E090E09093CE
:107F800065158093641585E08093581561CF8456FC
:107F90009109909365158093641585E08093581539
:107FA00082E880935B1581E090E1A0E0B0E096CF9D
:107FB00081E09AE590936515809364158DE290E0D9
:107FC0005CCE8091E507882309F4DAC18091F1063F
:107FD0009091F206A091F306B091F406892B8A2BBA
:107FE0008B2B09F4CDC10E9447744B015C0120E149
:107FF0003EE040E050E00E94AFF32D8B3E8B4F8B74
:10800000588F2B013C0120E130E140E050E06D89C8
:108010007E898F89988D0E94C471C301B2012CE3BF
:1080200030E040E050E00E94AFF3CA01B90122E124
:1080300030E140E050E00E94C47180915E128823DC
:1080400009F425C110912C14112309F479C08091F1
:10805000F5149091F614A091F714B091F8140097CC
:10806000A105B10509F46CC0BC01CD016D597F4F6C
:108070008F4F9F4F24E630E040E050E00E94AFF386
:108080006091F9147091FA148091FB149091FC1492
:108090000E94AFF380910002909101022817190607
:1080A00009F4F5C0112309F47DC38091F514909172
:1080B000F614A091F714B091F8140097A105B1053A
:1080C00009F470C3BC01CD016D597F4F8F4F9F4F95
:1080D00024E630E040E050E00E94AFF36091F914F4
:1080E0007091FA148091FB149091FC140E94AFF3EC
:1080F000222309F457C32F5F20936205233310F521
:1081000030E0220F331F309365152093641505E08E
:108110000093581512E810935B158EE090E1A0E0F3
:10812000B0E080935C1590935D15A0935E15B093BD
:108130005F150E942171109265151092641527C079
:1081400020E0A8CF84E690E09093651580936415B5
:1081500005E00093581512E810935B158EE090E14E
:10816000A0E0B0E080935C1590935D15A0935E1540
:10817000B0935F150E9421718091620590E0825357
:108180009048880F991F909365158093641500930C
:10819000581510935B158FE090E1A0E0B0E080935C
:1081A0005C1590935D15A0935E15B0935F150E94CA
:1081B000217180912C14882309F4F9C28091F5145F
:1081C0009091F614A091F714B091F8140097A105BE
:1081D000B10509F4ECC2BC01CD016D597F4F8F4F41
:1081E0009F4F24E630E040E050E00E94AFF3609102
:1081F000F9147091FA148091FB149091FC140E9470
:10820000AFF330E0309365152093641585E08093DB
:10821000581582E880935B1586E190E1A0E0B0E01C
:1082200080935C1590935D15A0935E15B0935F15D8
:108230000E94217180912C14882309F4BAC2809184
:10824000F5149091F614A091F714B091F8140097DA
:10825000A105B10509F4ADC2BC01CD016D597F4F37
:108260008F4F9F4F24E630E040E050E00E94AFF394
:108270006091F9147091FA148091FB149091FC14A0
:108280000E94AFF330E0309301022093000220916E
:10829000B5073091B6074091B7075091B807609184
:1082A000B9077091BA078091BB079091BC070E94F3
:1082B0006BED882391F00E9468D88091B907909166
:1082C000BA07A091BB07B091BC078093B507909304
:1082D000B607A093B707B093B807809135028823FB
:1082E00009F44EC080915E12882309F449C020E051
:1082F00030E040E050E46091DC077091DD07809150
:10830000DE079091DF070E9473F61816CCF5809176
:10831000A1079091A207845D9E4F092E000CAA0B25
:10832000BB0B88159905AA05BB0550F5809136024F
:10833000882321F18091D0079091D1079093D307A2
:108340008093D2071092D1071092D0071092651532
:108350001092641585E08093581582E880935B1530
:108360008AE390E1A0E0B0E080935C1590935D1506
:10837000A0935E15B0935F150E9421711092350293
:108380006091F9107091FA108091FB109091FC109F
:108390000E947FF5709365156093641505E0009366
:1083A000581512E810935B1586E390E1A0E0B0E069
:1083B00080935C1590935D15A0935E15B0935F1547
:1083C0000E94217160917D1B70917E1B80917F1BAB
:1083D0009091801B0E947FF57093651560936415E2
:1083E0000093581510935B158CE390E1A0E0B0E08A
:1083F00080935C1590935D15A0935E15B0935F1507
:108400000E9421714091891B50918A1B2091D007B5
:108410003091D1078091F7109091F81042175307CF
:1084200041F42091811B3091821B2817390709F4F0
:1084300093C00E9407AE8091D0079091D1070E940F
:10844000AE3A8091F7109091F81090936515809353
:10845000641505E00093581512E810935B1584E34A
:1084600090E1A0E0B0E080935C1590935D15A0933F
:108470005E15B0935F150E9421718091D007909195
:10848000D107909365158093641500935815109348
:108490005B158AE390E1A0E0B0E080935C159093D7
:1084A0005D15A0935E15B0935F150E9421718091B8
:1084B0005E12811141C06091891B70918A1B4091AD
:1084C000D0075091D1076417750764F02091811B84
:1084D0003091821B8091F7109091F810281739077E
:1084E0000CF06CC18091140B882309F464C181E005
:1084F00090E0909365158093641585E080935815FE
:1085000082E880935B1584E190E1A0E0B0E0809385
:108510005C1590935D15A0935E15B0935F150E9456
:1085200021711092CD071092CC078091E90781113B
:1085300001C081E08093E9078091D0079091D10735
:1085400090938A1B8093891B8091F7109091F8106B
:108550009093821B8093811B8091BD07811105C080
:108560008091BF07882309F4DBC00091F7101091B8
:10857000F8100115110509F120E030E048EC52E453
:108580006091F9107091FA108091FB109091FC109D
:108590000E94D1ED4B015C01B801110F880B990BC2
:1085A0000E9472ED9B01AC01C501B4010E940DF562
:1085B0000E9486F56536710510F064E670E07093F0
:1085C00065156093641505E00093581512E8109343
:1085D0005B1584E290E1A0E0B0E080935C1590939D
:1085E0005D15A0935E15B0935F150E942171609197
:1085F000F7107091F810072E000C880B990B0E9451
:1086000072ED9B01AC016091F9107091FA108091AC
:10861000FB109091FC100E9473F687FD5DC1809164
:10862000BD07882309F405C11092BE071092BD074B
:1086300020E030E040E251E46091AB077091AC077C
:108640008091AD079091AE070E94D1ED0E947FF519
:1086500070936515609364150093581510935B151E
:1086600084E590E1A0E0B0E080935C1590935D1507
:10867000A0935E15B0935F150E94217120E030E059
:1086800040E251E46091AF077091B0078091B1076B
:108690009091B2070E94D1ED0E947FF5709365150D
:1086A000609364150093581510935B1588E590E16D
:1086B000A0E0B0E080935C1590935D15A0935E15EB
:1086C000B0935F150E9421718091140B882309F4E7
:1086D000A7C081E09AE5909365158093641587E1C2
:1086E00090E0909367158093661587E08093581506
:1086F00010935B1584E890E0A0E0B0E080935C15F7
:1087000090935D15A0935E15B0935F150E94217143
:1087100083E090E00E942C3A8091A6078093A707FF
:108720008091E607882329F18091B30791E0980FA3
:108730009093B30790E0909365158093641585E05E
:108740008093581582E880935B1582E490E1A0E065
:10875000B0E080935C1590935D15A0935E15B09387
:108760005F150E9421718091B3078A3010F010923A
:10877000B3076091CC077091CD07072E000C880BD2
:10878000990B6053784F8F4F9F4FC60ED71EE81E30
:10879000F91EC0926305D0926405E0926505F092DF
:1087A000660583CA1092651510926415B0CC20E05E
:1087B00028CD20E067CD8DE090E09BCE461757078F
:1087C00024F0821793070CF0B7CE8091140B882306
:1087D00021F188E090E0909365158093641585E021
:1087E0008093581582E880935B1584E190E1A0E0C6
:1087F000B0E080935C1590935D15A0935E15B093E7
:108800005F150E9421711092CD071092CC078091C4
:10881000E90781118FCE82E08DCE84E190E0DBCF3D
:1088200081E09AE5909365158093641581E490E06A
:1088300058CF8091BF07882309F44EC01092BF071C
:108840001092C1071092C00781E08093E50784E091
:1088500090E09093651580936415009358151093DC
:108860005B158EE890E1A0E0B0E080935C159093FA
:108870005D15A0935E15B0935F150E9421718091E4
:10888000140B882301F181E09AE59093651580939C
:10889000641588E090E0909367158093661587E0F3
:1088A0008093581510935B1584E890E0A0E0B0E049
:1088B00080935C1590935D15A0935E15B0935F1542
:1088C0000E9421712DCF81E09AE5909365158093E8
:1088D000641583E590E0DFCF8091BF07882309F41A
:1088E0001FCF8091C0079091C1079C012F5F3F4F20
:1088F0003093C1072093C00765E070E00E9445F700
:10890000909365158093641585E08093581582E8EF
:1089100080935B158EE890E1A0E0B0E0C9CF12161D
:1089200013062CF168960FB6F894DEBF0FBECDBFCC
:10893000DF91CF911F910F91FF90EF90DF90CF903B
:10894000BF90AF909F908F907F906F905F904F906F
:108950000895121613060CF0ACC9D801EF2D1D9224
:10896000EA95E9F71092680510926705A2C99091FF
:1089700009158091A815981321C090910A1580912E
:10898000A91598131BC023303105C4F09091AA1586
:10899000909308158091AB1580930B159330D1F40B
:1089A000982F9D7F9038B1F49091AC159F3409F0C9
:1089B00053C09091AD159B3409F04EC0E8EAF5E143
:1089C0008AE1DF011D928A95E9F7109268051092FD
:1089D0006705A8CF833809F03FC08091AC1590910E
:1089E000AD15982789279827B0E0A0E080930C1553
:1089F00090930D15A0930E15B0930F150091AE1521
:108A000010E030E020E00093101510931115209332
:108A1000121530931315AFEAB5E140E050E0BA010A
:108A2000401751076207730708F044C0FA01F59533
:108A3000E795EE0FFF1FEC5EFA4E8C9111969C911C
:108A40001197892798278927918380834E5F5F4FED
:108A50006F4F7F4F1296E4CF813861F58091AC154E
:108A600090E0B0E0A0E080930C1590930D15A093DA
:108A70000E15B0930F158091AD15482F50E070E0A2
:108A800060E0409310155093111560931215709388
:108A90001315AEEAB5E1E4E1F5E190E030E020E065
:108AA0002817390739F04D9150E0419351932F5FCA
:108AB0003F4FF6CFE8EAF5E18AE1DF011D928A95A2
:108AC000E9F710926805109267050E943E892ACF47
:108AD0004F925F926F927F928F929F92AF92BF92CE
:108AE000CF92DF92EF92FF920F931F93CF93DF937A
:108AF0000E943A3C0E9451AD6B017C01C0910C0276
:108B0000CC2319F18091C3069091C4060097E9F037
:108B10004091BF065091C0066091C1067091C20697
:108B200097018601041B150B260B370BB901A80111
:108B300077FD1DC08330910509F497C008F07EC011
:108B400009EF13E1019708F0A6C02C2F30E0A8EE42
:108B5000B3E00E9403F4C60ED71EE81EF91EC092B1
:108B6000BF06D092C006E092C106F092C206809184
:108B7000C906882361F10E9451AD0091C50610918C
:108B8000C6062091C7063091C806601B710B820B88
:108B9000930B97FD1CC00E9451AD6B017C0120918D
:108BA000C90630E0A8EEB3E00E9403F4C60ED71E5B
:108BB000E81EF91EC092C506D092C606E092C7060E
:108BC000F092C8060E94B93B8AE00E94BC2B8091BB
:108BD000F010843010F40E9455310E9451AD009184
:108BE000D2061091D3062091D4063091D5060115F6
:108BF00011052105310509F473C0C090F106D0902C
:108C0000F206E090F306F090F4060C0D1D1D2E1DEB
:108C10003F1D6B017C01C01AD10AE20AF30A9701D9
:108C2000860137FD5DC0C3E2D4E1FE018491219647
:108C3000882309F448C00E94BC2BF7CF09EF13E149
:108C4000049709F082CFF80184910F5F1F4F8111C3
:108C500037C006E51EE0F80184910F5F1F4F88239F
:108C600009F473CF0E94BC2BF6CF09EF13E1F80192
:108C700084910F5F1F4F811120C00EE61EE0F801A6
:108C800084910F5F1F4F882309F45FCF0E94BC2B94
:108C9000F6CF0E94BC2BF80184910F5F1F4F81110A
:108CA000F8CF05E81EE0F80184910F5F1F4F88237D
:108CB00009F44BCF0E94BC2BF6CF0E94BC2BD7CF20
:108CC0000E94BC2BC0CF6091D0067091D10687EB7B
:108CD0009EE00E94A8BE8AE00E94BC2B0E94F27017
:108CE00000910D0210910E0220910F02309110029E
:108CF0000115110521053105F9F0C090F106D0905C
:108D0000F206E090F306F090F4060C0D1D1D2E1DEA
:108D10003F1D601B710B820B930B97FD0DC0909153
:108D2000BE118091BF11981307C05F9A1092A807D7
:108D30008A9A1092A907129A8091CE069091CF0636
:108D400090991EC001969093CF068093CE06809195
:108D5000CE069091CF068E3E9240D4F0C3E2D4E18D
:108D6000FE0184912196811110C0C7E9DEE0FE0169
:108D700084912196882309F4B1CF0E94BC2BF7CFB0
:108D80001816190624F70197DECF0E94BC2BE8CFF6
:108D90006091EA079091BE118091BF11981791F0F0
:108DA000E091BF110DE4E09FF0011124E053F94E72
:108DB00060818091BF119091BE11981719F08F5F5B
:108DC0008F70F9CF70E089E00E948E7A8091791BD4
:108DD000882309F4F4C00091480210914902D0910F
:108DE0004A02C0914B026091F7107091F8106E5FCB
:108DF0007F4F072E000C880B990B0E9472ED980193
:108E00004D2F5C2F0E946BED87FDD9C0F090BF11F4
:108E1000912CA12CB12CE12C8DE4882E8091BE11D7
:108E20008F1509F45AC08F2D90E0889EF001899E1D
:108E3000F00D1124E757F94E428153816481758109
:108E4000452B462B472B81F44681578160857185E0
:108E5000452B462B472B41F4428553856485758508
:108E6000452B462B472BA1F1889E9001899E300D02
:108E70001124C9018757994E6C01FC0166857785DD
:108E8000808991890E9472ED2B013C01F601628973
:108E90007389848995890E9470ED9B01AC01C3019F
:108EA000B2010E940DF5F60123A134A145A156A1FE
:108EB0000E94D1ED3B016C01292D3A2D4B2D5E2DE9
:108EC0000E9473F6181624F4962CA72CBC2CED2CBB
:108ED000F394FF2DFF70FF2EA1CF20914C02309113
:108EE0004D0240914E0250914F02692D7A2D8B2DEB
:108EF0009E2D0E94D1ED98014D2F5C2F0E9413F4FE
:108F00006B017C019B01AC01B8018D2F9C2F0E944D
:108F100073F61816A4F00091440210914502D09106
:108F20004602C091470298014D2F5C2FB601C70140
:108F30000E9473F618161CF08601DE2DCF2DC0900E
:108F4000CA06D090CB06E090CC06F090CD069801F2
:108F50004D2F5C2FC701B6010E9473F61816E4F47A
:108F600020E037ED43EA5CE3B8018D2F9C2F0E948F
:108F7000D1ED4B015C0128E431EE4AE75FE3C70124
:108F8000B6010E94D1ED9B01AC01C501B4010E9464
:108F900013F48B01D82FC92FC801AD2FBC2F80939C
:108FA000CA069093CB06A093CC06B093CD06B80129
:108FB0008D2F9C2F0E947FF5CB010E9407AE0E944F
:108FC0004DB280E392E1DF91CF911F910F91FF901D
:108FD000EF90DF90CF90BF90AF909F908F907F9059
:108FE0006F905F904F900C94BA132F923F924F92D4
:108FF0005F926F927F928F929F92AF92BF92CF9229
:10900000DF92EF92FF920F931F93CF93DF93CDB731
:10901000DEB72F970FB6F894DEBF0FBECDBF80919D
:10902000531683FD99C083E50E94F52A888788231B
:1090300009F48DC00E94982A0E947FF5CB010E94FE
:10904000AE3A0E94982A20E030E040EA50E40E94C4
:1090500073F6181614F40E940C7581E080933802A0
:109060008091A7078093FC05412C512C32011C8272
:109070001D821E821F821B8219862CE32A873CE1F7
:109080003B8746E44C8710E000E050E859838FEBC3
:109090008A83812C912C54016091D0077091D10763
:1090A000072E000C880B990B0E9472ED7B018F87B5
:1090B0009D87212F302F49815A810E946BED882393
:1090C000D1F020917D1B30917E1B40917F1B5091F0
:1090D000801B9885B7018F85911157C09D850E948F
:1090E0006BED881F8827881F8B831E2D0F2DAF8562
:1090F000A983BD85BA830E9451AD6B017C01DC015F
:10910000CB012C813D814E815F81821B930BA40B8F
:10911000B50BB7FDEDC0D701C60188519C4FAF4FCD
:10912000BF4F8C839D83AE83BF830E94B93BA9EF61
:10913000B6E0BE87AD87ED85FE8584913196FE87CA
:10914000ED87882309F4B7C00E94BC2BF4CF82E5D9
:109150000E94F52A81116ECF2F960FB6F894DEBFCC
:109160000FBECDBFDF91CF911F910F91FF90EF9078
:10917000DF90CF90BF90AF909F908F907F906F9037
:109180005F904F903F902F9008959D850E946BEDCA
:1091900087FF89C0809138028823F1F28091F6061A
:1091A000882309F453C18091A307882341F08FEEEF
:1091B00096E090936E0F80936D0F0E94BD28809172
:1091C000E907833009F055C01092E90781E08093E8
:1091D000370280EA9FE09093CD078093CC0780917F
:1091E000140B882309F4FFC082E090E0909365158A
:1091F0008093641585E080935815A2E8A0935B15D1
:1092000084E190E1A0E0B0E080935C1590935D155F
:10921000A0935E15B0935F150E94217161E070E02C
:1092200080E090E00E94657B81E09AE5909365156F
:10923000809364158BE090E090936715809366159A
:1092400087E080935815B2E8B0935B1584E890E00E
:10925000A0E0B0E080935C1590935D15A0935E153F
:10926000B0935F150E94217181E08093EE07809397
:10927000160B2F960FB6F894DEBF0FBECDBFDF9151
:10928000CF911F910F91FF90EF90DF90CF90BF9003
:10929000AF909F908F907F906F905F904F903F9096
:1092A0002F900C9405141E2D0F2DEF85E983FD855D
:1092B000FA831B8220CF81149104A104B10409F424
:1092C0003FC0C501B401605F784D8F4F9F4F6C194F
:1092D0007D098E099F0928EE33E040E050E00E94AE
:1092E000AFF3CA01B9010E94DB308AE00E94BC2BB7
:1092F0000E9468450E94772B20907D1B30907E1B3A
:10930000F0917F1BFF872091801B2D8791014F2FAC
:109310005D85612F702F89819A810E9412F49F7759
:1093200081149104A104B10479F420E030E040E814
:109330005FE30E946BED87FF0FC0460157010CC031
:109340008FE30E94BC2BD1CF20E030E040E450E41A
:109350000E9473F618168CF33B81332361F141149C
:1093600051046104710441F0D701C60184199509C3
:10937000A609B709B7FD1FC091014F855D856985B5
:109380007A858B859C850E9412F420E030E040ECC9
:109390005FE30E946BED87FDFDCE2601370140E6BD
:1093A000440E4AEE541E611C711C29863A865F8564
:1093B0005B878D858C8780913802882309F4EACEFB
:1093C00081149104A104B10409F466CE90E1C91A94
:1093D00097E2D90AE108F108C818D908EA08FB0899
:1093E000F7FC5ACED7CE8EE090E09093651580932F
:1093F000641585E080935815E2E8E0935B1584E1FD
:1094000090E1A0E0B0E080935C1590935D15A0938F
:109410005E15B0935F150E94217161E070E080E0FD
:1094200090E00E94657B81E09AE5909365158093BA
:10943000641585E390E0909367158093661587E047
:1094400080935815F2E8F0935B1500CF81E080938C
:10945000F50682CE2F923F924F925F926F927F924B
:109460008F929F92AF92BF92CF92DF92EF92FF9234
:109470000F931F93CF93DF93CDB7DEB760970FB6EF
:10948000F894DEBF0FBECDBF8DE690E00E9497300E
:10949000811123C08091531683FD1FC083E50E9474
:1094A000F52A89878823A1F00E94982A0E947FF5D7
:1094B000CB010E9407AE0E94982A20E030E044EBE6
:1094C00052E40E946BED18160CF50E940C7520C03A
:1094D00082E50E94F52A8111E7CF60960FB6F894D5
:1094E000DEBF0FBECDBFDF91CF911F910F91FF90D7
:1094F000EF90DF90CF90BF90AF909F908F907F9034
:109500006F905F904F903F902F9008950E94D97078
:109510000E94E4BE81E080933802312C19821A82C5
:109520001B821C821D821E821F8218861A862CE3D3
:109530002B873CE13C8746E44D87412C512C80E849
:10954000782E9FEB692E812C912C54016091F7109D
:109550007091F810072E000C880B990B0E9472ED89
:109560008B01888B9E879201472D562D0E946BEDB3
:109570008823B9F02091F9103091FA104091FB1036
:109580005091FC108985B801811136C088899E856B
:109590000E946BED382E331C3324331C280178884D
:1095A0006E840E9451AD6B017C01DC01CB012D81E9
:1095B0003E814F815885821B930BA40BB50BB7FDE1
:1095C0003FC0D701C60188519C4FAF4FBF4F8D831D
:1095D0009E83AF83B8870E94B93BABEEB6E0BF87EE
:1095E000AE87EE85FF8584913196FF87EE878823CD
:1095F00059F00E94BC2BF5CF88899E850E946BEDA7
:1096000087FDD5C0312CCACF81149104A104B104C7
:10961000F1F1C501B401605F784D8F4F9F4F6C1918
:109620007D098E099F0928EE33E040E050E00E945A
:10963000AFF3CA01B9010E94DB308AE00E94BC2B63
:109640000E9468450E94772B0091F9101091FA1042
:10965000F091FB10F88B2091FC102E8798014F2F72
:109660005E85B201872D962D0E9412F49F7781149A
:109670009104A104B10479F420E030E040E85FE314
:109680000E946BED87FF0FC0460157010CC08FE3AE
:109690000E94BC2BD2CF20E030E040E450E40E9496
:1096A00073F618168CF3332009F44FC189819A811F
:1096B000AB81BC81892B8A2B8B2B61F0D701C60132
:1096C00029813A814B815C81821B930BA40BB50BE2
:1096D000B7FD21C0980148895E856A857B858C85A8
:1096E0009D850E9412F420E030E040EC5FE30E9490
:1096F0006BED87FD5CC0D701C601805A9541AF4F25
:10970000BF4F89839A83AB83BC830A871B87988961
:109710009C87AE85AD876091F7107091F810072E89
:10972000000C880B990B0E9472ED9B01AC01222466
:109730002394B80188899E850E9473F618160CF050
:10974000212C2092D90580913802882309F4B9C0D0
:10975000222009F4B6C081149104A104B10461F07F
:10976000D701C60180519742A109B1098819990909
:10977000AA09BB09B7FFA5C01092D805809138028D
:109780008823A9F081149104A104B10461F0E0E1FF
:10979000CE1AE7E2DE0AE108F108C818D908EA089B
:1097A000FB08F7FE04C08091D9058111CFCE8091CE
:1097B0003802882309F491CE8091F506882309F4B4
:1097C000C0C08091A307882341F081EE96E090937A
:1097D0006E0F80936D0F0E94BD288091E907833042
:1097E00009F055C01092E90781E08093370280EAC2
:1097F0009FE09093CD078093CC078091140B882332
:1098000009F46CC082E090E0909365158093641534
:1098100085E080935815F2E8F0935B1584E190E1C0
:10982000A0E0B0E080935C1590935D15A0935E1569
:10983000B0935F150E94217161E070E080E090E0DC
:109840000E94657B81E09AE590936515809364158D
:109850008BE090E0909367158093661587E0809386
:10986000581522E820935B1584E890E0A0E0B0E072
:1098700080935C1590935D15A0935E15B0935F1572
:109880000E94217181E08093EE078093160B609611
:109890000FB6F894DEBF0FBECDBFDF91CF911F9101
:1098A0000F91FF90EF90DF90CF90BF90AF909F907F
:1098B0008F907F906F905F904F903F902F900C947F
:1098C00005148091D80591E0980F9093D8058333C3
:1098D00008F06DCFB1E0B093D90550CF8EE090E0A5
:1098E000909365158093641585E08093581532E850
:1098F00030935B1584E190E1A0E0B0E080935C15CB
:1099000090935D15A0935E15B0935F150E94217131
:1099100061E070E080E090E00E94657B81E09AE584
:10992000909365158093641585E390E09093671597
:109930008093661587E08093581542E840935B1545
:1099400093CF81E08093F606C8CD6091F7107091B7
:10995000F810072E000C880B990B0E9472ED9B01EA
:10996000AC01B80188899E850E946BED282E221CCF
:109970002224221CE6CE2F923F924F925F926F924A
:109980007F928F929F92AF92BF92CF92DF92EF928F
:10999000FF920F931F93CF93DF93CDB7DEB7E3977B
:1099A0000FB6F894DEBF0FBECDBF8091B4078823F9
:1099B00021F08091E807813079F18091E7078130CB
:1099C00049F582E08093E707B090EE0681E0B82683
:1099D0000091EF0608271091F0061827BB20A9F187
:1099E00089EFE82E83E1F82EF7018491FFEFEF1A5B
:1099F000FF0A811152C0B0E0EB2EB6E0FB2EF7015A
:109A00008491FFEFEF1AFF0A882309F449C00E94EE
:109A1000BC2BF5CF8230C1F6E3960FB6F894DEBFCB
:109A20000FBECDBFDF91CF911F910F91FF90EF90AF
:109A3000DF90CF90BF90AF909F908F907F906F906E
:109A40005F904F903F902F9008950111C9CF111151
:109A5000C7CFF0911616FD8787E50E94C22A88239A
:109A600009F463C18091051690910616892B09F0BF
:109A700053C003E214E1F80184910F5F1F4F81117D
:109A800048C009E816E0F80184910F5F1F4F882352
:109A900009F4C2CF0E94BC2BF6CF0E94BC2BA4CFEE
:109AA000BB2071F0AEEFEA2EA5E0FA2EF70184910B
:109AB000FFEFEF1AFF0A882319F00E94BC2BF6CFA4
:109AC000002371F0FCEFEF2EF5E0FF2EF7018491FB
:109AD000FFEFEF1AFF0A882319F00E94BC2BF6CF84
:109AE000112359F00AEF15E0F80184910F5F1F4F21
:109AF000882319F00E94BC2BF7CF02EF15E0F80184
:109B000084910F5F1F4F882309F486CF0E94BC2BDE
:109B1000F6CF0E94BC2BAFCFC090DC07D090DD0702
:109B2000E090DE07F090DF0780902F0790903007DD
:109B3000A0903107B09032078AE50E94F52A811182
:109B400024C0A5019401C701B6010E9412F46B0163
:109B50007C0120E030E040E251EC0E9473F687FF88
:109B600017C003E214E1F80184910F5F1F4F8111C8
:109B7000CDC00CE716E0F80184910F5F1F4F8823DA
:109B800009F44ACF0E94BC2BF6CF0E94982ADFCF5F
:109B900020E030E040E251E4C701B6010E946BEDE5
:109BA0001816FCF288E50E94F52A412C512CE0ECB5
:109BB0006E2EEFE77E2E882321F00E94982A2B013B
:109BC0003C0189E50E94F52A812C912C70ECA72E8E
:109BD0007FE7B72E882321F00E94982A4B015C0171
:109BE00089E40E94F52A882309F493C00E9446184C
:109BF000182F8AE40E94F52A882309F48CC00E9459
:109C00004618082FA3019201C301B2010E9405F773
:109C100081115DC0A5019401C501B4010E9405F741
:109C2000811155C06091011670910216072E000C2B
:109C3000880B990B0E9472ED20912707309128071D
:109C40004091290750912A070E9413F49B01AC010F
:109C5000C301B2010E9412F420E030E0A9010E9489
:109C600013F420E030E0A9010E940DF50E947FF579
:109C7000162F65300CF451C014E0609103167091FA
:109C80000416072E000C880B990B0E9472ED209190
:109C90002B0730912C0740912D0750912E070E94E1
:109CA00013F49B01AC01C501B4010E9412F420E041
:109CB00030E0A9010E9413F420E030E0A9010E94E5
:109CC0000DF50E947FF5062F65305CF104E015303C
:109CD00008F0A2CE063008F09FCE80E00E949926C0
:109CE00025E01202F0011124E00FF11D07FDFA95A5
:109CF000EE0FFF1FEE0FFF1FE95CF84FC082D1820D
:109D0000E282F3828D850E94992686CE0E94BC2B2A
:109D10002ACF8FEF6DCF8FEF74CF67FFAECF10E0FC
:109D2000ACCF67FFD4CF00E0D2CF8AE40E94C22A32
:109D3000882319F00E94D5266FCE86E50E94F52A69
:109D40008823A1F00E9436187BA76AA78AA59BA545
:109D5000059778F004E516E0F80184910F5F1F4F36
:109D6000882309F459CE0E94BC2BF6CF1BA61AA655
:109D7000EDCF84E40E94C22A8E8F882319F00E94BE
:109D80005A188E8F8AE50E94F52A882309F44FC15C
:109D90000E94982A6CA77DA78EA79FA783E50E94A3
:109DA000F52A882309F448C10E94982A20E030E06F
:109DB00040E752E40E940DF560931D0270931E026D
:109DC00080931F029093200280902707909028078D
:109DD000A0902907B0902A078CE40E94F52A8111EF
:109DE00030C120E030E04CE052E4C501B4010E94F3
:109DF00013F40E947FF569877A878B879C87098592
:109E00001A858090270790902807A0902907B09086
:109E10002A0782E50E94F52A811116C120E030E070
:109E200046E953E4C501B4010E9413F40E947FF592
:109E30006E877F87888B998B2E853F8538A32F8FE0
:109E400080902B0790902C07A0902D07B0902E07A4
:109E500086E40E94F52A8111FAC020E030E04CE04F
:109E600052E4C501B4010E9413F40E947FF56A8B8D
:109E70007B8B8C8B9D8B8A899B899DA38CA38090E7
:109E80002B0790902C07A0902D07B0902E0782E40E
:109E90000E94F52A8111DEC020E030E046E953E45B
:109EA000C501B4010E9413F40E947FF56E8B7F8B75
:109EB000888F998F2E883F88A985BA85BD01BB0FF1
:109EC000880B990B0E9472ED6EA37FA388A799A7B8
:109ED0008090270790902807A0902907B0902A0724
:109EE00020E030E0A901C501B4010E9413F49B01F8
:109EF000AC016EA17FA188A599A50E946BED87FD9D
:109F0000ACC0B1E0BBA38E859F85099708171907E0
:109F10000CF41BA22E853F85B901330F880B990BDA
:109F20000E9472ED2B013C0120E030E04BE953E44C
:109F3000C501B4010E9413F49B01AC01C301B2013D
:109F40000E9473F601E018164CF089859A850996EF
:109F5000AF8DB8A18A179B070CF400E0EA89FB8952
:109F6000BF01FF0F880B990B0E9472ED6F8F78A3D2
:109F700089A39AA380902B0790902C07A0902D077F
:109F8000B0902E0720E030E0A901C501B4010E9485
:109F900013F49B01AC016F8D78A189A19AA10E9455
:109FA0006BED11E087FD09C08E899F8909972CA16F
:109FB0003DA1281739070CF410E0AE89BF89BD0117
:109FC000BB0F880B990B0E9472ED2B013C0120E026
:109FD00030E04BE953E4C501B4010E9413F49B0146
:109FE000AC01C301B2010E9473F6BB24B3941816EE
:109FF0003CF08A899B890996821593050CF4B12C53
:10A00000BBA1B11140C0002359F185E496E00E9444
:10A010000A30112321F08DE396E00E940A30BB2024
:10A0200009F4FACC86E396E00E940A30F5CC1CA62F
:10A030001DA61EA61FA6B2CE60E070E08AEF95E4D2
:10A04000B5CE0E94982AD5CE0E94982AEFCE0E94C3
:10A05000982A0BCF0E94982A27CFE1E0EBA35ACF92
:10A060001111D9CFB110DECFEAA5FBA5EF2B09F175
:10A070000FE116E0F80184910F5F1F4F882359F01C
:10A080000E94BC2BF7CF8DE496E00E940A3000239B
:10A0900009F4BFCFBACFFE8DFF2359F006E016E0DA
:10A0A000F80184910F5F1F4F882319F00E94BC2B89
:10A0B000F7CF0E94FDB510921616FE8DF11106C065
:10A0C00084E690E00E941B140E94162981E00E9401
:10A0D0001028882321F02D85209316169DCCAE8460
:10A0E000BF8489859A85A81AB90AB7FE03C093E090
:10A0F000A90EB11CB594A794B594A794B5010B2CE7
:10A10000000C880B990B0E9472ED6A8F7B8F8C8FED
:10A110009D8F0E891F89AA89BB890A1B1B0B17FFFC
:10A1200002C00D5F1F4F1595079515950795B8014E
:10A13000012E000C880B990B0E9472ED1B012C0163
:10A140000E949C2B6091051670910616072E000C3C
:10A15000880B990B0E9472ED2A8D3B8D4C8D5D8D85
:10A160000E946BED81114CC060910716709108162A
:10A17000072E000C880B990B0E9472EDA201910131
:10A180000E946BED81113CC0609101167091021626
:10A19000072E000C880B990B0E9472ED2091270767
:10A1A000309128074091290750912A070E9413F403
:10A1B0009B01AC016EA17FA188A599A50E946BEDC2
:10A1C00081111EC06091031670910416072E000CB9
:10A1D000880B990B0E9472ED20912B0730912C0770
:10A1E00040912D0750912E070E9413F49B01AC0162
:10A1F0006F8D78A189A19AA10E946BED8823C9F186
:10A20000BE8DBB2319F0ED85E09316160E94D5266E
:10A21000B0920616A0920516109308160093071622
:10A2200020912707309128074091290750912A074C
:10A230006EA17FA188A599A50E9412F40E947FF5C6
:10A24000709302166093011620912B0730912C0712
:10A2500040912D0750912E076F8D78A189A19AA169
:10A260000E9412F40E947FF5709304166093031607
:10A270001D8685E40E94C22A8E8B882319F00E94D5
:10A280005A188E8B712C612C1E86F1E0FA8BA70177
:10A290009601C701B6010E9405F781118BC02A897A
:10A2A000222309F4AEC031E03CA385E08BA31986DC
:10A2B00081E0EA89E827EA8BC301072C000CAA0B8E
:10A2C000BB0B88AB99ABAAABBBAB9BA1A9859A177B
:10A2D00009F468C06A2FAA0F770B880B990B0E94AC
:10A2E00072ED2A8D3B8D4C8D5D8D0E94D1ED2EA19E
:10A2F0003FA148A559A50E9413F44B015C0168A930
:10A3000079A98AA99BA90E9472EDA20191010E94DC
:10A31000D1ED2F8D38A149A15AA10E9413F46B01F0
:10A320007C0120E030E0A901C501B4010E946BED81
:10A3300087FF6EC060E070E0CB01A50194010E9430
:10A3400013F40E94B5F569837A838B839C8320E0A4
:10A3500030E0A901C701B6010E946BED87FF5DC027
:10A3600060E070E0CB01A70196010E9413F40E9407
:10A37000B5F56D837E838F8398872AA54E89BE01AC
:10A380006B5F7F4FCE0101960E9456766B017C0178
:10A39000AC019B010E9405F7882309F443C0BD85E9
:10A3A000B09316162FEF621A720A35E06316710425
:10A3B00009F06DCF80E00E941028882309F4B6C010
:10A3C0008D85809316168091A1079091A207892B05
:10A3D00031F00E9447747093A2076093A1070E9416
:10A3E000822B0E944B3981E090E09093C4068093C9
:10A3F000C30680911616882309F40ECB0E941629F5
:10A400000BCB9FEF9CA3AFEFABA3B4E0B98750CFCA
:10A4100060E070E080E09FE390CF60E070E080E07B
:10A420009FE3A1CFE985AE2EEE0FBB08F5E0FA9DC4
:10A430008001FB9D100D1124060D171D000F111F2B
:10A44000000F111F095C184F2CA53DA54EA55FA557
:10A45000C701B6010E9413F4D8016D937D938D93CB
:10A460009C9313971E851F5FBE85B931F0F48091D0
:10A47000180B8330D1F4812F90E090936515809371
:10A480006415E5E0E0935815F2E8F0935B158DE86C
:10A4900090E1A0E0B0E080935C1590935D15A093EF
:10A4A0005E15B0935F150E94217195E09A9DF001B1
:10A4B0009B9DF00D1124E60DF71DEE0FFF1FEE0F13
:10A4C000FF1FE95CF84F20E030E04AE754E4608188
:10A4D0007181828193810E94D1ED0E947FF57093FA
:10A4E000651560936415A5E0A0935815B2E8B09384
:10A4F0005B15812F90E08158974F880F991F092E87
:10A50000000CAA0BBB0B80935C1590935D15A09378
:10A510005E15B0935F150E9421710E946845E98520
:10A52000FCA1EF0FE9871E871D86CFCEA7019601FC
:10A53000C701B6010E9405F7811145CF9E8D91118B
:10A5400024C012E084E0F82E02E0EF2CE11ADF2CA8
:10A55000D01A21E041E0602F812F0E94F8DC21E039
:10A560004FEF602F8E2D0E94F8DC2FEF41E06D2D14
:10A57000812F0E94F8DC2FEF4FEF6D2D8E2D0E9462
:10A58000F8DC015020F71150F8F60E94393580911F
:10A59000180B833039F51092180B8091140B882317
:10A5A00009F445C081E09AE59093651580936415A0
:10A5B00086E190E0909367158093661587E080931D
:10A5C000581582E880935B1584E890E0A0E0B0E045
:10A5D00080935C1590935D15A0935E15B0935F1505
:10A5E0000E9421710E9468D80E949312AE8DA11121
:10A5F0001AC084ED97E00E9494249B01AC01609105
:10A60000DC077091DD078091DE079091DF070E94E3
:10A6100012F46093DC077093DD078093DE0790935C
:10A62000DF07B1E0BD87ED85E0931616CCCE81E063
:10A630009AE5909365158093641580E490E0BACF15
:10A640002F923F924F925F926F927F928F929F9242
:10A65000AF92BF92CF92DF92EF92FF920F931F9330
:10A66000CF93DF93CDB7DEB7E1970FB6F894DEBF97
:10A670000FBECDBF85E40E94F52A10E000E08823DC
:10A6800019F00E9436188B0183E40E94F52A882372
:10A6900009F440C00E94361879A768A785E50E9492
:10A6A000C22A8BA3882319F00E945A188BA3C12CAD
:10A6B000D12CB6E1EB2EB3E4FB2E17FF06C0C12C64
:10A6C000D12CACE8EA2EA2E4FA2E83E50E94F52A0A
:10A6D000882321F00E94982A6B017C010115110545
:10A6E00011F41092FC050E9451AD6B877C878D8719
:10A6F0009E870115110599F44BE354E05C834B836D
:10A70000EB81FC818191FC83EB83882389F10E949A
:10A71000BC2BF6CF25E030E039A728A7BFCF8EE4C9
:10A7200094E09C838B83AB81BC818D91BC83AB8394
:10A73000882319F00E94BC2BF6CF8AE0E1960FB671
:10A74000F894DEBF0FBECDBFDF91CF911F910F9167
:10A75000FF90EF90DF90CF90BF90AF909F908F9041
:10A760007F906F905F904F903F902F900C94BC2BF8
:10A77000C701B6010E947FF5072E000C880B990BCC
:10A780000E9472ED6F87788B898B9A8B8AE00E948A
:10A79000BC2B0E940DAE8FE780937C1B81E08093E1
:10A7A00038024B845C846D847E844BA65CA66DA6C7
:10A7B0007EA61B8AF0E4FC8B2CE12D8B36E43E8BCD
:10A7C0001F8A188E198E1A8E1F8E18A219A21AA20D
:10A7D0001B8E1C8E1D8E1E8E812C912C5401FFE72A
:10A7E000CF2ED12CE12CF12C8FE790E0A0E0B0E04F
:10A7F0008F839887A987BA871CA21DA21EA21FA2B9
:10A8000091E09FA7212C312C19821A828091380265
:10A81000882309F483C20E9451AD6B837C838D83AE
:10A820009E83A0917A1BAAA7AA2309F470C00E9454
:10A830002AB22090F9103090FA10B091FB10B98331
:10A84000E091FC10EA832F89388D498D5A8DB10132
:10A850008B2F9E2F0E9473F6181634F42F8A388E91
:10A86000F981F98F2A812A8F2B893C894D895E894C
:10A87000B10189819A810E946BED87FF06C02B8A06
:10A880003C8A39813D8B4A814E8B5FA5910149817C
:10A89000552309F461C25A816F85788989899A891B
:10A8A0000E946BED87FF49C14B815C816D817E8188
:10A8B0004419550966097709DB01CA018858934193
:10A8C000A109B109B7FD3CC18F819885A985BA85D9
:10A8D0008C199D09AE09BF09B595A79597958795E0
:10A8E00080937C1B4CA35DA36EA37FA38F858F8B6E
:10A8F0009889988FA989A98FBA89BA8F2B813C81B1
:10A900004D815E812B873C874D875E871FA620E0A7
:10A9100030E040EA51E46F85788989899A890E94FC
:10A9200013F4910149815A810E946BED87FF0BC19D
:10A93000A3EAB9E0BC83AB83EB81FC8184913196BF
:10A94000FC83EB83882309F4CDC10E94BC2BF4CF98
:10A950005BEEC52ED12CE12CF12C55C224E130E068
:10A9600040E050E02F83388749875A8744E1C42E5E
:10A97000D12CE12CF12C55C2CF82D886E986FA86FB
:10A9800050C26F81788589859A850E94DB302AE0E4
:10A990003AE039AB28ABE8A9F9A984913196F9AB33
:10A9A000E8AB882319F00E94BC2BF5CFC701B60194
:10A9B0000E94DB304B895C896D897E8983E09AE057
:10A9C0000E9473BE4F89588D698D7A8D8CEF99E006
:10A9D0000E9473BE033011050CF490C0C701B6018C
:10A9E0000E9472ED20E030E040E850E40E94D1ED9A
:10A9F0004B015C012B893C894D895E896F89788D7B
:10AA0000898D9A8D0E9412F42BED3FE049E450E4C9
:10AA10000E94D1ED20E030E040E05FE30E94D1ED04
:10AA20009B01AC01C501B4010E940DF54B015C0115
:10AA3000C301B2010E9472ED2FE632E143E85AE30E
:10AA40000E94D1ED2B013C01B501A40186EF99E0F4
:10AA50000E9473BEB301A20180EF99E00E9473BE11
:10AA60002AE939E949E15FE3C501B4010E94D1ED6A
:10AA70004B015C01AC019B010E9413F4A301920104
:10AA80000E940DF56B8F7C8F8D8F9E8FA501940199
:10AA9000C301B2010E94D1ED20E030E040E05EE36E
:10AAA0000E94D1ED6F8F78A389A39AA320EE39E09D
:10AAB00039AB28ABE8A9F9A984913196F9ABE8AB99
:10AAC000882319F00E94BC2BF5CFB501A4018AEDB3
:10AAD00099E00E9473BE4B8D5C8D6D8D7E8D84EDF3
:10AAE00099E00E9473BE4F8D58A169A17AA18EECA6
:10AAF00099E00E9473BE8AE00E94BC2B8F819885EA
:10AB0000A985BA858C0D9D1DAE1DBF1DB595A79558
:10AB10009795879580937C1B0F5F1F4FFF85FB8B5D
:10AB200028892C8B39893D8B4A894E8B4B805C80E0
:10AB30006D807E805AA55FA7EACE81E08FA7E7CE21
:10AB400091E09FA7E4CE80E398EFAFEFBFEF2BA596
:10AB50003CA54DA55EA5821B930BA40BB50B2B81C9
:10AB60003C814D815E81820F931FA41FB51FB7FDED
:10AB70000DC00E94B93B8AE00E94BC2B8B819C8156
:10AB8000AD81BE818BA79CA7ADA7BEA78B819C8101
:10AB9000AD81BE81880F991FAA1FBB1F4B855C85A5
:10ABA0006D857E85440D551D661D771D841B950B97
:10ABB000A60BB70B81349747AB41B10580F181E01B
:10ABC0009AE5909365158093641589E590E09093DC
:10ABD00067158093661587E08093581582E8809307
:10ABE0005B1584E890E0A0E0B0E080935C15909362
:10ABF0005D15A0935E15B0935F150E94217125E845
:10AC000039E03C832B83EB81FC8184913196FC837A
:10AC1000EB83882309F466C00E94BC2BF4CF28A5DF
:10AC200039A5201731070CF076C048E259E05C8363
:10AC30004B83EB81FC8184913196FC83EB838823E9
:10AC400019F00E94BC2BF5CFB501A40183E199E076
:10AC50000E9473BE8AE00E94BC2B4B8D5C8D6D8D73
:10AC60007E8D8EEF98E00E9473BE8AE00E94BC2B1E
:10AC70004F8D58A169A17AA189EE98E00E9473BE18
:10AC80008AE00E94BC2BFBA1FF2361F18092711B23
:10AC90009092721BA092731BB092741B2CEA35EC3D
:10ACA00047E25EE36B8D7C8D8D8D9E8D0E94D1ED94
:10ACB00060936D1B70936E1B80936F1B9093701B42
:10ACC0002CEA35EC47E25EE36F8D78A189A19AA169
:10ACD0000E940DF56093751B7093761B8093771B14
:10ACE0009093781BE1960FB6F894DEBF0FBECDBFF0
:10ACF000DF91CF911F910F91FF90EF90DF90CF9058
:10AD0000BF90AF909F908F907F906F905F904F908B
:10AD10003F902F9008950E943A3C78CD8091380260
:10AD20008111E0CFE1960FB6F894DEBF0FBECDBF24
:10AD3000DF91CF911F910F91FF90EF90DF90CF9017
:10AD4000BF90AF909F908F907F906F905F904F904B
:10AD50003F902F900C940DAE5A816F857889898928
:10AD60009A890E9473F618160CF0D1CD8B819C81C4
:10AD7000AD81BE812B853C854D855E85821B930B05
:10AD8000A40BB50BAC01BD014858534161097109D1
:10AD900077FDBDCD101611060CF0B0CE4CA05DA015
:10ADA0006EA07FA0480E591E6A1E7B1E2CA13DA1DD
:10ADB0004EA15FA1281B390B4A0B5B0BC701B601E3
:10ADC0000E949FF3A30192010E94D1F3CF80D88407
:10ADD000E984FA84C20ED31EE41EF51E34E1C316C4
:10ADE000D104E104F1040CF4B9CD4CEEC416D10445
:10ADF000E104F1040CF0ACCD50E8C516D104E10437
:10AE0000F1040CF4B9CDCF82D886E986FA868EEFAC
:10AE100090E0A0E0B0E08C199D09AE09BF096C017B
:10AE20007D014FE05AE059AB48ABE8A9F9A98491FC
:10AE30003196F9ABE8AB882309F4A3CD0E94BC2B73
:10AE4000F4CF2F923F924F925F926F927F928F92A8
:10AE50009F92AF92BF92CF92DF92EF92FF920F93A9
:10AE60001F93CF93DF93CDB7DEB7CF55D1090FB680
:10AE7000F894DEBF0FBECDBF0091E40720E6029F2D
:10AE8000800111240159104F8091531680FF1AC080
:10AE900069EFE62E63E1F62EF7018491FFEFEF1ADA
:10AEA000FF0A811109C07801D7018D917D018823A6
:10AEB00031F00E94BC2BF8CF0E94BC2BEDCF8AE072
:10AEC0000E94BC2B81E090E09093C4068093C3065F
:10AED0001092F9051092F8058FE380930406109202
:10AEE000030610920206E4EFF5E084E0DF011D9214
:10AEF0008A95E9F77801F80180810F5F1F4F803252
:10AF0000C9F38E34E9F4818190ED980F9A3020F0E6
:10AF10008D3211F08B32A1F4F2E0EF0EF11C9701AB
:10AF20002F5F3F4FD7018C9180538A3008F494C033
:10AF300097012F5F3F4FF7018081803209F48EC067
:10AF4000F092D106E092D0066701FFEFCF1ADF0A38
:10AF5000D7011C916AE270E0C6010E94A4F7009735
:10AF600031F0FC01319780818032E1F311821D3490
:10AF700031F0143521F0173411F00C94756BF60193
:10AF80002081BFEFCB1ADB0A2032C9F320532A30CD
:10AF900010F00C94756B1093040690E080E0AAE02A
:10AFA000AF014F5F5F4F2081022E000C330B205307
:10AFB0003109A89FB001A99F700D1124C901860F06
:10AFC000971FFA01208120532A3050F390930306F3
:10AFD00080930206DF0131962C912032D9F31D3483
:10AFE00009F048C08E31910539F0D4F587319105CB
:10AFF00019F08C319105F1F5B093F905A093F8059E
:10B00000809104068D3409F499C6843511F40C94AA
:10B01000326B873411F00C94756B209002063090DF
:10B020000306BDE12B16310409F486C40CF0C2C03E
:10B03000F4E02F1631040CF0A7C022E022163104F0
:10B040000CF014C237FE44C11092C4061092C3061D
:10B050000E944F2E0C94C764790161CF790168CFAB
:10B06000853791053CF08737910534F2803AE3E06B
:10B070009E0711F270E060E0CC24C394D12C01C093
:10B08000DF01FD0131964C91442309F478C041322F
:10B09000A1F41D3491F48032910579F4F093F9050F
:10B0A000E093F80563E270E0CF010E94A4F70097F7
:10B0B00009F444C6DC011C92A3CF0FEB040F0A3144
:10B0C00008F056C0DF012D91203209F44BC030ED5D
:10B0D000320F3A3008F448C033ED320F323008F402
:10B0E00043C02B3209F440C030E020E06115710507
:10B0F00019F4BF0161507109602E712C530143E0B6
:10B10000B594A7944A95E1F7A5014C505A4F5A01BE
:10B11000402F4770D60102C0AA0FBB1F4A95E2F725
:10B12000AD01D5015C91452B4C9321153105F1F012
:10B130002E19D301A652BA4F2C93208121542A31C3
:10B1400008F49ECFAF014F5F5F4F208120532A301C
:10B15000A0F09F012F5F3F4F4081403209F090CF18
:10B16000F901F7CFFD01AECF9F01C6CF20E0E1CFBF
:10B170006115710511F7BD01E0CFFA01E3CF7093BE
:10B18000F9056093F8053CCF34E02316310409F447
:10B190008CC34CE12416310409F056CF0E94907DF7
:10B1A0008091180B813009F0C3C30E949926109238
:10B1B000180B4ACF5AE52516310409F492C454F508
:10B1C0009EE12916310409F4BAC3AAE22A16310411
:10B1D00009F03ACF80912602882309F435CF89E41B
:10B1E0000E94F52A182F00E0882319F00E943618D3
:10B1F000062F8AE40E94F52AE82E882309F40DC55B
:10B200000E943618F62E11110BC5F4E0FF1508F454
:10B2100009C516C5BCE52B16310409F469C40CF444
:10B2200063C4F2E92F16F0E13F0609F00DCF80E587
:10B230000E94C22A81110FC00AED1AE034E4F32EF5
:10B24000F80184910F5F1F4F882309F4FDCE8F25ED
:10B250000E94BC2BF5CF8091FA059091FB05892BBC
:10B2600079F400EA1AE024E4F22EF80184910F5FE9
:10B270001F4F882309F4E8CE8F250E94BC2BF5CF01
:10B280000E94982A25E632E94AE95BEC0E946BEDC0
:10B2900002E71AE094E4F92E882379F006E51AE033
:10B2A00084E4F82EF80184910F5F1F4F882309F47E
:10B2B000CBCE8F250E94BC2BF5CFF80184910F5F78
:10B2C0001F4F882309F4C0CE8F250E94BC2BF5CFD9
:10B2D00080912602882309F4B7CE0E94022B0E9497
:10B2E000682D8091160B813021F482E08093160B3B
:10B2F000ABCE90915E12992309F4A6CE823009F468
:10B30000A3CE8091F7109091F810893B9105DCF065
:10B310006091F7107091F810072E000C880B990BB4
:10B320000E9472ED9B01AC016091F9107091FA10CE
:10B330008091FB109091FC100E946BED87FF03C081
:10B340000E946845E5CF1092E90781E080933702BB
:10B3500080EA9FE09093CD078093CC078091140BF7
:10B36000882309F455C082E090E09093651580939E
:10B37000641585E08093581512E810935B1584E1FD
:10B3800090E1A0E0B0E080935C1590935D15A093F0
:10B390005E15B0935F150E94217161E070E080E05E
:10B3A00090E00E94657B81E09AE59093651580931B
:10B3B00064158BE090E0909367158093661587E0A5
:10B3C0008093581510935B1584E890E0A0E0B0E0FE
:10B3D00080935C1590935D15A0935E15B0935F15F7
:10B3E0000E94217181E08093EE078093160B80917B
:10B3F000A1079091A2070197A1F50E94477470934D
:10B40000A2076093A1071092F5061092F6061CCED3
:10B410008EE090E0909365158093641585E08093AD
:10B42000581512E810935B1584E190E1A0E0B0E0BC
:10B4300080935C1590935D15A0935E15B0935F1596
:10B440000E94217161E070E080E090E00E94657BE5
:10B4500081E09AE5909365158093641585E390E00B
:10B46000AACF1092A2071092A107CDCF80912602F9
:10B47000882309F4E9CD0E94022B82E50E94F52A77
:10B48000882309F463C10E94982A4B015C0120E0E3
:10B4900030E0A9010E946BED882309F438C12091A6
:10B4A000D4073091D5074091D6075091D7072CA7E4
:10B4B0003DA74EA75FA78091D8079091D907A0918B
:10B4C000DA07B091DB0788AB99ABAAABBBAB209195
:10B4D00016073091170740911807509119072CAFA4
:10B4E0003DAF4EAF5FAF80911A0790911B07A091BF
:10B4F0001C07B0911D078CAB9DABAEABBFAB6CA571
:10B500007DA58EA59FA50E946BED81110DC02CA974
:10B510003DA94EA95FA968A979A98AA99BA90E94FA
:10B520006BED882309F4F3C011E092E02916310491
:10B5300009F010E020E030E0A901C501B4010E944B
:10B540006BED881F8827881F1813F5C020E030E0B6
:10B5500040E85FE328962CAF3DAF4EAF5FAF289732
:10B560002CA53DA54EA55FA56CAD7DAD8EAD9FAD67
:10B570000E9412F468AF79AF8AAF9BAF28A939A9AE
:10B580004AA95BA96CA97DA98EA99FA90E9412F462
:10B590006B017C0128AD39AD4AAD5BADCA01B90183
:10B5A0000E94D1ED2B013C01A7019601C701B60114
:10B5B0000E94D1ED9B01AC01C301B2010E9413F4C2
:10B5C0000E94C1F624966CAF7DAF8EAF9FAF2497DB
:10B5D00020E030E040E05FE30E94D1ED2B013C0130
:10B5E000A5019401C501B4010E94D1ED4B015C019C
:10B5F000A3019201C301B2010E94D1ED9B01AC01F4
:10B60000C501B4010E9412F40E94C1F628962CAD27
:10B610003DAD4EAD5FAD28970E94D1ED4B015C0171
:10B62000C701B601905824962CAD3DAD4EAD5FAD2F
:10B6300024970E940DF5A50194010E94D1ED6B01A4
:10B640007C012CAD3DAD4EAD5FAD6CA57DA58EA54D
:10B650009FA50E9413F420E030E040E05FE30E94E9
:10B66000D1ED9B01AC01C701B6010E9413F42CA5DA
:10B670003DA54EA55FA50E9412F46B017C012CA98B
:10B680003DA94EA95FA968A979A98AA99BA90E9489
:10B6900013F420E030E040E05FE30E94D1ED2B01A5
:10B6A0003C0124962CAD3DAD4EAD5FAD249768AD09
:10B6B00079AD8AAD9BAD0E940DF5A50194010E9464
:10B6C000D1ED9B01AC01C301B2010E9413F428A982
:10B6D00039A94AA95BA90E9412F46CA77DA78EA77D
:10B6E0009FA720E030E0A901C701B6010E946BEDE1
:10B6F00081110C949C6B20E030E0A9016CA57DA524
:10B700008EA59FA50E946BED81110C949C6B03E2AA
:10B7100014E1F80184910F5F1F4F8111C3C002EF44
:10B720001AE0F80184910F5F1F4F882309F48CCC35
:10B730000E94BC2BF6CF80E090E0A0E8BFEB2896FB
:10B740008CAF9DAFAEAFBFAF28970ACF89E40E9400
:10B75000F52AC12CD12C7601882321F00E94982A49
:10B760006B017C018AE40E94F52A882311F40C9471
:10B770008D6B0E94982AB1CFB10190E080E00E94C9
:10B7800070ED2CA93DA94EA95FA90E94D1ED4B01F6
:10B790005C010E9408F56B017C01C501B4010E94A7
:10B7A000B3F64B015C01A701960168A979A98AA9A2
:10B7B0009BA90E94D1ED2B013C012CA53DA54EA5D6
:10B7C0005FA5C501B4010E94D1EDA30192010E94C1
:10B7D00013F42B013C01A501940168A979A98AA958
:10B7E0009BA90E94D1ED4B015C012CA53DA54EA566
:10B7F0005FA5C701B6010E94D1ED9B01AC01C50157
:10B80000B4010E9412F46CAF7DAF8EAF9FAF49E1DF
:10B8100048AF0C94286EC090A707809116079091AE
:10B820001707A0911807B091190788A399A3AAA395
:10B83000BBA380911A0790911B07A0911C07B091A0
:10B840001D078CA39DA3AEA3BFA380911E0790915B
:10B850001F07A0912007B091210788A799A7AAA741
:10B86000BBA7AE01485D5F4FBE016C5D7F4FCE014F
:10B8700080960E9453CD6096ECACFDAC0EAD1FAD32
:10B88000609722E237E0AE01485D5F4FBE016C5D1C
:10B890007F4FCE0180960E9432C00E9401130E9409
:10B8A000772BD2CB0E94BC2B34CF80E50E94F52AA7
:10B8B0008823D1F18091FA059091FB050097A1F1C1
:10B8C0004AE050E070E060E00E94EEEB6B017C012A
:10B8D00083E50E94F52A882361F00E94982A20E0DF
:10B8E00030E04AE754E40E94D1ED0E9486F56B01F6
:10B8F0007C010E94FDB50E94772B8091F10690910A
:10B90000F206A091F306B091F406C80ED91EEA1E05
:10B91000FB1E0E9451AD6C197D098E099F0997FF8E
:10B9200093CB0E946845F5CFC12CD12C7601D0CFA6
:10B9300080E00E94992688CB0E94BB4C85CBC090AA
:10B94000D407D090D507E090D607F090D70788E5C8
:10B950000E94F52A8111BDC020E030E0A901C70195
:10B96000B6010E9413F468A379A38AA39BA3C09095
:10B97000D807D090D907E090DA07F090DB0789E587
:10B980000E94F52A8111A8C020E030E0A901C7017A
:10B99000B6010E9413F46B017C01C982DA82EB824A
:10B9A000FC82209127073091280740912907509168
:10B9B0002A0768A179A18AA19BA10E9412F44B01D8
:10B9C0005C012FE632E143E85AEB0E9473F687FDF3
:10B9D0003BCB21E230E04BE953E4C501B4010E94C6
:10B9E0006BED18160CF430CB20912B0730912C07FF
:10B9F00040912D0750912E07C701B6010E9412F405
:10BA00006B017C012FE632E143E85AEB0E9473F6AA
:10BA100087FD1ACB21E230E04BE953E4C701B601C0
:10BA20000E946BED18160CF40FCB80E00E94992653
:10BA30000E949C2B83E50E94C22A882309F44FC0F0
:10BA40000E945A1821E0482FBE016F5F7F4FCE0140
:10BA500080960E9456766B017C01AC019B010E948E
:10BA600005F7811131C02CEA35EC47E257E368A1B4
:10BA700079A18AA19BA10E9413F4AB01BC0182E1D0
:10BA80009BE00E9473BE2CEA35EC47E257E36981E4
:10BA90007A818B819C810E9413F4AB01BC018DE003
:10BAA0009BE00E9473BE2CEA35EC47E257E3C701E6
:10BAB000B6010E9413F4AB01BC0188E09BE00E9438
:10BAC00073BE8AE00E94BC2B0E94822B0E944B39DD
:10BAD000BBCA0E94982A47CF0E94982A5CCF81E077
:10BAE000B1CF10920106B0CA81E080930106ACCAC2
:10BAF00085E40E94F52AB82E811102C00E94FDB58E
:10BB0000E1E88E2EE2E09E2EF4EDCF2EF7E0DF2E60
:10BB1000A2EEEA2EA6E0FA2E10E000E0A12C2224EC
:10BB20002394D4018D914D010E94F52A382E88234B
:10BB300051F1F60140805180628073800E94982A02
:10BB4000D6016D937D938D939C9313970330D9F019
:10BB5000023011F42092AA07A30192010E9412F46C
:10BB60009B01AC01F70160817181828193810E9408
:10BB700013F4D7016D937D938D939C931397C80114
:10BB80000E940B13A32C0F5F1F4FB4E0CB0ED11CF0
:10BB9000E4E0EE0EF11C0430110519F6AA2029F09C
:10BBA0000E9416290E944B394FCABB20D9F3C0907E
:10BBB000E007D090E107E090E207F090E3072091E2
:10BBC0008016309181164091821650918316C701DC
:10BBD000B6010E94D1ED0E9480F66093BA11709375
:10BBE000BB118093BC119093BD11C701B6010E9497
:10BBF0007FF52FB7F8946093691B70936A1B80934D
:10BC00006B1B90936C1B2FBF1092AA111092AB115B
:10BC10001092AC111092AD11C5CFF12C112381F00F
:10BC2000053060F00AE11BE0F80184910F5F1F4FBF
:10BC3000882309F409CA0E94BC2BF6CFE110E5CA9B
:10BC40000E949E28112339F1209105163091061685
:10BC50000203B001039F700D112480910116909191
:10BC60000216680F791F072E000C880B990B0E9493
:10BC700072ED2091270730912807409129075091B4
:10BC80002A070E9413F46093160770931707809396
:10BC9000180790931907EE2041F120910716309173
:10BCA00008164F2D4203B001439F700D112480915F
:10BCB000031690910416680F791F072E000C880B4D
:10BCC000990B0E9472ED20912B0730912C07409127
:10BCD0002D0750912E070E9413F460931A0770935A
:10BCE0001B0780931C0790931D0780E50E94C22AC2
:10BCF00081110E945A1886E40E94F52A8823D9F0FF
:10BD00000E94982A6B017C0120E030E0A9010E948A
:10BD100073F6181684F420E030E040E752E4C701DF
:10BD2000B6010E940DF56093220270932302809366
:10BD30002402909325020E94682D86C980910206F4
:10BD4000909103068637910509F46BC70CF030C15A
:10BD50008D34910509F438C50CF093C08A319105F2
:10BD600009F4B4C374F58531910509F45BC3BCF4DF
:10BD70008231910509F468C68431910509F412C332
:10BD8000419709F061C95F988A989FB7F8948091AC
:10BD900008018E7F809308019FBF129855C9873193
:10BDA000910509F44BC30CF443C38831910509F4A0
:10BDB00059C3499709F048C910925E120E946275F2
:10BDC00043C98F31910509F4F1C364F48C319105B5
:10BDD00009F4D5C30CF499C34E9709F035C90E94F4
:10BDE000F82E32C98A32910509F494C40CF03EC091
:10BDF000809709F029C980915E1281110E94FDB5DA
:10BE0000E090F805F090F90580E50E94C22A182F0D
:10BE1000882319F00E945A18182F80915F128823E6
:10BE200009F412C9412F61E0C7010E941F8383E515
:10BE30000E94F52A882381F00E943618AB01BC01CC
:10BE40004093F9145093FA146093FB147093FC140C
:10BE500089E294E10E945E1C80915F12882319F0B0
:10BE600081E080935E121111EFC82CC38B349105D1
:10BE700009F4A6C48C34910509F0E6C80E946275E5
:10BE8000E3C88A36910509F4A6C50CF05CC0843578
:10BE9000910509F4D9C5DCF48235910509F4CBC5C7
:10BEA0000CF0CDC58135910509F0CEC80E940DAECC
:10BEB0000E94FDB50E9483241092EB071092EA07BE
:10BEC00068EE73E080E090E00E94BBB5BDC88C35A1
:10BED000910509F417C6ECF48535910509F0B4C84D
:10BEE00083E50E94C22A882309F4AEC80E94982ADA
:10BEF00020E030E04AE754E40E94D1ED0E9486F54C
:10BF00006093D2067093D3068093D4069093D5069F
:10BF10009BC88836910509F45BC48936910509F000
:10BF200093C889E690E00E94973081112CC50AE100
:10BF30001CE0F80184910F5F1F4F882309F41EC590
:10BF40000E94BC2BF6CF8F36910509F46AC4FCF42D
:10BF50008C36910509F4CBC40CF45CC58D36910583
:10BF600009F431C58E36910509F06EC88EE40E9441
:10BF7000F52A882309F468C80E94361860933307AD
:10BF80007093340780933507909336075DC88137E7
:10BF9000910509F4B2C40CF4AEC48237910509F4DA
:10BFA0003AC68337910509F04FC80E946D2E4CC8E0
:10BFB0008C3251E0950711F40C9424690CF0EFC019
:10BFC0008B3C910509F4B9C60CF073C08C3891050F
:10BFD00009F4BEC47CF48837910509F45BC60CF4FF
:10BFE00055C68937910509F02FC81092260710927F
:10BFF000F7062AC88E3B910509F4E9C464F58B392C
:10C00000910511F00C94245883E50E94F52A8823A9
:10C0100011F40C9424580E9446188D3308F0D1C4B2
:10C020008093C9060E9451AD6B017C012091C90625
:10C0300030E0A8EEB3E00E9403F4C60ED71EE81E5F
:10C04000F91EC092C506D092C606E092C706F092CD
:10C05000C8060C942458883C910509F422C6893CF2
:10C06000910511F00C94245801E812E094E6E92EB1
:10C0700096E1F92E25E8C22E22E0D22EF801819118
:10C080008F010E94C22A882351F00E94982A0E94A0
:10C0900086F5D7016D937D938D939C931397B4E0B0
:10C0A000EB0EF11CC016D10649F70E9414BF0C9488
:10C0B0002458833D910509F469C154F58D3C9105DF
:10C0C00009F4C5C60CF457C6B1E8EB2EB2E0FB2E5E
:10C0D00010E000E08E3C910511F00C942458D7013B
:10C0E0008D917D010E94C22A882339F00E94982AEE
:10C0F000AB01BC01C8010E9461130F5F1F4F0330E9
:10C10000110569F70E9416290E944B390C94245896
:10C110008D3D910511F40C942B68A4F48C3D910590
:10C1200011F00C94245883E50E94F52A882311F419
:10C130000C9424580E943618709334026093330292
:10C140000C942458823E910511F40C944768883170
:10C15000914011F00C94245880E50E94C22A882353
:10C1600011F40C9424580E9436186B0103E214E178
:10C17000672B11F00C94096983E50E94C22A811192
:10C180000C94016909EF13E1F80184910F5F1F4FCF
:10C19000882311F40C9498680E94BC2BF5CF843A44
:10C1A000E1E09E0711F40C94AD69BCF5833621E003
:10C1B000920709F4D5C094F48E3241E0940711F44B
:10C1C0000C944F6914F40C944B698F32914011F028
:10C1D0000C9424580E9420530C9424588139B1E0C7
:10C1E0009B0711F40C94A3694CF48039914011F031
:10C1F0000C9424580E94FDB50C942458823921E0F7
:10C20000920711F40C94A8698A39914011F00C94AA
:10C2100024580E945D290C942458863F41E09407DD
:10C2200011F40C94D16A0CF055C08C3AA1E09A0735
:10C2300011F40C94106A0CF03EC0853A914011F054
:10C240000C94245889E40E94F52A0FEF882319F0F2
:10C250000E943618062F8AE40E94F52A1FEF8823D1
:10C2600019F00E943618162F8AE50E94C22AF82E6D
:10C27000B12C811104C081E50E94C22AB82E07FDAD
:10C2800004C017FD02C00C94B16903E214E1F80187
:10C2900084910F5F1F4F81110C94D0690BE61DE054
:10C2A000F80184910F5F1F4F882311F40C942458D8
:10C2B0000E94BC2BF5CF843FF1E09F0711F40C9452
:10C2C000CD6A853F914011F00C9424580E9486D38A
:10C2D0000C942458833533E0930761F1A4F4873F2D
:10C2E000914011F00C94245883E50E94C22A8823BF
:10C2F00011F40C94D56A0E945A1891E089270E9483
:10C30000F7CE0C942458803AA3E09A0709F441C16F
:10C31000873E934011F00C94245881E080932602CC
:10C3200083E50E94C22A81110C942A6B0E94F73087
:10C330000C94245809EF13E1F80184910F5F1F4F0B
:10C3400081110C94D86A02ED1DE0F80184910F5F11
:10C350001F4F882311F40C94DC6A0E94BC2BF5CF8C
:10C3600003E214E1F80184910F5F1F4F81110C94D7
:10C37000266B0CED1DE0F80184910F5F1F4F8823A1
:10C3800011F40C9424580E94BC2BF5CF09EF13E153
:10C39000F80184910F5F1F4F882309F4D4C50E94D0
:10C3A000BC2BF6CF08E41BE0F80184910F5F1F4F10
:10C3B000882319F00E94BC2BF7CF1092031510921E
:10C3C00002158FE892E10E94F21C8BE1EFE8F2E1A6
:10C3D000DE01159601900D928A95E1F780918D12FC
:10C3E00090918E129C838B8389E093E09A8389835A
:10C3F00050E040E0BE016F5F7F4F8AE394E00E940F
:10C400000481CE0101960E947B2409E31BE0F80120
:10C4100084910F5F1F4F882311F40C9424580E94BD
:10C42000BC2BF5CF0E94D0780E9489380C942458F8
:10C4300010925E1210925F120C9424588091F805AD
:10C440009091F905FC012191222331F02032D9F796
:10C45000DF0111971C92F7CF40E061E00E941F833B
:10C460000C94245861E57DE08FE892E10E9440241D
:10C470000CE51BE0882359F001E71BE0F8018491EB
:10C480000F5F1F4F882361F00E94BC2BF7CFF8018C
:10C4900084910F5F1F4F882319F00E94BC2BF7CFA8
:10C4A00009E51BE0F80184910F5F1F4F882319F005
:10C4B0000E94BC2BF7CF80915F12882319F081E096
:10C4C00080935E120E940C750C94245880915F1228
:10C4D000882311F40C94245883E50E94F52A8823BC
:10C4E00011F40C9424580E943618AB01BC014093FF
:10C4F000F9145093FA146093FB147093FC1489E2BE
:10C5000094E10E945E1C0C94245880915F1205E90E
:10C510001BE0882349F103E81BE0F80184910F5FD9
:10C520001F4F882319F00E94BC2BF7CF6091F9149C
:10C530007091FA148091FB149091FC144AE00E94CF
:10C5400033308FE20E94BC2B6091F5147091F61489
:10C550008091F7149091F8144AE00E9433308AE0F9
:10C560000E94BC2B0C942458F80184910F5F1F4F3C
:10C57000882311F40C9424580E94BC2BF5CF40E082
:10C5800060E08091F8059091F9050E941F830C945A
:10C5900024588091F8059091F90521E020935D12CF
:10C5A00040E060E00E941F830C9424580E9447746E
:10C5B0007B018C0120E831E541E050E00E94AFF3BF
:10C5C000C9016DE671E00E9431F74B015C01C801C1
:10C5D000B70120E13EE040E050E00E94AFF3CA0125
:10C5E000B90128E130E040E050E00E94AFF3762E40
:10C5F000672EC62ED72E7CE3272E312C412C512CB2
:10C60000C801B701A20191010E94AFF3F62EE72EF7
:10C61000CA01B901A20191010E94AFF3CB018E01C1
:10C620000F5F1F4F8114910431F1EF92FF927F93BE
:10C630006F936F927F92BF92AF929F928F928EEC88
:10C640009BE09F938F931F930F930E943BED0FB638
:10C65000F894DEBF0FBECDBF69EFE62E63E1F62E84
:10C66000F7018491FFEFEF1AFF0A882309F448C00D
:10C670000E94BC2BF5CFA114B10489F0EF92FF9278
:10C680007F936F936F927F92BF92AF928EEB9BE0FE
:10C690009F938F931F930F930E943BEDD8CFCD288C
:10C6A00079F0EF92FF927F936F936F927F9282EB7C
:10C6B0009BE09F938F931F930F930E943BEDC7CFF7
:10C6C000892B69F0EF92FF927F936F938AEA9BE048
:10C6D0009F938F931F930F930E943BEDB8CFEF92E0
:10C6E000FF9286EA9BE09F938F931F930F930E9484
:10C6F0003BED0F900F900F900F900F900F90ACCFDD
:10C70000B80182EE9BE00E94A8BE8AE00E94BC2B8A
:10C710000C94245883E50E94F52A882311F40C9484
:10C7200024580E944618E82E80E50E94F52A8823A6
:10C7300011F40C9424580E943618162FC62ED72EAA
:10C74000D7FE02C00C942458EBEDFCE083E09DE0A2
:10C7500024911217E9F031968E179F07C9F761E00F
:10C76000812F0E949F786E2D812F0E947178F12C6D
:10C77000B701812F0E948E7AF9E0CF16D10411F013
:10C780000C942458F092EB07E092EA070C9424589A
:10C7900003E214E1F8018491882329F00F5F1F4F11
:10C7A0000E94BC2BF7CF0FEE1BE0F8018491882389
:10C7B00011F40C9424580F5F1F4F0E94BC2BF5CF2F
:10C7C0000E940C750C9424580E94D9700C94245823
:10C7D00088E690E00E94973081110C942458809153
:10C7E000531683FF02C00C94245883E50E94F52A57
:10C7F000882399F00E94982A0E947FF5CB010E941D
:10C8000007AE0E94982A20E030E044EB52E40E94F8
:10C810006BED181614F00E94D9700E94E4BE0C94BF
:10C82000245883E50E94C22A882349F083E50E94A8
:10C83000F52A8823B9F00E9446188093531609EF11
:10C8400013E1F80184910F5F1F4F81110DC00CE0BF
:10C850001CE0F80184910F5F1F4F882341F00E9474
:10C86000BC2BF7CF80E0E9CF0E94BC2BEACF9091A0
:10C8700053160EEF1BE0992389F110E000E02091A0
:10C88000531630E0002E02C0359527950A94E2F742
:10C8900020FF1AC0DD24D394D80E882319F08CE22F
:10C8A0000E94BC2BF801EE0FFF1FEE5FF34FE590E7
:10C8B000F490F7018491FFEFEF1AFF0A882319F033
:10C8C0000E94BC2BF6CF8D2D0F5F1F4F0530110539
:10C8D000B1F68AE00E94BC2B0C942458F801849194
:10C8E0000F5F1F4F8823A9F30E94BC2BF7CF109234
:10C8F00038020C9424580E94F27083E50E94F52AB5
:10C90000811119C009EF13E1F80184910F5F1F4FE6
:10C91000882319F00E94BC2BF7CF40910C0250E005
:10C9200070E060E083E19CE00E9457BE8AE00E94D4
:10C93000BC2B0C9424580E9446188D3320F480930D
:10C940000C020C9424588CE380930C020C94245811
:10C950008091531683FF02C00C94245883E50E94F3
:10C96000F52A882311F40C9424580E94982A0E94D6
:10C970007FF5CB010E94AE3A0C9424580E94B93B3B
:10C980008AE00E94BC2B1092C4061092C306C15AC2
:10C99000DF4F0FB6F894DEBF0FBECDBFDF91CF9152
:10C9A0001F910F91FF90EF90DF90CF90BF90AF90CD
:10C9B0009F908F907F906F905F904F903F902F90BF
:10C9C00008958CE32DCB0E942A4A0C9424580E948F
:10C9D000F5470C94245883E50E94F52A882339F002
:10C9E0000E9436188B016F3F710519F010F00FEFA0
:10C9F00010E080E50E94F52A811106C01093EB0734
:10CA00000093EA070C9424580E9446188823B1F337
:10CA10000C94245880E50E94F52A811106C01092DA
:10CA2000EB071092EA070C9424580E943618672BE3
:10CA3000B1F30C942458109200060C94245881E011
:10CA4000809300060C94245883E50E94F52A8823DD
:10CA5000A1F00E94982A20E030E04AE754E40E94C6
:10CA6000D1ED0E9486F560930D0270930E028093C3
:10CA70000F02909310020C94245888E50E94C22A59
:10CA8000811115C089E50E94C22A811110C08AE572
:10CA90000E94C22A81110BC085E40E94C22A811122
:10CAA00006C00E94FDB50E9483240C9424580E9465
:10CAB000FDB588E50E94C22A882319F05F9A10927A
:10CAC000A80789E50E94C22A882319F08A9A109241
:10CAD000A9078AE50E94C22A882351F09FB7F894DB
:10CAE000809108018160809308019FBF1092AA077E
:10CAF00085E40E94C22A882311F40C942458129AC7
:10CB00000C94245831E8C32E32E0D32E44E7E42EAF
:10CB100046E1F42E10E0D6018D916D010E94C22AEB
:10CB2000882309F465C0133009F06DC00E94982A6B
:10CB30004B015C0120E030E040EA51E40E946BEDE3
:10CB400087FF4EC0A50194016091801670918116F7
:10CB500080918216909183160E940DF52B013C0165
:10CB6000AC019B01609123167091241680912516CB
:10CB7000909126160E94D1ED60932316709324168F
:10CB80008093251690932616A301920160913F167B
:10CB90007091401680914116909142160E94D1EDFD
:10CBA00060933F16709340168093411690934216FF
:10CBB0006091601670916116809162169091631673
:10CBC0000E9470EDA30192010E94D1ED0E9486F5B2
:10CBD000609360167093611680936216909363164B
:10CBE0008092801690928116A0928216B09283163F
:10CBF0001F5FF4E0EF0EF11C143009F08CCF0E949F
:10CC000027CE0C9424580E94982AF70160837183E0
:10CC100082839383EDCF0E94FDB50E944B390C9423
:10CC2000245885E40E94C22A882379F00E945A1869
:10CC3000882359F009EF13E1F80184910F5F1F4F2A
:10CC4000882319F00E94BC2BF7CF81E40E94C22AEE
:10CC5000882379F00E945A18882359F00DE11CE0CE
:10CC6000F80184910F5F1F4F882319F00E94BC2B9D
:10CC7000F7CF0091F8051091F905D8018D918D013C
:10CC8000882309F426CE0E94BC2BF7CF0E949ACEAF
:10CC90000C94245881E0809326078093F7060C9427
:10CCA000245888EC90E00E94973081110C9424580D
:10CCB00084E40E94C22A882379F10E94982A6B0199
:10CCC0007C0111E020E030E0A9010E946BED8111B0
:10CCD00001C010E010930D1620E030E0A901C7015B
:10CCE000B6010E946BED8823B9F01091FC050E94FB
:10CCF000982A6B017C0120E030E0A9010E946BEDD5
:10CD0000882371F0B4E01B9FF0011124E75FF94E16
:10CD1000C082D182E282F3820E944E120C94245887
:10CD200080E090E0A0EEBFE38093091690930A168E
:10CD3000A0930B16B0930C16EFCF01E812E083E33B
:10CD4000E82E86E1F82EF80181918F010E94C22A17
:10CD5000882341F00E94982AD7016D937D938D938B
:10CD60009C931397B4E0EB0EF11CE2E005381E072C
:10CD700051F70C94245883E50E94C22A8823D9F0E5
:10CD80000E94982AAB01BC0140932B1650932C169D
:10CD900060932D1670932E164093271650932816E5
:10CDA0006093291670932A168BE79CE00E9473BE4D
:10CDB0008AE00E94BC2B80E50E94C22A882399F059
:10CDC0000E94982AAB01BC0140932B1650932C165D
:10CDD00060932D1670932E168EE59CE00E9473BE14
:10CDE0008AE00E94BC2B82E50E94C22A882399F027
:10CDF0000E94982AAB01BC0140932F165093301625
:10CE000060933116709332168FE39CE00E9473BEDC
:10CE10008AE00E94BC2B84E50E94C22A882311F478
:10CE20000C9424580E94982AAB01BC014093271609
:10CE3000509328166093291670932A1681E29CE07D
:10CE40000E9473BE8AE00E94BC2B0C94245883E598
:10CE50000E94C22A882351F00E94982A60934B16A0
:10CE600070934C1680934D1690934E1684E50E9455
:10CE7000C22A882351F00E94982A60934716709323
:10CE800048168093491690934A1682E40E94C22A5B
:10CE90008823A9F08091FA059091FB05009709F489
:10CEA0004EC04AE050E070E060E00E94EEEB60931C
:10CEB000431670934416809345169093461688E562
:10CEC0000E94C22A882351F00E94982A6093171664
:10CED000709318168093191690931A1689E50E947C
:10CEE000C22A882351F00E94982A60931B167093DF
:10CEF0001C1680931D1690931E168AE50E94C22A66
:10CF0000882351F00E94982A60931F167093201670
:10CF1000809321169093221685E40E94C22A8823CA
:10CF200011F40C9424580E94982A6093231670934D
:10CF3000241680932516909326160C94245860E0AE
:10CF400070E0CB01B4CF83E50E94C22A882321F090
:10CF50000E945A18809321020BEC1CE0F801849186
:10CF60000F5F1F4F882319F00E94BC2BF7CF8091D1
:10CF7000210203EC1CE0811102C007EC1CE0F80167
:10CF800084910F5F1F4F81110BC00BEB1CE0F80168
:10CF900084910F5F1F4F882331F00E94BC2BF7CF85
:10CFA0000E94BC2BECCF4091D6065091D7066091E1
:10CFB000D8067091D90689EB9CE00E9473BE40911F
:10CFC000DA065091DB066091DC067091DD0686EB97
:10CFD0009CE00E9473BE4091DE065091DF06609196
:10CFE000E0067091E10683EB9CE00E9473BE0BEAC1
:10CFF0001CE0F80184910F5F1F4F882319F00E94F5
:10D00000BC2BF7CF40911102509112026091130294
:10D010007091140289EA9CE00E9473BE409115024F
:10D0200050911602609117027091180286EA9CE0F6
:10D030000E9473BE4091190250911A0260911B0226
:10D0400070911C0283EA9CE00E9473BE8AE00E94F9
:10D05000BC2B0C9424588DED90E00E9497308111E8
:10D060000C94245883E50E94F52A882311F40C942B
:10D0700024580091FC0510E00E943618000F111F83
:10D08000F801EE5BFD4F718360830C94245880E5BA
:10D090000E94C22A882311F40C9424580E94361846
:10D0A0006B0183E50E94F52A0FEF1FEF882319F02B
:10D0B0000E9436188B01C8010196039710F00C945A
:10D0C0002458D7FE02C00C9424582C2DEBEDFCE024
:10D0D00083E09DE03491231711F40C942458319689
:10D0E0008E179F07B9F70E94FDB5BC2C60E08C2D10
:10D0F0000E949F780F3F100731F00130110569F051
:10D1000010E000E00AC08C2D0E94CADF31E020E070
:10D11000892B09F030E0032F122F8B2D0E94CADFDC
:10D120008017910711F40C9424580E946845F5CF9C
:10D1300070E060E086E09DE00E948FBE80912F123B
:10D1400068E5C62E62E0D62EC81AD10887FDD394B2
:10D15000CC0CDD1CCC0CDD1C0D2C000CEE08FF08EB
:10D1600080912E12E8E88E2E912C881A910887FD66
:10D170009394880C991C880C991C092C000CAA0803
:10D18000BB0880912D1290E08F3FC9F1FC01EE0F9A
:10D19000FF1FE80FF91FE054FE4E8181928143E0AA
:10D1A000880F991F4A95E1F7B0E0A0E054E0B595EB
:10D1B000A795979587955A95D1F702969C012F5F71
:10D1C0003F4F032E000C440B550B281939094A090F
:10D1D0005B09A4EBB0E00E94F0F3A70196012819C7
:10D1E00039094A095B090E94D1F3B90183E09DE046
:10D1F0000E948FBE8AE00E94BC2B0C94245880E0D1
:10D20000DDCF0E9436188DE292E10E9428BD0C9479
:10D210002458F80184910F5F1F4F882319F00E9452
:10D22000BC2BF7CFB6018DE19DE00E948FBE0EE0D2
:10D230001DE0F80184910F5F1F4F882311F40C94B7
:10D2400024580E94BC2BF5CF83E50E94F52A64E0A8
:10D2500071E081110E94361879A368A380E50E94CD
:10D26000F52A811105C088EE93E09A8389830AC06C
:10D270000E94361888E893E16938F3E17F07A8F740
:10D280007A836983BE01605E7F4FCE0101960E9462
:10D290003D780C9424580E94EA3A0C94245883E573
:10D2A0000E94C22A182F882371F00E94982A0E9497
:10D2B0007FF5709351026093500221E0672B09F0D3
:10D2C00020E02093841680E50E94C22A882361F022
:10D2D0002091500230915102232B11F00E945A18D4
:10D2E000809384160C94245811110C94245809EF3F
:10D2F00013E1F80184910F5F1F4F882319F00E94FA
:10D30000BC2BF7CF8091841663E175E0811102C0D8
:10D3100067E774E089E39DE00E94A8BE6091500237
:10D320007091510288E29DE00E948FBE04E21DE0F0
:10D33000F80184910F5F1F4F882311F40C94245837
:10D340000E94BC2BF5CF81E00E9410280C94245839
:10D3500080E00E9410280C9424580E94A6380C9457
:10D360002458F11004C0BB2011F40C944561053021
:10D3700010F41530E0F003E214E1F80184910F5F3E
:10D380001F4F811111C00CE41DE0F80184910F5F63
:10D390001F4F882311F40C9424580E94BC2BF5CF06
:10D3A0000E94BC2B0C9447610E94BC2BE6CF0E94CC
:10D3B000982AA02F000FBB0B012F110F110B20E09B
:10D3C00030E0A901BB2091F025E02A9FF0012B9FBE
:10D3D000F00D1124E00FF11FEE0FFF1FEE0FFF1FE6
:10D3E000E95CF84F2081318142815381E5E0FE2ED6
:10D3F000FA9EF001FB9EF00D1124E00FF11FEE0FDD
:10D40000FF1FEE0FFF1F8F01095C184F0E9413F4DE
:10D41000D8016D937D938D939C9313970C9424580E
:10D420009EEEE92E96E0F92E10E000E0F701EE5EA8
:10D43000F6406F01D7018D917D01882309F485C0E5
:10D44000F801EC52F84F4080518062807380F801FF
:10D45000EF5EFD4F2081318142815381F801EA5214
:10D46000F94F60817181828193810E9413F420E0E1
:10D4700030E040E05FE30E94D1ED9B01AC01C301CD
:10D48000B2010E9473F618160CF041C0F801EF507B
:10D49000F14F85919591A591B4914C015D01F801F1
:10D4A000E95DF84F2081318142815381C301B2018E
:10D4B0000E9412F49B01AC01B401C5010E9412F458
:10D4C0004B015C0120E030E040EA51EC0E9473F631
:10D4D00087FD0AC020E030E040EA51E4C501B40114
:10D4E0000E946BED181664F503E214E1F8018491D3
:10D4F0000F5F1F4F811110C00BE81DE0F8018491F0
:10D500000F5F1F4F882359F00E94BC2BF7CF812C4F
:10D51000912CA12CB12CC3CF0E94BC2BE7CF88E269
:10D5200090E099A388A388EC90E09A838983BE0158
:10D53000605E7F4FCE0101960E943D780C94245886
:10D54000B501A401C6010E9461130C5F1F4F0C308E
:10D55000110509F06BCF0E9416290E944B3983E90F
:10D5600092E09A83898304E610E019A308A3BE0120
:10D570006F5F7F4FCE0180960E943D788AEB92E0EC
:10D580009A83898319A308A3BE016F5F7F4FCE01E1
:10D5900080960E943D780C9424580E9468D80C9480
:10D5A00024580E9485D20C94245881E00C947D610B
:10D5B0000E94BC2B0C949C618AE50E94C22A88239D
:10D5C000C1F10E94982A6B017C0120E030E040EA22
:10D5D00051EC0E9473F687FD0AC020E030E040EA7B
:10D5E00051E4C701B6010E946BED181664F40BEB11
:10D5F0001DE0F80184910F5F1F4F882309F469C96A
:10D600000E94BC2BF6CFC092B907D092BA07E09225
:10D61000BB07F092BC070E947C756091B9077091BE
:10D62000BA078091BB079091BC0742E00E94C334C7
:10D6300050C94091B9075091BA076091BB077091EA
:10D64000BC0789EA9DE00E9473BE43C90E94BC2BBF
:10D650000C94B2610E945A18882311F40C949661BC
:10D660000C94245810910206112331F189EFE82E11
:10D6700083E1F82EF7018491FFEFEF1AFF0A882368
:10D6800019F00E94BC2BF6CF84E50E94BC2B612FC1
:10D6900070E090E080E04AE00E94333080E20E9437
:10D6A000BC2B0BE114E0D8018D918D01882309F486
:10D6B00010C90E94BC2BF7CF1092A70709EF13E106
:10D6C000F80184910F5F1F4F882319F00E94BC2B33
:10D6D000F7CF6091A70770E08BEE9DE00E948FBEB0
:10D6E0008AE00E94BC2B0C94245809EF13E1F80146
:10D6F00084910F5F1F4F882319F00E94BC2BF7CF36
:10D70000B7018DEF9DE00E94A8BE82E20E94BC2B73
:10D710008AE00E94BC2B0C94245820E030E0A90140
:10D72000C701B6010E946BED882311F40C94875B4E
:10D730001CA61DA61EA61FA6A7019601505828AB21
:10D7400039AB4AAB5BAB8CA59DA5AEA5BFA5B058C8
:10D750008CAF9DAFAEAFBFAFA7019601C701B601B9
:10D760000E94D1ED4B015C012CA53DA54EA55FA506
:10D77000CA01B9010E94D1ED9B01AC01C501B40100
:10D780000E9413F40E94C1F668966CAF7DAF8EAF15
:10D790009FAF68972091D4073091D5074091D60765
:10D7A0005091D7072CAB3DAB4EAB5FABC701B60179
:10D7B0000E9413F428966CAF7DAF8EAF9FAF289771
:10D7C0008091D8079091D907A091DA07B091DB0733
:10D7D00024968CAF9DAFAEAFBFAF24972CA53DA5CF
:10D7E0004EA55FA5BC01CD010E9413F46C966CAFF1
:10D7F0007DAF8EAF9FAF6C972091160730911707C2
:10D8000040911807509119072C962CAF3DAF4EAFA1
:10D810005FAF2C9728962CAD3DAD4EAD5FAD2897F0
:10D820002C966CAD7DAD8EAD9FAD2C970E9412F401
:10D830006B017C0180911A0790911B07A0911C0736
:10D84000B0911D0760968CAF9DAFAEAFBFAF609734
:10D850006C962CAD3DAD4EAD5FAD6C97BC01CD016E
:10D860000E9412F44B015C012091DC073091DD072E
:10D870004091DE075091DF0764962CAF3DAF4EAF6D
:10D880005FAF649760911E0770911F07809120071A
:10D89000909121070E9412F468AF79AF8AAF9BAFD5
:10D8A000A701960168A979A98AA99BA90E94D1ED2F
:10D8B0002B013C01A50194016CAD7DAD8EAD9FADFA
:10D8C0000E94D1ED9B01AC01C301B2010E9413F48F
:10D8D0002B013C01A501940168A979A98AA99BA9FA
:10D8E0000E94D1ED4B015C01A70196016CAD7DADAD
:10D8F0008EAD9FAD0E94D1ED9B01AC01C501B4017D
:10D900000E9412F4A30192010E9492F46B017C0127
:10D9100020E030E0A9010E946BED87FF0AC02BEDEB
:10D920003FE049EC50E4C701B6010E9413F46B01DB
:10D930007C0132E02316310451F42BED3FE049EC39
:10D9400050E4C701B6010E9412F46B017C0120E093
:10D9500030E0A901C701B6010E946BED811126C01C
:10D960002C962CAD3DAD4EAD5FAD2C976CA97DA92D
:10D970008EA99FA90E946BED811118C060962CADF5
:10D980003DAD4EAD5FAD609724966CAD7DAD8EAD77
:10D990009FAD24970E946BED811108C01BEDC12E35
:10D9A0001FE0D12E19ECE12E10E4F12EA701960113
:10D9B00068966CAD7DAD8EAD9FAD68970E94D1ED40
:10D9C0009B01AC010E94D1ED4B015C0128AD39AD4A
:10D9D0004AAD5BADCA01B9010E94D1ED9B01AC011A
:10D9E000C501B4010E9413F40E94C1F64B015C0111
:10D9F0002FE632E143E85AE30E946BED87FF02C055
:10DA00000C944F5CC501B4010E94B5F50E9486F5E7
:10DA100022967FAF6EAF2297672B31F421E030E082
:10DA200022963FAF2EAF22974090E0075090E1073B
:10DA30006090E2077090E30722968EAC9FAC22972D
:10DA4000B40190E080E00E9470ED4B015C01AC01FC
:10DA50009B01C701B6010E940DF56CAB7DAB8EAB8F
:10DA60009FABA501940168AD79AD8AAD9BAD0E94D5
:10DA70000DF568966CAF7DAF8EAF9FAF6897A30131
:10DA80009201609122077091230780912407909161
:10DA900025070E9412F4A50194010E940DF5A0969D
:10DAA0006CAF7DAF8EAF9FAFA0972CA93DA94EA9BB
:10DAB0005FA9CA01B9010E94D1ED20E030E040E049
:10DAC0005FE30E94D1ED9B01AC0160E070E080E873
:10DAD0009FE30E9412F42C966CAF7DAF8EAF9FAF88
:10DAE0002C9764962CAD3DAD4EAD5FAD6497298704
:10DAF0003A874B875C874D865E866F86788A609111
:10DB0000330270913402072E000C880B990B0E948F
:10DB100072ED209122023091230240912402509113
:10DB200025020E94D1ED2AE037ED43E25CE30E943A
:10DB3000D1ED60966CAF7DAF8EAF9FAF60970E94C6
:10DB400051AD9B01AC0128533F4F4F4F5F4F64963F
:10DB50002CAF3DAF4EAF5FAF649748A859A86AA8F5
:10DB60007BA822242394312C39E138AF22968EAC45
:10DB70009FAC22978214930411F40C940B5C0E94C6
:10DB80004DB20E9451AD64962CAD3DAD4EAD5FAD32
:10DB90006497621B730B840B950B97FD10C00E945A
:10DBA00051AD9B01AC0128533F4F4F4F5F4F6496DF
:10DBB0002CAF3DAF4EAF5FAF64970E94684538AD64
:10DBC000315038AF332311F40C94BC5B9201A301A4
:10DBD0006CA97DA98EA99FA90E94D1ED6B017C0142
:10DBE0002CAD3DAD4EAD5FAD2C966CAD7DAD8EAD2B
:10DBF0009FAD2C970E94D1ED9B01AC01C701B601EE
:10DC00000E9413F46B017C019201A3012C966CAD70
:10DC10007DAD8EAD9FAD2C970E94D1ED4B015C0187
:10DC20002CAD3DAD4EAD5FAD6CA97DA98EA99FA970
:10DC30000E94D1ED9B01AC01C501B4010E9412F418
:10DC40002B013C01C601D7018CAF9DAFAEAFBFAF7A
:10DC50009201A30128966CAD7DAD8EAD9FAD289746
:10DC60000E9413F469837A838B839C832CAD3DAD32
:10DC70004EAD5FAD6C966CAD7DAD8EAD9FAD6C97CE
:10DC80000E9413F46D837E838F83988768962CADF2
:10DC90003DAD4EAD5FAD689769857A858B859C8576
:10DCA0000E9413F469877A878B879C87A0962CAD96
:10DCB0003DAD4EAD5FADA0976D857E858F85988912
:10DCC0000E9413F46D877E878F87988B8091210245
:10DCD000882321F0CE0101960E94BC11C090A707B5
:10DCE00089819A81AB81BC8188A399A3AAA3BBA394
:10DCF0008D819E81AF81B8858CA39DA3AEA3BFA368
:10DD000089859A85AB85BC8588A799A7AAA7BBA753
:10DD1000AE01485D5F4FBE016C5D7F4FCE018096C6
:10DD20000E9453CD6096ECACFDAC0EAD1FAD60977C
:10DD30009E01235F3F4FAE01485D5F4FBE016C5DAA
:10DD40007F4FCE0180960E9432C05FEF251A350AC0
:10DD50000DCF8150823108F05AC0E82FF0E08827BB
:10DD6000EB54F1498F4F0C9459F7D56ED96EC76EAD
:10DD7000CD6ED16E076FDC6EE26EE66EEC6EF06E0D
:10DD8000F46EFA6EFE6E076F026F086F0C6F809173
:10DD900080008F77809380000895809180008F7D30
:10DDA000F9CF80918000877FF5CF84B58F7784BDD0
:10DDB000089584B58F7DFBCF8091B0008F778093DD
:10DDC000B00008958091B0008F7DF9CF80919000D0
:10DDD0008F77809390000895809190008F7DF9CF88
:10DDE00080919000877FF5CF8091A0008F778093FE
:10DDF000A00008958091A0008F7DF9CF8091A000B0
:10DE0000877FF5CF809120018F778093200108953F
:10DE1000809120018F7DF9CF80912001877FF5CF00
:10DE20008F929F92AF92BF92CF92DF92EF92FF922A
:10DE3000CF93DF9322E034E130936C0F20936B0F8C
:10DE400010921E1442E050E060E070E0409307142E
:10DE5000509308146093091470930A1410926A0F77
:10DE60001092660F1092670F1092680F1092690F50
:10DE70004FEF5FEFBA014093620F5093630F6093CF
:10DE8000640F7093650F882309F470C040E060E070
:10DE900070E0CB010E94521A81110DC0C0E08C2F9E
:10DEA000DF91CF91FF90EF90DF90CF90BF90AF9038
:10DEB0009F908F9008958091200F8F7779F78091B0
:10DEC0002C0F90912D0FA0912E0FB0912F0F843613
:10DED0009105A105B10510F3C090280FD090290F2E
:10DEE000E0902A0FF0902B0FC114D104E104F1044B
:10DEF000A9F240E0C701B6010E94521AC82F882338
:10DF000069F280916D0D90916E0D8115924031F600
:10DF1000A091720DAA2311F26091700D7091710D94
:10DF20006115710509F4BACF20916F0D222309F410
:10DF3000B5CFA093191420930B1490E080E030E04B
:10DF4000E1E0F0E0D82FAF01082E02C0440F551FCA
:10DF50000A94E2F72417350769F041E0480F01966B
:10DF60008930910579F74093141498CFC12CD12CA6
:10DF70007601BFCF809314142091780D3091790DE4
:10DF800050E040E02115310541F42091860D30919B
:10DF9000870D4091880D5091890D20930C1430937A
:10DFA0000D1440930E1450930F1446015701860E22
:10DFB000971EA11CB11C80921A1490921B14A0925F
:10DFC0001C14B0921D14E091730DF091740DF09338
:10DFD0002014E0931F14B0E00E94F0F3DC01CB01A9
:10DFE000880D991DAA1DBB1D8093211490932214A6
:10DFF000A0932314B093241425E0EE0FFF1F2A955D
:10E00000E1F7E150FE4FEF2FFF27E6958E0F9F1FA0
:10E01000A11DB11D8093151490931614A09317148D
:10E02000B09318148090750D9090760DB12CA12CA2
:10E030008114910441F48090820D9090830DA09002
:10E04000840DB090850DC81AD90AEA0AFB0AC80CDB
:10E05000D91CEA1CFB1C04C0F694E794D794C7941F
:10E06000DA95D2F7C0921014D0921114E0921214E3
:10E07000F092131485EFC8168FE0D806E104F1047E
:10E0800020F48CE080931E1409CF80E125EFC216A6
:10E090002FEFD206E104F10488F080918E0D90916B
:10E0A0008F0DA091900DB091910D809321149093BC
:10E0B0002214A0932314B093241480E280931E149E
:10E0C000EECECF93DF9300D01F92CDB7DEB719828B
:10E0D0001A821B821C829E012F5F3F4F4CED57E03E
:10E0E0000E9414270F900F900F900F90DF91CF9107
:10E0F0000895CF93DF9300D01F92CDB7DEB719827A
:10E100001A821B821C82BE016F5F7F4F0E9408280B
:10E110000F900F900F900F90DF91CF910895CF92B5
:10E12000DF92EF92FF92C090F910D090FA10E09039
:10E13000FB10F090FC106091F7107091F810665091
:10E140007109072E000C880B990B0E9472ED9B0140
:10E15000AC01C701B6010E946BED87FF21C020E032
:10E1600030E040E050E4C701B6010E9413F40E9481
:10E1700086F57093F6106093F5100E9451AD605CC7
:10E1800073468F4F9F4F6093F1107093F2108093FE
:10E19000F3109093F410FF90EF90DF90CF900895DC
:10E1A0001092F1101092F2101092F3101092F410DD
:10E1B000F2CF80914E1290914F120197029780F406
:10E1C00010924F1210924E120E9451AD609358124D
:10E1D0007093591280935A1290935B1281E00895C4
:10E1E00080E00895C3E2D4E1FE018491219681117B
:10E1F0000AC0CFEFD3E1FE0184912196882331F04C
:10E200000E94BC2BF8CF0E94BC2BEECF0E940DAE1B
:10E210000E948324FFEF2BE48DE1F15020408040E9
:10E22000E1F700C00000F8949FEFE4E3FCE09150B8
:10E23000E040F040E1F700C000000E940DAEA8955C
:10E24000FECF0F931F93CF93DF93209159152A355B
:10E2500009F091C090915A15953A09F08CC08091BF
:10E260005815833008F487C02093A8159093A915FA
:10E270008093AA1590915B159093AB159038A9F4F3
:10E2800090915C159093AC15E4E6F5E1ADEAB5E14B
:10E2900030E020E08250990B281739079CF4408128
:10E2A00032964D932F5F3F4FF7CF8330F9F491387B
:10E2B00009F066C080915C158093AC158091601563
:10E2C0008093AD1508EA15E1D0E0C0E080915815C3
:10E2D00090E002968C179D07D4F1D8016D918D01C5
:10E2E0008DEF90E10E9472A72196F0CF9238F1F461
:10E2F00090915C1520915D152093AC159093AD1510
:10E30000EEEAF5E130E020E08350990B2817390759
:10E31000CCF6D901AE7FAC59BA4E4C9111965C91B6
:10E32000508341832E5F3F4F3296F0CF843051F6B9
:10E33000933841F680915C1590915D159093AC15E2
:10E340008093AD15809160158093AE15BBCFE8E545
:10E35000F5E180E5DF011D928A95E9F7E8EAF5E14C
:10E360008AE1DF011D928A95E9F78AE580935915C4
:10E3700085EA80935A15DF91CF911F910F910895EF
:10E38000923809F09FCFB4CF61157105E1E08E0797
:10E390009105C0F09093651580936415709367158F
:10E3A0006093661587E08093581582E880935B152B
:10E3B00020935C1530935D1540935E1550935F1567
:10E3C0000C942171709365156093641585E0EBCF13
:10E3D0000F931F93CF93DF93EC010E9451AD8B01FC
:10E3E0000E94E5188F3F69F00E9451AD601B710BD0
:10E3F0006C177D07A8F380E0DF91CF911F910F91FB
:10E40000089581E0F9CF0F931F93CF93DF93FC0121
:10E4100020812B3379F12091F010243058F5EC0154
:10E420008091EF10F0E68F9FC0011124BE01815949
:10E43000904F0E94B8F780E00E94A82809EF13E1EE
:10E44000F80184910F5F1F4F882319F00E94BC2BA5
:10E45000F7CFBE018CEE93E10E94A8BE82E20E943B
:10E46000BC2B8AE00E94BC2B81E0DF91CF911F91F1
:10E470000F91089580E0F9CF2F923F924F925F92D3
:10E480006F927F928F929F92AF92BF92CF92DF92C4
:10E49000EF92FF920F931F93CF93DF93CDB7DEB729
:10E4A000AA970FB6F894DEBF0FBECDBF2DB63EB60D
:10E4B00080918A128F93809189128F9383EE93E1DA
:10E4C0009F938F938E010F5D1F4F1F930F930E9499
:10E4D0003BED0F900F900F900F900F900F90F12C3D
:10E4E000F80101900020E9F73197E01BF10BFE16CF
:10E4F00084F46801CF0CD11CF7FCDA94F60180811A
:10E50000082E000C990B0E9468F7F6018083F394A3
:10E51000E7CF8FE892E10E94F21CA12C9E012F5FB1
:10E520003F4F79018CED882E83E1982E98ED692E6E
:10E5300093E1792E80919212823008F487C0809105
:10E54000971290919812A0919912B0919A128F718E
:10E550009927AA27BB27892B8A2B8B2B09F076C0FA
:10E5600050E040E0B7018FE892E10E943721181691
:10E570000CF06CC0F70101900020E9F73197BE2E36
:10E58000BE18BA943FEFB31669F06701CB0CD11CEB
:10E59000B7FCDA94F601808190E00E9468F7F601FA
:10E5A0008083EFCF8A858E3729F245E050E0B801AD
:10E5B000C7010E94BFF7892B09F0BCCF4DB65EB6EC
:10E5C000F80101900020E9F7CF01801B910B049620
:10E5D0002DB73EB7281B390B0FB6F8943EBF0FBEC0
:10E5E0002DBF8DB79EB701966C011F930F939F921D
:10E5F0008F92DF928F930E943BED560194E0A90E1B
:10E60000B11C0F900F900F900F900F900F90F5018D
:10E6100081915F01882349F0082E000C990B0E941C
:10E6200068F7F50131978083F2CFC6010E9403722B
:10E6300070926E0F60926D0F0E94BD280FB6F89415
:10E640005EBE0FBE4DBEAA24A39474CF8FEF9FEF82
:10E65000AA2029F08091891290918A1201969093B4
:10E660008A12809389120FB6F8943EBE0FBE2DBE5B
:10E67000AA960FB6F894DEBF0FBECDBFDF91CF9143
:10E680001F910F91FF90EF90DF90CF90BF90AF90D0
:10E690009F908F907F906F905F904F903F902F90C2
:10E6A00008958F929F92AF92BF92CF92DF92EF9296
:10E6B000FF920F931F93CF93DF9300D01F92CDB79C
:10E6C000DEB7FC018381813011F080E060C0818180
:10E6D00081FFFBCF81899289A389B489892B8A2BF9
:10E6E0008B2B09F46EC07F0140E050E0BA01CF01EE
:10E6F0000E945E1C882349F3F701C18CD28C858867
:10E700009688A788B08C82E090E0A0E0B0E0F601A7
:10E7100080839183A283B3839E012F5F3F4FB50116
:10E72000A401C6010E94211B882379F200E010E0B9
:10E730009801B501A401C6010E948F1A882329F20D
:10E7400089809A80AB80BC80F6018789803181F511
:10E75000F8EF8F16FFEF9F06A104B104E8F2F7016E
:10E76000158A168A178A108E118A128A138A148AB9
:10E77000818180688183C7010E940C1E882309F46F
:10E78000A4CF40E050E0BA01C7010E945E1C0F9088
:10E790000F900F900F90DF91CF911F910F91FF90ED
:10E7A000EF90DF90CF90BF90AF909F908F900895A3
:10E7B00088EF88168FEF9806A8068FE0B80678F6DF
:10E7C000ABCF81E0E4CF0F931F93CF93DF932091E2
:10E7D0005F12222309F447C020914B14211143C03A
:10E7E000262FEC01AC016FE872E188E494E10E940D
:10E7F000602307E813E1811120C003E713E1F8016A
:10E8000084910F5F1F4F811110C08E01F80181911B
:10E810008F0181110DC0C0E7D3E1FE0184912196E3
:10E82000882309F10E94BC2BF8CF0E94BC2BE7CFB4
:10E830000E94BC2BEBCF0E94BC2BF80184910F5F90
:10E840001F4F8111F8CF8E01F80181918F0188232C
:10E8500019F00E94BC2BF8CF8AE0DF91CF911F9175
:10E860000F910C94BC2BDF91CF911F910F910895C4
:10E8700040E050E0BA0188E494E10E945E1C49E463
:10E8800052E069E17BE088E494E10C94411E0F932F
:10E890001F9380914E1290914F12019719F50E948B
:10E8A00051AD009154121091551220915612309191
:10E8B0005712601B710B820B930B28EE33E040E084
:10E8C00050E00E94AFF3609150127091511280910C
:10E8D000521290915312620F731F841F951F1F9144
:10E8E0000F910895609158127091591280915A12A7
:10E8F00090915B12D6CF10925E1280912C148823D7
:10E9000021F089E294E10C94D21F0895FF920F93B5
:10E910001F93CF93DF93EC018FE2899300E011E026
:10E920008FE1F82E809101140817A0F40F9DC0010B
:10E930001124BE0181539D4E0E94E11FCE01EC01C6
:10E9400001962881222321F01D3810F41F5FF7CF94
:10E950000F5FE8CF17FD0AC0BE0189E294E1DF91A5
:10E96000CF911F910F91FF900C94E11F1882DF91BE
:10E97000CF911F910F91FF900895EF92FF920F9307
:10E980001F93CF93DF93DC010D900020E9F79D01E9
:10E9900021503109281B390BC1F16AE56093A81594
:10E9A00065EA6093A91563E0620F6093AA1562E8B7
:10E9B0006093AB155093AC154093AD15AEEAB5E13D
:10E9C000FC0141914D93AF01481B590B421753076E
:10E9D000C4F388EAE82E85E1F82E10E000E0E901B2
:10E9E0002596C017D10754F0F70161917F018DEF93
:10E9F00090E10E9472A70F5F1F4FF3CFE8EAF5E1A5
:10EA00008AE1DF011D928A95E9F7DF91CF911F918D
:10EA10000F91FF90EF90089580914E1290914F12B8
:10EA200081309105B9F10297E1F40E944774609337
:10EA3000501270935112809352129093531281E0AE
:10EA400090E090934F1280934E120E9451AD6093CC
:10EA5000541270935512809356129093571281E07E
:10EA6000089510925412109255121092561210924C
:10EA70005712109258121092591210925A12109264
:10EA80005B12109250121092511210925212109268
:10EA90005312D5CF80E00895FC01DB018C912081D9
:10EAA0003181382798E0A901220F331F57FD05C097
:10EAB0009150C9F7318320830895B1E22B27B0E14B
:10EAC0003B27F6CF80914E1290914F12019791F40F
:10EAD00082E090E090934F1280934E120E9451ADCD
:10EAE000609358127093591280935A1290935B124C
:10EAF00081E0089580E008954F925F926F927F9237
:10EB00008F929F92AF92BF92CF92DF92EF92FF923D
:10EB10000F931F93CF93DF93C0902702D0902802CA
:10EB2000E0902902F0902A028090B9079090BA07ED
:10EB3000A090BB07B090BC07A7019601C701B60122
:10EB40000E9405F781112EC0A7019601C501B401ED
:10EB50000E9412F42B013C0120E030E0A9010E9448
:10EB60006BED8823F9F007E317E0C5E07801D5E005
:10EB7000F70161917191819191917F016F01F4E0B1
:10EB8000CF1AD108A30192010E9412F4F60160830A
:10EB9000718382839383D15059F7C1500C5E1F4F0C
:10EBA000C111E4CF8092270290922802A0922902FC
:10EBB000B0922A02DF91CF911F910F91FF90EF90B9
:10EBC000DF90CF90BF90AF909F908F907F906F908D
:10EBD0005F904F900895BC0190E080E04AE00E9471
:10EBE00033308DE00E94BC2B8AE00C94BC2B0F9339
:10EBF0001F93CF93DF934A9B51C08CE390E00E9418
:10EC000009278AE090E00E9409278AE590E00E94A7
:10EC100009276CED75E080E090E00E94BBB54A9B4F
:10EC20003DC003E214E1E801FE01849121968111C7
:10EC30000AC0CEE7D1E1FE0184912196882331F00C
:10EC40000E94BC2BF8CF0E94BC2BEECF0E940DAED1
:10EC5000C0912602CC2341F1F80184910F5F1F4F30
:10EC600081110BC007E011E1F80184910F5F1F4F84
:10EC7000882331F00E94BC2BF7CF0E94BC2BECCF35
:10EC80006EE571E080E090E00E94BBB51092260234
:10EC90008C2FDF91CF911F910F9108958AE090E022
:10ECA0000E940927C0E0F4CFC1E0F2CF4F925F92FB
:10ECB0006F927F928F929F92AF92BF92CF92DF928C
:10ECC000EF92FF920F931F93CF93DF93CDB7DEB7F1
:10ECD00060970FB6F894DEBF0FBECDBF3C012B018D
:10ECE000042F122FFC0160817181828193816D87D5
:10ECF0007E878F87988BF201C080D180E280F3807D
:10ED0000C986DA86EB86FC86209127073091280792
:10ED10004091290750912A070E9412F44B015C018F
:10ED20002FE632E143E85AEB0E9473F687FD86C175
:10ED300021E230E04BE953E4C501B4010E946BEDE0
:10ED400018160CF47BC120912B0730912C074091B1
:10ED50002D0750912E07C701B6010E9412F46B01D6
:10ED60007C012FE632E143E85AEB0E9473F687FDFF
:10ED700065C121E230E04BE953E4C701B6010E94CE
:10ED80006BED18160CF45AC1809022029090230269
:10ED9000A0902402B09025028091C315811107C074
:10EDA000809121028093C21581E08093C3158091E8
:10EDB0001D0290911E02A0911F02B091200280932B
:10EDC000220290932302A0932402B0932502198279
:10EDD0001A821B821C829E012F5F3F4F4CED57E031
:10EDE000BE01675F7F4FCE010D960E94142781E020
:10EDF0000E9410288111C7C00E94772BC090B907CC
:10EE0000D090BA07E090BB07F090BC0720E030E05C
:10EE1000A901C701B6010E946BED87FFA8C0A70139
:10EE2000960160E070E080E291E40E9412F46B01D0
:10EE30007C01A70196016091DC077091DD0780914C
:10EE4000DE079091DF070E9473F618165CF520E04C
:10EE500030E040E753E4C701B6010E944B2A81111C
:10EE600021C080E090E0A0E8B0E48D839E83AF8372
:10EE7000B88720E030E040EA50E46091DC07709110
:10EE8000DD078091DE079091DF070E9413F469830C
:10EE90007A838B839C83BE016B5F7F4FCE0101968B
:10EEA0000E94082820E030E040EF52E460E070E08B
:10EEB00080EA91EC0E944B2AC12CD12C20ECE22E4E
:10EEC0002FE7F22E81111EC020912F0730913007BD
:10EED00040913107509132076091DC077091DD0756
:10EEE0008091DE079091DF070E9412F42091B9070C
:10EEF0003091BA074091BB075091BC070E9413F4B0
:10EF00006B017C0101113AC080E090E0A0E8B0E420
:10EF100089839A83AB83BC8320E030E040EA50E4ED
:10EF20006091DC077091DD078091DE079091DF072B
:10EF30000E9413F46D837E838F839887BE016F5F79
:10EF40007F4FCE0105960E9408288091C2158093BC
:10EF50002102133008F44CC00FEF10E1F801849146
:10EF60000F5F1F4F8823B1F00E94BC2BF7CFC12C3D
:10EF7000D12C30E2E32E31E4F32E5BCF80E00E940F
:10EF80001028882311F3C12CD12C90ECE92E9FE797
:10EF9000F92EDBCFF301608171818281938143E09F
:10EFA0000E94C3340AEF10E1F80184910F5F1F4FF4
:10EFB000882319F00E94BC2BF7CFF2016081718188
:10EFC0008281938143E00E94C33405EF10E1F80190
:10EFD00084910F5F1F4F882319F00E94BC2BF7CF3D
:10EFE00043E0C701B6010E94C3348AE00E94BC2BF3
:10EFF0008092220290922302A0922402B0922502D3
:10F00000A7019601C701B6010E9405F78823E1F028
:10F0100003E214E1F80184910F5F1F4F81110BC0CF
:10F0200005EE10E1F80184910F5F1F4F882361F016
:10F030000E94BC2BF7CF0E94BC2BECCFC12CD12C53
:10F0400080ECE82E8FE7F82EC701B60160960FB668
:10F05000F894DEBF0FBECDBFDF91CF911F910F910E
:10F06000FF90EF90DF90CF90BF90AF909F908F90E8
:10F070007F906F905F904F9008950F931F93CF9361
:10F08000DF938C01EB0190913C1220913D12921381
:10F0900007C080E392E10E94BA130E944DB2F3CF01
:10F0A000F801608171814881598180913B1234E07F
:10F0B000839FF0011124E25CFD4E718360835383D2
:10F0C00042839F5F90933C128F5F281739F08093A3
:10F0D0003B12DF91CF911F910F91089510923B1237
:10F0E000F8CF1F93CF93DF93282F30E0F901E85832
:10F0F000FF4E8491F901EE5CFF4ED491F901E45189
:10F10000F04FC491CC23A9F0162F81110E94A96E53
:10F11000EC2FF0E0EE0FFF1FE854F04FA591B491F3
:10F120008FB7F894EC91111108C0D095DE23DC93D1
:10F130008FBFDF91CF911F910895DE2BF8CFCF9332
:10F14000DF9390E0FC01EE5CFF4E24918451904FE0
:10F15000FC0184918823D1F090E0880F991FFC0175
:10F16000E256F04FA591B491FC01E854F04FC591DF
:10F17000D49161110EC09FB7F8948C91E22FE09565
:10F180008E238C932881E223E8839FBFDF91CF9168
:10F1900008958FB7F894EC91E22BEC938FBFF6CFE4
:10F1A000CF92DF92EF92FF921F93CF93DF93109253
:10F1B0005F1280919212882321F08FE892E10E94E1
:10F1C000D21F109206141092031485E38093021448
:10F1D0000E9451ADEB01A89561E0809102140E945C
:10F1E0009F7882E094E10E94DB182398229A219A6A
:10F1F000209A289A85E08093041482E58CBD1DBC7A
:10F200001AE08FEF0E94E0181150D9F720E030E0AB
:10F21000A90160E082E094E10E94EC18182F80932D
:10F220000514813001F10E9451AD6C1B7D0B613DD5
:10F23000774060F381E08093031482E094E10E94C0
:10F24000DB18C9EFD3E1FE018491219681118FC0B3
:10F25000CAECD3E1FE0184912196882309F4C0C051
:10F260000E94BC2BF7CF2AEA31E040E050E068E092
:10F2700082E094E10E94EC1882FF2AC010930614E9
:10F2800080910614C12CD12C7601823029F4C12C36
:10F29000D12CE12C80E4F82E20E030E0A90167E3D6
:10F2A00082E094E10E94EC18A701960169E282E0F5
:10F2B00094E10E94EC18809305148823C1F00E9409
:10F2C00051AD6C1B7D0B613D774030F38AE0B3CFCD
:10F2D00014E00E94E518809305141150D1F78A3A82
:10F2E00011F082E0A8CF82E080930614C9CF80910C
:10F2F00006148230D1F420E030E0A9016AE382E014
:10F3000094E10E94EC18882311F088E094CF0E94C9
:10F31000E518807C803C19F483E0809306140E94F9
:10F32000E5180E94E5180E94E51882E094E10E9429
:10F33000DB181092041481E00E94106F81111DC02F
:10F3400080E00E94106F811118C0C3E2D4E1FE0179
:10F350008491219681110EC0C6EBD3E1FE01849108
:10F360002196882309F43CC00E94BC2BF7CF0E9451
:10F37000BC2B69CF0E94BC2BEACF67E074E18FE819
:10F3800092E10E940E1C811114C0C3E2D4E1FE017F
:10F390008491219681110AC0C5EAD3E1FE018491CE
:10F3A00021968823E9F00E94BC2BF8CF0E94BC2B49
:10F3B000EECF81E080935F12C9EFD3E1FE0184912B
:10F3C000219681110AC0C9E9D3E1FE0184912196F9
:10F3D000882331F00E94BC2BF8CF0E94BC2BEECFCB
:10F3E0008BE1EFE8F2E1A0EBB2E101900D928A959A
:10F3F000E1F780918D1290918E129093AF128093CD
:10F40000AE128BE892E19093AB128093AA12DF9137
:10F41000CF911F91FF90EF90DF90CF900895CF9301
:10F42000DF93EC01E8818FEFE43208F066C0F0E092
:10F430009F01220F331F6115710559F0D901AE0FDD
:10F44000BF1FA054BE4E962F9F736C91607C692B9A
:10F450006C93E20FF31FE054FE4E808161E08F73E6
:10F460000E949F7819821A8288812CE0622F0E9464
:10F4700025F7829FB001112430E020E0AB01420F5C
:10F48000531FFA01EE0FFF1FE40FF51FE054FE4E6D
:10F49000908196FD25C02F5F3F4F2C30310571F7CD
:10F4A000882379F0813061F51092A00082E080938A
:10F4B000A1001092A5001092A40089BB8093720055
:10F4C0000FC01092900082E08093910010929500FE
:10F4D00010929400C19A80917100826080937100B3
:10F4E0008881282F30E0F901EE0FFF1FE20FF31F94
:10F4F000E054FE4E908190649083DF91CF91089507
:10F50000823071F710922001809321011092250121
:10F51000109224018ABB80937300E2CF1F93CF9394
:10F52000DF93182FEB0161E00E949F78209739F458
:10F5300060E0812FDF91CF911F910C947178CF3FC4
:10F54000D10511F461E0F5CFE12FF0E0E858FF4E6E
:10F55000E491E150E23108F0B3C0F0E08827EC54C8
:10F56000F5488F4F0C9459F7C67ACE7AD37ADD7A64
:10F57000E77A607BF17AF97A017B0B7B157B1F7B45
:10F580002E7B387B607B427B4C7B567B84B58068CE
:10F5900084BDC7BDDF91CF911F91089584B580626E
:10F5A00084BDC8BDF7CF80918000806880938000C3
:10F5B000D0938900C0938800EDCF80918000806255
:10F5C00080938000D0938B00C0938A00E3CF80911A
:10F5D0008000886080938000D0938D00C0938C0061
:10F5E000D9CF8091B00080688093B000C093B30001
:10F5F000D1CF8091B00080628093B000C093B400FE
:10F60000C9CF80919000806880939000D09399003A
:10F61000C0939800BFCF809190008062809390004B
:10F62000D0939B00C0939A00B5CF809190008860E2
:10F6300080939000D0939D00C0939C00ABCF8091AD
:10F64000A00080688093A0008091A0008F7B8093B1
:10F65000A000D093A900C093A8009CCF8091A000E7
:10F6600080628093A000D093AB00C093AA0092CF99
:10F670008091A00088608093A000D093AD00C093DB
:10F68000AC0088CF80912001806880932001D093C6
:10F690002901C09328017ECF809120018062809350
:10F6A0002001D0932B01C0932A0174CF80912001B7
:10F6B000886080932001D0932D01C0932C016ACFE4
:10F6C000C038D1050CF03ECF33CF8F929F92AF92CE
:10F6D000BF92CF92DF92EF92FF926B017C010E946A
:10F6E0002CAD4B015C01C114D104E104F104B9F06B
:10F6F0000E942CAD681979098A099B09683E7340FC
:10F700008105910580F321E0C21AD108E108F108D2
:10F7100088EE880E83E0981EA11CB11CE4CFFF90F8
:10F72000EF90DF90CF90BF90AF909F908F90089513
:10F730000F931F93CF938C0184E08093180B10924A
:10F74000170BC091170B64990CC0C23364F46FE0BF
:10F7500070E080E090E00E94657BCF5FC093170B64
:10F76000F0CFC133E4F10115110531F10093150B10
:10F770008091140B882351F181E09AE590936515EF
:10F780008093641586E290E09093671580936615E8
:10F7900087E08093581582E880935B1584E890E0B9
:10F7A000A0E0B0E080935C1590935D15A0935E158A
:10F7B000B0935F150E9421711092170B1092180BD5
:10F7C00081E090E0CF911F910F91089581E09AE53B
:10F7D00090936515809364158EE490E0D5CF1092D8
:10F7E000170B1092180B90E080E0ECCFCF92DF92D5
:10F7F000EF92FF92CF93DF9384E08093180B0E94E7
:10F800007B748091EF108093E4071092F0100E94B7
:10F810005D290E94D9700E940DAE10924F12109275
:10F820004E121092541210925512109256121092BB
:10F830005712109258121092591210925A12109296
:10F840005B1210925012109251121092521210929A
:10F8500053126AE581E59DE00E94E3731092190B53
:10F860001092610D0E943874019659F4CCE5D3E0F2
:10F870008991882319F00E94BC2BFACF8AE00E945C
:10F88000BC2B88E494E10E94D21F1092ED071092E5
:10F89000EC071092EB071092EA0781E0809339029F
:10F8A000109238021092E8071092E7071092E607CC
:10F8B0008BE090E09093651580936415D5E0D0932C
:10F8C0005815C2E8C0935B1580E092E1A0E0B0E07B
:10F8D00080935C1590935D15A0935E15B0935F15B2
:10F8E0000E9421711092651510926415D0935815DD
:10F8F000C0935B158EE090E1A0E0B0E080935C15D2
:10F9000090935D15A0935E15B0935F150E942171D1
:10F910001092651510926415D0935815C0935B151D
:10F920008FE090E1A0E0B0E080935C1590935D15CE
:10F93000A0935E15B0935F150E942171109265151A
:10F9400010926415D0935815C0935B1586E190E131
:10F95000A0E0B0E080935C1590935D15A0935E15D8
:10F96000B0935F150E94217162E070E080E090E04A
:10F970000E94657BC12C90E2D92EE12CF12C1092D3
:10F98000651510926415D0935815C0935B15C092FD
:10F990005C15D0925D15E0925E15F0925F150E94A5
:10F9A00021711092651510926415D0935815C0936B
:10F9B0005B15D701C6018C529F4FAF4FBF4F80934D
:10F9C0005C1590935D15A0935E15B0935F150E9432
:10F9D00021718FEFC81AD80AE80AF80A2AE0C2167D
:10F9E00020E2D206E104F10451F68EEDC82E80E249
:10F9F000D82EE12CF12CD5E0C2E8109265151092BA
:10FA00006415D0935815C0935B15C0925C15D092C5
:10FA10005D15E0925E15F0925F150E9421718FEFE7
:10FA2000C81AD80AE80AF80A26EEC21620E2D20658
:10FA3000E104F10411F781E0809337021092E507A9
:10FA40008091140B882309F444C01092651510921C
:10FA50006415D0935815C0935B1584E190E1A0E044
:10FA6000B0E080935C1590935D15A0935E15B09304
:10FA70005F150E94217162E070E080E090E00E94DA
:10FA8000657B81E09AE5909365158093641581E02C
:10FA900090E0909367158093661587E080935815E2
:10FAA000C0935B1584E890E0A0E0B0E080935C1523
:10FAB00090935D15A0935E15B0935F150E94217120
:10FAC0001092180BDF91CF91FF90EF90DF90CF90C5
:10FAD00008958CE090E09093651580936415D09321
:10FAE0005815C0935B1584E190E1A0E0B0E08093ED
:10FAF0005C1590935D15A0935E15B0935F150E9401
:10FB0000217162E070E080E090E00E94657B81E01E
:10FB10009AE590936515809364158DE290E0B9CFD6
:10FB20004F925F926F927F928F929F92AF92BF920D
:10FB3000CF92DF92EF92FF920F931F93CF93DF93B9
:10FB4000CDB7DEB72C970FB6F894DEBF0FBECDBF92
:10FB50000E94FDB580E00E9499260E949C2B81E0C6
:10FB60008093260788E50E94C22AE82E89E50E9434
:10FB7000C22AF82E8AE50E94C22A082FE1103CC052
:10FB8000F1103EC081113CC00E949E2811E020E08F
:10FB900030E040EA50E460912F0770913007809187
:10FBA0003107909132070E9413F460931E077093FF
:10FBB0001F0780932007909321072091DC07309145
:10FBC000DD074091DE075091DF070E9473F618169B
:10FBD0005CF419821A821B821C82BE016F5F7F4F08
:10FBE0008EE197E00E940828111186C1E11085C1BD
:10FBF000FF2061F010E088C1FF2011F08111C4CF17
:10FC00000E949E28E11076C1F11074C1011183C1D8
:10FC10000E9416298091180B813009F069C28093E7
:10FC2000370290E080E00E9407AE8091140B882399
:10FC300009F43BC284E090E09093651580936415CD
:10FC400085E08093581512E810935B1584E190E1EC
:10FC5000A0E0B0E080935C1590935D15A0935E15D5
:10FC6000B0935F150E94217181E09AE5909365152C
:10FC7000809364158CE090E09093671580936615EF
:10FC800087E08093581510935B1584E890E0A0E01E
:10FC9000B0E080935C1590935D15A0935E15B093D2
:10FCA0005F150E9421718091A307882309F450C039
:10FCB00019821A821B821C8220E030E040EA50E464
:10FCC0006091DC077091DD078091DE079091DF077E
:10FCD0000E9412F46D837E838F839887BE016F5FCD
:10FCE0007F4FCE0105960E94082888EF96E00E947B
:10FCF000037280915F12882319F081E080935E1275
:10FD000081E090E090934F1280934E12109258121F
:10FD10001092591210925A1210925B120E9451AD19
:10FD20006093541270935512809356129093571209
:10FD30008091C00C9091C10CA091C20CB091C30CE9
:10FD40008093501290935112A0935212B093531279
:10FD50008091F706809326070E94822B0E944B39E0
:10FD60008091180B982F9D7F943009F59091E607AC
:10FD70009923D9F01092E607109237029091140B54
:10FD8000992309F414C2843009F0DEC16091E015B2
:10FD900070E090E080E0635E7F4F8E4F954A24E8EC
:10FDA00030E040E050E00E94C4711092180B20E057
:10FDB00030E040E251E46091D4077091D507809122
:10FDC000D6079091D7070E94D1ED0E947FF57093DE
:10FDD00065156093641505E00093581512E81093BB
:10FDE0005B1588E490E1A0E0B0E080935C1590930F
:10FDF0005D15A0935E15B0935F150E94217120E000
:10FE000030E040E251E46091D8077091D9078091C9
:10FE1000DA079091DB070E94D1ED0E947FF5709385
:10FE20006515609364150093581510935B158AE46B
:10FE300090E1A0E0B0E080935C1590935D15A093F5
:10FE40005E15B0935F150E94217120E030E040E222
:10FE500051E46091DC077091DD078091DE0790919D
:10FE6000DF070E94D1ED0E947FF5709365156093C6
:10FE700064150093581510935B158CE490E1A0E095
:10FE8000B0E080935C1590935D15A0935E15B093E0
:10FE90005F150E9421718091A30790915E129923B2
:10FEA00009F4ACC18111ADC18091E70781110BC08C
:10FEB00081E08093E70781EE90E190936E0F80934D
:10FEC0006D0F0E94BD282C960FB6F894DEBF0FBEB2
:10FED000CDBFDF91CF911F910F91FF90EF90DF90F9
:10FEE000CF90BF90AF909F908F907F906F905F90DA
:10FEF0004F90089510E04BCE11E090E080E00E941A
:10FF00002B2C112309F474CE81E090E00E942B2C5D
:10FF1000112309F47BCE8091A807882321F08091DA
:10FF2000A907811117C009EF13E1F80184910F5F50
:10FF30001F4F81110CC000ED10E1F80184910F5F9B
:10FF40001F4F882309F464CE0E94BC2BF6CF0E9479
:10FF5000BC2BEBCF0E941629409027075090280712
:10FF60006090290770902A0720E030E04BE153E4CD
:10FF7000C301B2010E9413F44B015C018092160789
:10FF800090921707A0921807B092190780912B073B
:10FF900090912C07A0912D07B0912E0789879A8701
:10FFA000AB87BC8720E030E04BE153E4BC01CD01DE
:10FFB0000E9413F46B017C01C0921A07D0921B07B8
:10FFC000E0921C07F0921D078091DC079091DD07FD
:10FFD000A091DE07B091DF0780931E0790931F0763
:10FFE000A0932007B0932107A3019201C501B4019A
:10FFF0000E9412F44B015C012FE632E143E85AEB18
:020000021000EC
:100000000E9473F687FD0AC021E230E04BE953E419
:10001000C501B4010E946BED1816A4F409EF13E1B9
:10002000F80184910F5F1F4F81113CC00EEB10E16E
:10003000F80184910F5F1F4F882309F4E9CD0E94D6
:10004000BC2BF6CF29853A854B855C85C701B60167
:100050000E9412F46B017C012FE632E143E85AEB77
:100060000E9473F687FDDACF21E230E04BE953E4DA
:10007000C701B6010E946BED181684F219821A822C
:100080001B821C829E012F5F3F4F4CED57E06AE1BF
:1000900077E086E197E00E94142782E090E00E94DA
:1000A0002B2CB6CD0E94BC2BBBCF80E190E090936F
:1000B00065158093641585E08093581512E81093B8
:1000C0005B1584E190E1A0E0B0E080935C15909333
:1000D0005D15A0935E15B0935F150E94217181E0BC
:1000E0009AE5909365158093641586E390E0C4CDFE
:1000F000853009F0D8CD81E08093370290E080E030
:100100000E9407AE1092180B8091140B882399F06F
:1001100081E09AE590936515809364158CE290E0F8
:10012000909367158093661587E08093581582E851
:1001300080935B15AACD81E09AE590936515809335
:10014000641581E590E0ECCF863009F02ECE19825F
:100150001A821B821C821D821E821F821886BE018B
:100160006F5F7F4FCE0105960E94082881E09AE5D7
:10017000909365158093641586E190E090936715E0
:100180008093661587E08093581582E880935B150D
:1001900084E890E0A0E0B0E080935C1590935D155A
:1001A000A0935E15B0935F150E942171FECD84303F
:1001B00051F46091E01570E090E080E0695B7F4F62
:1001C0008E4F954AECCD863009F0EFCD19821A8218
:1001D0001B821C821D821E821F821886BE016F5FD9
:1001E0007F4FCE0105960E94082881E09AE5909302
:1001F00065158093641580E490E0C0CF882309F4EE
:1002000062CE1092A3075FCE2F923F924F925F92E1
:100210006F927F928F929F92AF92BF92CF92DF9216
:10022000EF92FF920F931F93CF93DF93CDB7DEB77B
:10023000C257D1090FB6F894DEBF0FBECDBF7C0107
:100240003B014A012DB73EB7E1963FAF2EAFE19794
:10025000AD961FAEAD971B0134E0230E311C8E010D
:10026000015A1F4F39E0432E33E0532E80E490E0D3
:100270008C0F9D1F0496E3969FAF8EAFE397F3011B
:100280008781823008F4ACC084859585A685B785C2
:100290008F719927AA27BB27892B8A2B8B2B09F0D3
:1002A0009FC010926E124EE652E1BE016F5F7F4F0B
:1002B000C1010E94372118160CF092C08C85982F2E
:1002C0009871903109F089C0209102153091031581
:1002D000215031092230310508F47FC02DB73EB7D7
:1002E000AF963FAF2EAFAF97BE016F5F7F4FC80194
:1002F0000E94C518F7018081E1E0F0E0882339F021
:10030000F70101900020E9F73197EE19FF09D801B4
:100310000D900020E9F7E01BF10BEA0FFB1F31966F
:100320002DB73EB72E1B3F0B0FB6F8943EBF0FBE46
:100330002DBFEDB7FEB731966F01B701811102C035
:100340006BE774E0C6010E94B8F7B801C6010E94CD
:1003500099F76BE774E0C6010E9499F725961FAEE6
:10036000259728961FAE289724961FAE1EAE249779
:1003700022965FAE4EAE229721E0A801B101E3962E
:100380008EAD9FADE3970E946023811155C080918F
:10039000021590910315892B09F04EC029EFA22E6A
:1003A00023E1B22EF5018491FFEFAF1ABF0A81114C
:1003B0003AC09CE5A92E93E1B92EF5018491FFEF97
:1003C000AF1ABF0A811132C05801F50181915F0156
:1003D000882379F10E94BC2BF8CF2981211159C0C3
:1003E000E1968EAD9FADE1970FB6F8949EBF0FBE1C
:1003F0008DBFCE58DF4F0FB6F894DEBF0FBECDBF16
:10040000DF91CF911F910F91FF90EF90DF90CF90F0
:10041000BF90AF909F908F907F906F905F904F9024
:100420003F902F9008950E94BC2BBCCF0E94BC2B04
:10043000C4CF8AE00E94BC2B8BE1FE01EC5BFF4F36
:10044000DE01959601900D928A95E1F724968EAD86
:100450009FAD24979CA38BA35AA249A250E040E0F1
:10046000BE016F5D7F4FC6010E940481CE0181965F
:100470000E947B24CE01805C9F4F0E947B24AF961C
:100480002EAD3FADAF970FB6F8943EBF0FBE2DBF58
:10049000F6CE253E09F4F3CE2E3209F4F0CE2091AB
:1004A0006E122E3209F4EBCE8A7009F0E8CE81E0AC
:1004B000903109F080E080936012903141F089859D
:1004C000873409F0DCCE8A858E3709F4D8CE809146
:1004D00002159091031581309105F9F040F10297D2
:1004E00009F0CDCEBE016F5F7F4F81E692E10E94A1
:1004F000C5188114910409F444C061E672E1C40195
:100500000E9486F7892B09F46BCFAD962FADAD977E
:100510002F5FAD962FAFAD97B2CE8091041590911D
:10052000051501969093051580930415A8CEBE017C
:100530006F5F7F4F81E692E10E94C5186701F60167
:1005400081916F0181110CC081E6C82E82E1D82E05
:10055000F60181916F01882331F00E94BC2BF8CF06
:100560000E94BC2BECCF80E20E94BC2B6D8D7E8D57
:100570008F8D98A14AE00E9433308AE00E94BC2B04
:100580007ECE8091041590910515AD96FFADAD9787
:10059000F817190609F0B9CF23CFEF92FF920F9306
:1005A0001F93CF93DF93CDB7DEB76F970FB6F89455
:1005B000DEBF0FBECDBF7B010AEA12E12CEA32E1B9
:1005C000F8013183208322E030E03093031520933B
:1005D0000215909305158093041580EB92E10E941B
:1005E000F21CF801808191812BE1FC013496DE013F
:1005F000159601900D922A95E1F7FC018281938175
:100600009C838B8389E093E09A838983A701BE0151
:100610006F5F7F4F8AE394E00E940481CE010196D0
:100620000E947B246F960FB6F894DEBF0FBECDBF3D
:10063000DF91CF911F910F91FF90EF9008957F92DE
:100640008F929F92AF92BF92CF92DF92EF92FF92E2
:100650000F931F93CF93DF93CDB7DEB7AC970FB651
:10066000F894DEBF0FBECDBF20915F12222309F4A4
:10067000ABC1762E7C0180912C14882309F4B6C07E
:10068000442309F4CAC080916314882309F103E26A
:1006900014E1F80184910F5F1F4F81110BC009E134
:1006A00013E1F80184910F5F1F4F882331F00E94FE
:1006B000BC2BF7CF0E94BC2BECCF61E070E080E058
:1006C00090E00E94DB308AE00E94BC2B0E94F27016
:1006D00088E694E10E94867409EF13E1F8018491A1
:1006E0000F5F1F4F882319F00E94BC2BF7CFB70173
:1006F00080E093E10E94A8BE60916314FDE86F9FC3
:10070000B001112468597B4E85EF92E10E94A8BE8A
:100710004091F9145091FA146091FB147091FC14FB
:100720008FEE92E10E9457BE8AE00E94BC2B80911E
:10073000631494E0899FF0011124EC59FB4E409121
:10074000F9145091FA146091FB147091FC144083D9
:100750005183628373838F5F809363140E947B74E1
:100760001D8218861C821B8289E093E09A8389830C
:100770008BE892E19093AB128093AA12F7018081EB
:100780008F3209F0A3C087010F5F1F4FCE01019682
:100790005C010115110509F4B8C06FE270E0C801F1
:1007A0000E94A4F76C01009709F4B0C0081719075C
:1007B00008F0ACC04C01801A910AA401B801CE0126
:1007C00080960E94CDF7E0E2F0E0EC0FFD1FE80D0F
:1007D000F91D10828E01005E1F4F4801F4018191C6
:1007E0004F018823C1F10E94BC2BF8CF10926314F3
:1007F00022E0D22E09EF13E1F80184910F5F1F4F21
:1008000081110EC00AEE12E1F80184910F5F1F4FB3
:10081000882349F00E94BC2BF7CFDD24D394EACF84
:100820000E94BC2BE9CFF1E00DE714E0DF1611F0D8
:1008300003E814E0F80181918F01882319F00E94E8
:10084000BC2BF8CFB70182EE92E10E94A8BE8AE0ED
:100850000E94BC2B83CF8AE00E94BC2B6091AA121D
:100860007091AB1261157105D1F06C5F7F4F21E083
:10087000AE01405E5F4FCE0105960E94602381115C
:100880001DC09EECE92E92E1F92EF7018491FFEF55
:10089000EF1AFF0A882331F00E94BC2BF6CF70E0DC
:1008A00060E0E5CFF80181918F01882319F00E9463
:1008B000BC2BF8CF8EE20E94BC2B82C0B092AB1250
:1008C000A092AA1286010F5F1F4F63CF8CEA92E1BC
:1008D0009093AB128093AA128701711066C0609149
:1008E000AA127091AB126115710509F48BC06C5F8F
:1008F0007F4F26E5A80189E294E10E9460238111DF
:1009000084C0B80181E892E176C08701772039F38D
:100910006091AA127091AB126115710509F448C07B
:100920006C5F7F4F21E0A80189E294E10E9460237F
:10093000882309F45DC080913A1490913B14A091F2
:100940003C14B0913D148093F5149093F614A09349
:10095000F714B093F814B80180EC92E10E94A8BE9D
:100960004091F5145091F6146091F7147091F814B9
:1009700088EB92E10E9457BE8AE00E94BC2B109245
:10098000F9141092FA141092FB141092FC1489EAD4
:10099000E82E82E1F82EF7018491FFEFEF1AFF0AAB
:1009A000882349F00E94BC2BF6CF6CEA72E1B8CFE5
:1009B00070E060E0B7CFB80190E080E00E94CD82A7
:1009C000CE0101960E947B24AC960FB6F894DEBF50
:1009D0000FBECDBFDF91CF911F910F91FF90EF9090
:1009E000DF90CF90BF90AF909F908F907F900895B1
:1009F000B80185E992E10E94A8BE8EE20E94BC2B5C
:100A00008AE059CF70E060E074CF81E080935C129F
:100A1000B7018FE692E10E94A8BEF2CF2F923F92DB
:100A20004F925F926F927F928F929F92AF92BF92FE
:100A3000CF92DF92EF92FF920F931F93CF93DF93AA
:100A4000CDB7DEB76F970FB6F894DEBF0FBECDBF40
:100A500080915F12811102C00E94D07862E070E044
:100A600080E090E00E94657B80915F1209E814E0CD
:100A7000882309F471C102EA14E0F80181918F0121
:100A8000882319F00E94BC2BF8CF8AE00E94BC2B6F
:100A90008CEA92E19093AB128093AA1281E090E0ED
:100AA000909303158093021510920515109204156A
:100AB00080EB92E10E94F21C8091AA129091AB12FD
:100AC0002BE1FC013496DE01159601900D922A95DA
:100AD000E1F7FC01828193819C838B8389E093E021
:100AE0009A83898350E040E0BE016F5F7F4F8AE3C5
:100AF00094E00E940481CE0101960E947B244090E4
:100B000004155090051561E672E180EB92E10E94B8
:100B1000E11F809161128F3209F051C00E94D0789C
:100B2000D12CC12C10E000E0712C612C1201F1E0FD
:100B30002F1A3108C414D50409F4CCC0C30144965B
:100B4000C816D90608F0C6C070E060E0C1018C1973
:100B50009D090E94CD82EEE6F2E101900020E9F7C6
:100B6000CF018F5692414C01EE24E394F12CF70112
:100B7000E259FD4E5F0146E050E06BEB74E0CF01BF
:100B80000E94BFF7892B89F046E050E062EC74E0E8
:100B9000C5010E94BFF7892B41F0FFEFEF1AFF0A52
:100BA000C70101978815990514F3E814F9043CF17D
:100BB0002FEF621A720AFFEFCF1ADF0ABBCF8091C4
:100BC0000114882309F4ACCF8150809301142FE1E4
:100BD000829FC0011124FC01E153FD4E2BE1A0EBEB
:100BE000B2E101900D922A95E1F785539D4EFC01EB
:100BF000828193819093AF128093AE1291CF82E164
:100C0000E816F1045CF0EEE7FEE7F0937E12E09365
:100C10007D1210927F1291E1E92EF12C63E070E0D9
:100C200080E090E00E94657BF2E1F09F4001F19F3F
:100C3000900C1124C4018C5B974F5C01A7016EE6F8
:100C400072E10E94CDF761E672E1C4018455964FCE
:100C50000E94B8F79AE0909FA001919F500D112437
:100C6000465F5F4D052E000C660B770BF801EE0F0B
:100C7000FF1FEE0FFF1FEF50F84F43835483658330
:100C80007683C5010E94BD747801EFEFEE1AFE0A6B
:100C9000F092F307E092F20781E090E090936515FF
:100CA0008093641595E090935815E2E8E0935B1506
:100CB0000F5F1D4E012E000C220B330B00935C15B1
:100CC00010935D1520935E1530935F150E9421717E
:100CD000870171CF8091140B8823B9F110926515AB
:100CE0001092641585E08093581582E880935B1517
:100CF00084E190E1A0E0B0E080935C1590935D15F5
:100D0000A0935E15B0935F150E9421718091090137
:100D1000809581708093F0076F960FB6F894DEBFD0
:100D20000FBECDBFDF91CF911F910F91FF90EF903C
:100D3000DF90CF90BF90AF909F908F907F906F90FB
:100D40005F904F903F902F9008958CE090E09093AB
:100D5000651580936415C6CFF80181918F018823B2
:100D600019F00E94BC2BF8CF8AE00E94BC2B809126
:100D7000140B8823D9F086E090E09093651580935A
:100D8000641585E08093581582E880935B1584E1B3
:100D900090E1A0E0B0E080935C1590935D15A09386
:100DA0005E15B0935F150E942171B6CF82E190E08D
:100DB000E4CF2F923F924F925F926F927F928F92E9
:100DC0009F92AF92BF92CF92DF92EF92FF920F93DA
:100DD0001F93CF93DF9300D01F92CDB7DEB78091E2
:100DE0000901282F2095217029839091F007291758
:100DF00059F080FDEDC00E94D0780E9489380E9491
:100E00000E8539813093F0078091FF15882309F40E
:100E10001EC28091F007882309F419C280915F12E5
:100E2000882309F414C244EDC42E40E2D42EE12CF0
:100E3000F12C109265151092641585E08093581579
:100E400092E890935B15C0925C15D0925D15E0928C
:100E50005E15F0925F150E942171AFEFCA1ADA0A8F
:100E6000EA0AFA0ABEEDCB16B0E2DB06E104F104B1
:100E700001F71092651510926415E5E0E09358159E
:100E8000F2E8F0935B15C0925C15D0925D15E0928C
:100E90005E15F0925F150E9421712FEFC21AD20ADF
:100EA000E20AF20A36EEC31630E2D306E104F10498
:100EB00001F784EF97E09A838983A1EFB7E0BC83C1
:100EC000AB8381E2C82E82E1D82EE12CF12C93E194
:100ED000492E90E6592E612C712C10E000E08824F8
:100EE0008394912C22242A94322CAB80BC80B2E1D2
:100EF000AB0EB11C8091F2079091F3070817190708
:100F000008F0A3C163E070E080E090E00E94657BA0
:100F1000E981FA814191519161917191FA83E9835B
:100F20008B819C818D5A9F4F0E94BD749092651554
:100F300080926415F5E0F093581522E820935B1534
:100F4000D701C6018097A109B10980935C159093E0
:100F50005D15A0935E15B0935F150E9421710F5F20
:100F60001F4F309265152092641535E03093581567
:100F700082E880935B1540925C1550925D156092FB
:100F80005E1570925F150E942171AAE0B0E0B093E7
:100F90006515A0936415B5E0B0935815E2E8E093A9
:100FA0005B15C0925C15D0925D15E0925E15F092D3
:100FB0005F150E942171F0E14F0E511C611C711CE4
:100FC0002FEFC21AD20AE20AF20ABC82AB828DCF9C
:100FD00010925E1210925F128091EE07813021F420
:100FE0000E94F67B1092EE078091140B882309F47F
:100FF00079C086E090E0909365158093641585E054
:101000008093581582E880935B1584E190E1A0E01D
:10101000B0E080935C1590935D15A0935E15B0933E
:101020005F150E94217101EF17E0F3E18F2EF0E6CA
:101030009F2EA12CB12CF12CE12CA5E03A2ECC2432
:10104000CA94DC2C8091F2079091F307E816F90618
:101050000CF04BC0412C512C3201F801838194815A
:10106000A581B681840D951DA61DB71D109265152D
:101070001092641530925815F2E8F0935B15809346
:101080005C1590935D15A0935E15B0935F150E945B
:1010900021712FEF421A520A620A720A3AE043168D
:1010A000510461047104C9F68FEFE81AF80AD0926E
:1010B0006515C09264153092581592E890935B15AF
:1010C00080925C1590925D15A0925E15B0925F15AE
:1010D0000E942171A0E18A0E911CA11CB11C0C5F21
:1010E0001F4FB0CF82E190E086CFC12CE0E2DE2E30
:1010F000E12CF12C15E010926515109264151093F7
:101100005815B2E8B0935B15C0925C15D0925D158E
:10111000E0925E15F0925F150E94217110926515A4
:101120001092641510935815E2E8E0935B15D7010F
:10113000C6018C529F4FAF4FBF4F80935C15909369
:101140005D15A0935E15B0935F150E942171FFEFAE
:10115000CF1ADF0AEF0AFF0A2AE0C21620E2D206FF
:10116000E104F10441F67EEDC72E70E2D72EE12CAA
:10117000F12C15E010926515109264151093581516
:1011800032E830935B15C0925C15D0925D15E09209
:101190005E15F0925F150E9421718FEFC81AD80A70
:1011A000E80AF80A96EEC91690E2D906E104F104BD
:1011B00009F7CC24C39452E1D52EE12CF12C6AE03E
:1011C000A62EB12C15E0B0926515A092641510936F
:1011D0005815A2E8A0935B15C0925C15D0925D15DE
:1011E000E0925E15F0925F150E942171B092651534
:1011F000A092641510935815B2E8B0935B15D7010F
:10120000C6018096A11DB11D80935C1590935D155C
:10121000A0935E15B0935F150E942171EFEFCE1A77
:10122000DE0AEE0AFE0AF5E1CF16F2E1DF06E1047E
:10123000F10449F6E1EFF7E083E293E0DF019C017E
:101240001D9221503040E1F7DCCD1092FF150F9038
:101250000F900F900F90DF91CF911F910F91FF9002
:10126000EF90DF90CF90BF90AF909F908F907F9046
:101270006F905F904F903F902F9008952F923F92E4
:101280004F925F926F927F928F929F92AF92BF9296
:10129000CF92DF92EF92FF920F931F93CF93DF9342
:1012A000CDB7DEB7C254D1090FB6F894DEBF0FBE7A
:1012B000CDBF8091180B18160CF4C8C040910C15C6
:1012C00050910D1560910E1570910F15A5E8B2E0C3
:1012D000F0E0E0E08D909D90AD90BD908114910480
:1012E000A104B10409F46FC084169506A606B706DA
:1012F00009F067C0DB01CA0188509041A109B1091A
:101300000597A105B10508F461C0DB01CA01877F1B
:1013100082339041A105B10509F45BC0443330E14B
:1013200053076105710509F454C0DB01CA018654F5
:101330009041A109B1090797A105B10508F44CC076
:10134000DB01CA0184559041A109B1090597A105A6
:10135000B10510F4E2E1F0E0DB01CA018A509042ED
:10136000A109B109833D9105A105B10510F40C94C3
:10137000A4A3EF3FFE0709F469C0EA31F10508F0C4
:1013800065C08827E953F6478F4F0C9459F7EF89CA
:10139000058CEE8DF78D268A268A5791B7918F930B
:1013A000268A268A3194C0968F97268AEF99268AB4
:1013B000268A1C9B268A268A4D9ECD9E3BA113A37E
:1013C000A4A3319687CFEFEFFFEFC6CFE3E0F0E0C5
:1013D000C3CFE8E0F0E0C0CFEFE0F0E0BDCF809118
:1013E0001415909115158130910509F077C0109270
:1013F000370281E08093FF158FEF8093F1070E9401
:10140000D9868091140B882309F447C081E09AE5BE
:10141000909365158093641582E090E09093671532
:101420008093661587E08093581582E880935B155A
:1014300084E890E0A0E0B0E080935C1590935D15A7
:10144000A0935E15B0935F150E942171E8E0F5E16D
:1014500080E5DF011D928A95E9F78AE580930915F9
:1014600085EA80930A15CE5BDF4F0FB6F894DEBF96
:101470000FBECDBFDF91CF911F910F91FF90EF90E5
:10148000DF90CF90BF90AF909F908F907F906F90A4
:101490005F904F903F902F90089581E09AE5909350
:1014A0006515809364158EE290E0909367158093A4
:1014B000661587E08093581582E880935B1584E871
:1014C00090E0A0E0B0E080935C1590935D15A09350
:1014D0005E15B0935F150E942171B8CF82309105DF
:1014E00009F0F5C081E0809337021092E5070E9471
:1014F0005D298BE090E0909365158093641505E07D
:101500000093581512E810935B1580E092E1A0E07B
:10151000B0E080935C1590935D15A0935E15B09339
:101520005F150E9421711092651510926415009349
:10153000581510935B158EE090E1A0E0B0E0809329
:101540005C1590935D15A0935E15B0935F150E9496
:10155000217110926515109264150093581510931F
:101560005B158FE090E1A0E0B0E080935C15909374
:101570005D15A0935E15B0935F150E9421711092C6
:101580006515109264150093581510935B1586E14C
:1015900090E1A0E0B0E080935C1590935D15A0937E
:1015A0005E15B0935F150E94217162E070E080E0EB
:1015B00090E00E94657B109265151092641500936F
:1015C000581510935B1580E190E1A0E0B0E08093A6
:1015D0005C1590935D15A0935E15B0935F150E9406
:1015E000217110926515109264150093581510938F
:1015F0005B1582E190E1A0E0B0E080935C159093F0
:101600005D15A0935E15B0935F150E942171109235
:101610004F1210924E1210925412109255121092B4
:10162000561210925712109258121092591210928C
:101630005A1210925B121092501210925112109284
:101640005212109253128091140B882301F181E001
:101650009AE5909365158093641581E090E09093EE
:1016600067158093661587E08093581510935B1576
:1016700084E890E0A0E0B0E080935C1590935D1565
:10168000A0935E15B0935F150E942171DFCE81E0BB
:101690009AE590936515809364158DE290E09093A0
:1016A00067158093661587E08093581510935B1536
:1016B00084E890E0A0E0B0E080935C1590935D1525
:1016C000A0935E15B0935F150E942171BFCE833049
:1016D000910509F094C081E0809337021092E507EC
:1016E000809139029091140B992309F444C0882306
:1016F00009F181E09AE5909365158093641580E186
:1017000090E0909367158093661587E08093581555
:1017100082E880935B1584E890E0A0E0B0E08093DD
:101720005C1590935D15A0935E15B0935F150E94B4
:1017300021718CCE81E09AE59093651580936415B4
:101740008FE090E0909367158093661587E0809313
:10175000581582E880935B1584E890E0A0E0B0E043
:1017600080935C1590935D15A0935E15B0935F1503
:101770000E9421716BCE882309F181E09AE5909354
:101780006515809364158AE390E0909367158093C4
:10179000661587E08093581582E880935B1584E88E
:1017A00090E0A0E0B0E080935C1590935D15A0936D
:1017B0005E15B0935F150E94217148CE81E09AE5D5
:1017C000909365158093641589E390E09093671575
:1017D0008093661587E08093581582E880935B15A7
:1017E00084E890E0A0E0B0E080935C1590935D15F4
:1017F000A0935E15B0935F150E94217127CE0497C8
:1018000009F024CE1092370221CE809114159091C8
:10181000151581309105D1F5809139028823D9F0D1
:1018200082E090E0909365158093641585E0809345
:10183000581582E880935B158EE190E1A0E0B0E05E
:1018400080935C1590935D15A0935E15B0935F1522
:101850000E942171FBCD83E090E090936515809309
:10186000641585E08093581582E880935B158EE1BE
:1018700090E1A0E0B0E080935C1590935D15A0939B
:101880005E15B0935F150E942171E0CD8230910505
:1018900009F0B6C081E0809337029091E90780910A
:1018A000140B933009F044C0882309F181E09AE5D4
:1018B00090936515809364158AE090E09093671586
:1018C0008093661587E08093581582E880935B15B6
:1018D00084E890E0A0E0B0E080935C1590935D1503
:1018E000A0935E15B0935F150E942171AFCD81E08A
:1018F0009AE5909365158093641584E390E0909346
:1019000067158093661587E08093581582E8809369
:101910005B1584E890E0A0E0B0E080935C159093C4
:101920005D15A0935E15B0935F150E9421718ECD59
:10193000943009F02BC2882309F181E09AE5909355
:101940006515809364158CE090E090936715809303
:10195000661587E08093581582E880935B1584E8CC
:1019600090E0A0E0B0E080935C1590935D15A093AB
:101970005E15B0935F150E94217168CD81E09AE5F4
:10198000909365158093641586E390E090936715B6
:101990008093661587E08093581582E880935B15E5
:1019A00084E890E0A0E0B0E080935C1590935D1532
:1019B000A0935E15B0935F150E94217147CD81E021
:1019C0009AE5909365158093641585E390E0909374
:1019D00067158093661587E08093581582E8809399
:1019E0005B1584E890E0A0E0B0E080935C159093F4
:1019F0005D15A0935E15B0935F150E94217126CDF1
:101A00008330910509F047C020913902222309F162
:101A1000909365158093641585E08093581582E84E
:101A200080935B158EE190E1A0E0B0E080935C15BF
:101A300090935D15A0935E15B0935F150E94217180
:101A40008FEF90E09093EB078093EA0710923902B2
:101A5000FDCC82E090E0909365158093641585E05D
:101A60008093581582E880935B158EE190E1A0E0A9
:101A7000B0E080935C1590935D15A0935E15B093D4
:101A80005F150E9421711092EB071092EA0781E026
:101A900080933902DBCC049709F0D8CCF090140B7A
:101AA00080913602882309F463C082E090E090932D
:101AB00065158093641505E00093581512E810939E
:101AC0005B158FE190E1A0E0B0E080935C1590930E
:101AD0005D15A0935E15B0935F150E9421718091F2
:101AE000D2079091D3070097D1F09093D1078093BC
:101AF000D007909365158093641500935815109343
:101B00005B158AE390E1A0E0B0E080935C159093D0
:101B10005D15A0935E15B0935F150E942171109220
:101B200036021092350288E090E0F11002C08AE09F
:101B300090E0909365158093641585E08093581527
:101B400082E880935B1588E190E1A0E0B0E08093AB
:101B50005C1590935D15A0935E15B0935F150E9480
:101B600021716091360280E690E00E9491F36ECC84
:101B700083E090E0909365158093641505E00093F1
:101B8000581512E810935B158FE190E1A0E0B0E0EA
:101B900080935C1590935D15A0935E15B0935F15CF
:101BA0000E9421718091D0079091D1079093D30723
:101BB0008093D20781E0809336028093350287E0DC
:101BC00090E0F11002C089E090E090936515809359
:101BD00064150093581510935B15B5CF80911415BB
:101BE0009091151590933402809333022FCC483096
:101BF00090E159076105710509F0F5C09091CF0793
:101C00008091140B913009F0B2C0209114153091DD
:101C10001515203F310509F48ECE882309F4DAC06A
:101C200081E09AE5909365158093641586E590E0D0
:101C3000909367158093661587E08093581582E826
:101C400080935B1584E890E0A0E0B0E080935C15A1
:101C500090935D15A0935E15B0935F150E9421715E
:101C6000109265151092641505E00093581512E85E
:101C700010935B1580E190E1A0E0B0E080935C15EB
:101C800090935D15A0935E15B0935F150E9421712E
:101C900010926515109264150093581510935B15FA
:101CA00082E190E1A0E0B0E080935C1590935D1537
:101CB000A0935E15B0935F150E9421711092CD071D
:101CC0001092CC071092EE071092D3071092D20711
:101CD0001092CB071092CA070E94F67B80910C15D8
:101CE00090910D15A0910E15B0910F158C3090416B
:101CF000A105B10509F0AACB809114159091151595
:101D0000029709F0A3CB81E08093BF078091CA07B7
:101D10009091CB079093F8108093F7101092C10721
:101D20001092C0078091140B882309F49FC281E0B0
:101D30009AE5909365158093641587E090E0909301
:101D40006715809366158093581582E880935B151C
:101D500084E890E0A0E0B0E080935C1590935D157E
:101D6000A0935E15B0935F150E9421716FCB911106
:101D700054CF2091141530911515203F310509F0ED
:101D80004CCF9091E907933009F48ECD882309F464
:101D900016CE81E09AE590936515809364158BE0EB
:101DA00090E0909367158093661587E080935815AF
:101DB00082E880935B1584E890E0A0E0B0E0809337
:101DC0005C1590935D15A0935E15B0935F150E940E
:101DD00021713CCB81E09AE5909365158093641561
:101DE00087E590E025CF4A30A0E15A0761057105EB
:101DF00009F096C08091141590911515813F9105B9
:101E000009F024CB8091140B882309F480C081E071
:101E10009AE5909365158093641586E590E090931C
:101E200067158093661587E08093581582E8809344
:101E30005B1584E890E0A0E0B0E080935C1590939F
:101E40005D15A0935E15B0935F150E94217181E02E
:101E50008093180B8091DC079091DD07A091DE073D
:101E6000B091DF078093C6079093C707A093C80778
:101E7000B093C90720E030E040E251E46091E00710
:101E80007091E1078091E2079091E3070E9412F4BC
:101E90006093C2077093C3078093C4079093C507EC
:101EA00010925E120E9462758091CA079091CB07D2
:101EB000892B41F48091F7109091F8109093CB0703
:101EC0008093CA078091D2079091D307892B41F460
:101ED0008091D0079091D1079093D3078093D20738
:101EE00090E080E00E94AE3A81E08093CF0784E0EA
:101EF0008093E9071092CD071092CC0785E692E116
:101F000090936E0F80936D0F0E94BD28E7CE81E005
:101F10009AE5909365158093641587E590E07FCFEF
:101F20004C3050416105710509F0D8CE80911415EF
:101F300090911515019709F0D1CE90E080E00E94B4
:101F4000987B892B09F482C08091F7109091F8104A
:101F5000893B9105ACF11092C1071092C007B5E022
:101F6000AB2E12E8B12E0EE8C02E00E1D02EE12CEF
:101F7000F12C0091C0071091C107053011050CF03C
:101F800065CA1093651500936415A0925815B09218
:101F90005B15C0925C15D0925D15E0925E15F092D3
:101FA0005F150E94217160E971E080E090E00E947D
:101FB000657B0F5F1F4F1093C1070093C007D9CFF8
:101FC0008091140B882309F181E09AE590936515BF
:101FD000809364158CE290E090936715809366156A
:101FE00087E08093581582E880935B1584E890E041
:101FF000A0E0B0E080935C1590935D15A0935E1512
:10200000B0935F150E94217121CA81E09AE59093F7
:1020100065158093641581E590E090936715809332
:10202000661587E08093581582E880935B1584E8F5
:1020300090E0A0E0B0E080935C1590935D15A093D4
:102040005E15B0935F150E94217100CA8091140B38
:10205000882309F402C181E09AE590936515809385
:10206000641586E590E0909367158093661587E088
:102070008093581582E880935B1584E890E0A0E097
:10208000B0E080935C1590935D15A0935E15B093BE
:102090005F150E9421717E01EFE1EE0EF11CF0E16F
:1020A000BF2ED701EB2D1D92EA95E9F76091C60787
:1020B0007091C7078091C8079091C907870122E0F6
:1020C00043E00E94A0E89E012F5F3F4F6901D901C4
:1020D0001D92BA94E9F76091C2077091C30780918D
:1020E000C4079091C507890122E043E00E94A0E85F
:1020F00001EE15E1AEE1BA2EF8012B2D11922A95D1
:10210000E9F78091D3078F938091D2078F938CE565
:1021100092E19F938F931F930F930E943BEDC80111
:102120000E940372D801EB2D1D92EA95E9F7809188
:10213000CB078F938091CA078F9383E592E19F939A
:102140008F931F930F930E943BEDC8010E9403726F
:10215000D8011D92BA94E9F7FF92EF928CE492E1D4
:102160009F938F931F930F930E943BEDC8010E9492
:102170000372DF92CF9284E492E19F938F931F9337
:102180000F930E943BEDC8010E9403721092D30787
:102190001092D2071092CB071092CA070FB6F8948C
:1021A000DEBF0FBECDBF80915F12882319F081E0A2
:1021B00080935E120E940C751091140B81E090E0E8
:1021C000111102C08DE090E0909365158093641525
:1021D00085E08093581582E880935B1584E190E157
:1021E000A0E0B0E080935C1590935D15A0935E1520
:1021F000B0935F150E9421711092CF071092CD0706
:102200001092CC0783E08093E90781E08093EE078A
:1022100081E09AE590936515809364158AE090E0DB
:10222000111102C084E390E09093671580936615C6
:1022300087E08093581582E880935B1584E890E0EE
:10224000A0E0B0E080935C1590935D15A0935E15BF
:10225000B0935F150E94217141CD81E09AE5909382
:1022600065158093641587E590E0FDCE81E09AE5E1
:10227000909365158093641582E590E090936715BF
:102280008093661587E08093581582E880935B15EC
:1022900084E890E0A0E0B0E080935C1590935D1539
:1022A000A0935E15B0935F150E942171CFC8009175
:1022B000141510911515B80190E080E00E9470EDA2
:1022C00017FF06C020E030E040E857E40E9412F417
:1022D00020E030E048EC52E40E940DF56093B9072D
:1022E0007093BA078093BB079093BC07C090B9075F
:1022F000D090BA07E090BB07F090BC0720E030E038
:1023000040EA51ECC701B6010E9473F687FD9EC8F2
:1023100020E030E040EA51E4C701B6010E946BEDD5
:1023200018160CF493C88091AA07882309F48EC864
:1023300000919F071091A0072091B5073091B60733
:102340004091B7075091B807C701B6010E9412F437
:1023500020E030E040E252E40E94D1ED0E947FF59F
:10236000600F711F7093A00760939F076FC88091E3
:10237000141590911515009731F481E08093370280
:102380001092E50763C89C012150310922303105C4
:1023900008F45CC88330910509F07FC08091140B6C
:1023A00090913902992361F12FEF30E03093EB07E0
:1023B0002093EA0710923902882309F4C8C181E00A
:1023C0009AE590936515809364158FE090E0909363
:1023D00067158093661587E08093581582E880938F
:1023E0005B1584E890E0A0E0B0E080935C159093EA
:1023F0005D15A0935E15B0935F150E94217126C8EC
:102400001092EB071092EA0791E09093390288232B
:1024100011F181E09AE5909365158093641580E150
:1024200090E0909367158093661587E08093581528
:1024300082E880935B1584E890E0A0E0B0E08093B0
:102440005C1590935D15A0935E15B0935F150E9487
:1024500021710C94268A81E09AE59093651580930A
:1024600064158AE390E0909367158093661587E082
:102470008093581582E880935B1584E890E0A0E093
:10248000B0E080935C1590935D15A0935E15B093BA
:102490005F150E9421710C94268A8530910509F000
:1024A00048C080E090E0A3E4B3E480932F029093CF
:1024B0003002A0933102B093320283EC90E00E948C
:1024C00007AE8DE290E00E94AE3A83EC90E09093EC
:1024D00065158093641505E00093581512E8109374
:1024E0005B1584E390E1A0E0B0E080935C159093ED
:1024F0005D15A0935E15B0935F150E9421718DE26A
:1025000090E090936515809364150093581510938F
:102510005B158AE390E1A0E0B0E080935C159093B6
:102520005D15A0935E15B0935F150E9421710C9408
:10253000268A8630910509F048C080E090E0A0E747
:10254000B3E480932F0290933002A0933102B093B2
:10255000320280EF90E00E9407AE8EE690E00E948B
:10256000AE3A80EF90E0909365158093641505E096
:102570000093581512E810935B1584E390E1A0E0F6
:10258000B0E080935C1590935D15A0935E15B093B9
:102590005F150E9421718EE690E0909365158093FF
:1025A00064150093581510935B158AE390E1A0E041
:1025B000B0E080935C1590935D15A0935E15B09389
:1025C0005F150E9421710C94268A813F910511F0BC
:1025D0000C94268A8FEF90E09093EB078093EA07A4
:1025E000109239020E940DAE10926515109264157A
:1025F00005E00093581512E810935B1584E390E111
:10260000A0E0B0E080935C1590935D15A0935E15FB
:10261000B0935F150E94217161E070E080E090E06E
:102620000E94657B109265151092641500935815F1
:1026300010935B158AE390E1A0E0B0E080935C1515
:1026400090935D15A0935E15B0935F150E94217164
:1026500061E070E080E090E00E94657B8091140B67
:102660008823E1F188E090E09093651580936415EC
:102670000093581510935B1584E190E1A0E0B0E061
:1026800080935C1590935D15A0935E15B0935F15D4
:102690000E94217181E09AE59093651580936415FD
:1026A0008FE090E0909367158093661587E08093A4
:1026B000581510935B1584E890E0A0E0B0E080939B
:1026C0005C1590935D15A0935E15B0935F150E9405
:1026D000217182E08093E9070C94268A84E190E0DE
:1026E00090936515809364150093581510935B15AE
:1026F00084E190E1A0E0B0E080935C1590935D15DB
:10270000A0935E15B0935F150E94217181E09AE558
:10271000909365158093641589E390E0C3CF4233AD
:1027200020E152076105710509F076C0809114150A
:1027300090911515009769F5809139029091140BCD
:10274000992319F0811165CE3ACE811184CE81E0B2
:102750009AE5909365158093641589E390E09093D2
:1027600067158093661587E08093581582E88093FB
:102770005B1584E890E0A0E0B0E080935C15909356
:102780005D15A0935E15B0935F150E9421710C94A6
:10279000268A81309105F1F41092F8101092F7100A
:1027A000109265151092641585E08093581582E8A3
:1027B00080935B1584E390E1A0E0B0E080935C152A
:1027C00090935D15A0935E15B0935F150E942171E3
:1027D0000C94268A029711F00C94268A1092D10745
:1027E0001092D007109265151092641585E08093C1
:1027F000581582E880935B158AE390E1A0E0B0E091
:1028000080935C1590935D15A0935E15B0935F1552
:102810000E9421710C94268A443330E153076105EC
:10282000710561F480911415909115159093F8102D
:102830008093F7100E9407AE0C94268A4A335041C9
:102840006105710511F00C94268A80911415909100
:1028500015159093D1078093D0070E94AE3A0C943F
:10286000268A8091141590911515009709F485CD4D
:102870008130910509F0A0C08091B407882309F444
:1028800077C082E090E0909365158093641585E0B1
:102890008093581582E880935B1585E490E1A0E071
:1028A000B0E080935C1590935D15A0935E15B09396
:1028B0005F150E9421718AE090E0909365158093E6
:1028C000641585E08093581512E810935B1580E03D
:1028D00092E1A0E0B0E080935C1590935D15A09329
:1028E0005E15B0935F150E94217186E08093180BEE
:1028F00081E08093E607809337021092B30710922D
:10290000CD071092CC0780E492E190936E0F8093F4
:102910006D0F0E94BD2883E392E190936E0F809328
:102920006D0F0E94BD288091140B882321F181E056
:102930009AE5909365158093641580E290E09093FA
:1029400067158093661587E08093581510935B1583
:1029500084E890E0A0E0B0E080935C1590935D1572
:10296000A0935E15B0935F150E9421710C94268A86
:1029700083E090E088CF81E09AE59093651580939D
:1029800064158AE490E0909367158093661587E05C
:102990008093581510935B1584E890E0A0E0B0E0B8
:1029A00080935C1590935D15A0935E15B0935F15B1
:1029B0000E9421710C94268A8230910509F0D6C0BC
:1029C00081E0809337021092E50780E090E0A0E27A
:1029D000B1E48093AB079093AC07A093AD07B0939D
:1029E000AE078093AF079093B007A093B107B09361
:1029F000B207E4E6EE2EF12CF0926515E092641534
:102A000005E00093581512E810935B1584E590E1FA
:102A1000A0E0B0E080935C1590935D15A0935E15E7
:102A2000B0935F150E942171F0926515E0926415D4
:102A30000093581510935B1588E590E1A0E0B0E095
:102A400080935C1590935D15A0935E15B0935F1510
:102A50000E9421716091F9107091FA108091FB1021
:102A60009091FC100E947FF570936515609364153A
:102A70000093581510935B1586E390E1A0E0B0E059
:102A800080935C1590935D15A0935E15B0935F15D0
:102A90000E9421718091F7109091F8100E9407AE6A
:102AA0008091F7109091F8109093651580936415BC
:102AB0000093581510935B1584E390E1A0E0B0E01B
:102AC00080935C1590935D15A0935E15B0935F1590
:102AD0000E94217162E070E080E090E00E94657BDE
:102AE0008091140B882309F181E09AE59093651594
:102AF0008093641587E190E0909367158093661545
:102B000087E08093581510935B1584E890E0A0E06F
:102B1000B0E080935C1590935D15A0935E15B09323
:102B20005F150E9421710C94268A81E09AE59093AA
:102B300065158093641581E490E090936715809308
:102B4000661587E08093581510935B1584E890E034
:102B5000A0E0B0E080935C1590935D15A0935E15A6
:102B6000B0935F150E9421710C94268A83309105E1
:102B700009F0C2C01092E01520E030E040E251E4DC
:102B80006091D4077091D5078091D6079091D707AF
:102B90000E94D1ED0E947FF57093651560936415D6
:102BA00005E00093581512E810935B1588E490E156
:102BB000A0E0B0E080935C1590935D15A0935E1546
:102BC000B0935F150E94217120E030E040E251E4B3
:102BD0006091D8077091D9078091DA079091DB074F
:102BE0000E94D1ED0E947FF5709365156093641586
:102BF0000093581510935B158AE490E1A0E0B0E0D3
:102C000080935C1590935D15A0935E15B0935F154E
:102C10000E94217120E030E040E251E46091DC0745
:102C20007091DD078091DE079091DF070E94D1ED62
:102C30000E947FF570936515609364150093581595
:102C400010935B158CE490E1A0E0B0E080935C15FC
:102C500090935D15A0935E15B0935F150E9421714E
:102C600062E070E080E090E00E94657B8091140B50
:102C7000882309F181E09AE59093651580936415A6
:102C80008DE190E0909367158093661587E08093BF
:102C9000581510935B1584E890E0A0E0B0E08093B5
:102CA0005C1590935D15A0935E15B0935F150E941F
:102CB00021710C94268A81E09AE5909365158093A2
:102CC000641587E490E0909367158093661587E01C
:102CD0008093581510935B1584E890E0A0E0B0E075
:102CE00080935C1590935D15A0935E15B0935F156E
:102CF0000E9421710C94268A8430910511F40C9461
:102D0000268A85309105A1F48091140B4EE750E19D
:102D100060E070E0882331F089EC94E00E94BD749B
:102D20000C94268A8BED94E00E94BD740C94268A44
:102D3000069711F00C94268A8FE292E190936E0F21
:102D400080936D0F0E94BD288BE090E090936515F5
:102D50008093641585E08093581582E880935B1515
:102D600080E092E1A0E0B0E080935C1590935D1567
:102D7000A0935E15B0935F150E9421710C94268A72
:102D80008091141590911515019709F06FC080EA94
:102D90009FE09093CD078093CC0710923702C090AC
:102DA000B907D090BA07E090BB07F090BC07A70125
:102DB00096016091B5077091B6078091B707909121
:102DC000B8070E946BED882361F1C092B507D092DD
:102DD000B607E092B707F092B80720E030E048EC81
:102DE00052E4C701B6010E94D1ED0E947FF57093B5
:102DF00065156093641585E08093581582E880938B
:102E00005B1586E290E1A0E0B0E080935C159093C2
:102E10005D15A0935E15B0935F150E9421710E940D
:102E200068D88091140B882309F44EC081E09AE59C
:102E3000909365158093641585E190E090936715F4
:102E40008093661587E08093581582E880935B1520
:102E500084E890E0A0E0B0E080935C1590935D156D
:102E6000A0935E15B0935F150E9421718091141597
:102E700090911515029711F00C94268A8091140BED
:102E8000882359F181E09AE5909365158093641544
:102E900086E190E0909367158093661587E08093B4
:102EA000581582E880935B1584E890E0A0E0B0E0DC
:102EB00080935C1590935D15A0935E15B0935F159C
:102EC0000E9421710C94268A81E09AE59093651501
:102ED000809364158FE390E0B1CF81E09AE5909301
:102EE00065158093641580E490E090936715809356
:102EF000661587E08093581582E880935B1584E817
:102F000090E0A0E0B0E080935C1590935D15A093F5
:102F10005E15B0935F150E9421710C94268A8091F2
:102F200014159091151581309105C9F50E94FDB5D4
:102F300086E08093180B1092370281E08093E607B9
:102F40008091A807882321F08091A907811124C0CE
:102F50008BE292E190936E0F80936D0F0E94BD28DB
:102F60008AE090E0909365158093641585E08093E6
:102F7000581582E880935B1580E092E1A0E0B0E014
:102F800080935C1590935D15A0935E15B0935F15CB
:102F90000E9421710C94268A84E292E1DBCF823078
:102FA0009105C9F52DEC3CEC4CEC5DE36091B90763
:102FB0007091BA078091BB079091BC070E9413F4EF
:102FC0006B017C0120E030E040EA51EC0E9473F696
:102FD00087FDC6CF20E030E040EA51E4C701B601EA
:102FE0000E946BED18160CF4BBCF8091AA078823C2
:102FF00049F080919F079091A00788969093A00731
:1030000080939F07C092B907D092BA07E092BB079E
:10301000F092BC07A5CF8330910569F52DEC3CEC0F
:103020004CEC5DE36091B9077091BA078091BB07E2
:103030009091BC070E9412F46B017C0120E030E00B
:1030400040EA51EC0E9473F687FD8ACF20E030E021
:1030500040EA51E4C701B6010E946BED18160CF46A
:103060007FCF8091AA07882369F280919F07909172
:10307000A0078897C3CF8430910509F041C084E050
:103080008093180B80E292E190936E0F80936D0F06
:103090000E94BD288CE192E190936E0F80936D0F9A
:1030A0000E94BD288091140B882309F181E09AE5E4
:1030B00090936515809364158CE190E0909367156B
:1030C0008093661587E08093581582E880935B159E
:1030D00084E890E0A0E0B0E080935C1590935D15EB
:1030E000A0935E15B0935F150E94217139CF81E0E6
:1030F0009AE5909365158093641584E590E0DECFA2
:103100008530910509F04CC083E08093180B81E075
:1031100090E0909365158093641585E08093581531
:1031200012E810935B158DE890E1A0E0B0E0809389
:103130005C1590935D15A0935E15B0935F150E948A
:1031400021718091140B882311F181E09AE590930D
:103150006515809364158BE290E0909367158093DA
:10316000661587E08093581510935B1584E890E00E
:10317000A0E0B0E080935C1590935D15A0935E1580
:10318000B0935F150E94217188E192E1E3CE81E066
:103190009AE5909365158093641585E590E0DDCF01
:1031A00086309105C1F484E08093180B80E090E0B4
:1031B000A0E4B0E489839A83AB83BC83CE010196FB
:1031C0000E94797080E090E0ABE1B3E489839A8358
:1031D000AB83BC8335C087309105A1F484E0809334
:1031E000180B80E090E0A0E4B0E489839A83AB837D
:1031F000BC83CE0101960E94797080E090E0A0EF40
:10320000B1E4E4CF8830910589F584E08093180B10
:1032100080E090E0A0E4B0E489839A83AB83BC8330
:10322000CE0101960E94797080E090E0A0EFB1E4B9
:1032300089839A83AB83BC8380E090E0A7E8B3E402
:103240008F8F98A3A9A3BAA3BE016F5F7F4FCE0152
:103250004F960E94617019821A821B821C82CE01D5
:1032600001960E9479701092180B7ACE89309105E0
:10327000A1F484E08093180B80E090E0A0E4B0E437
:1032800089839A83AB83BC83CE0101960E947970B7
:1032900080E090E0A7E8B3E499CF8A309105E1F4AB
:1032A00084E08093180B80E090E0A0E4B0E4898390
:1032B0009A83AB83BC83CE0101960E94797080E033
:1032C00090E0A7E8B3E489839A83AB83BC8380E072
:1032D00090E0A0EFB1E4B4CF0B9709F041CE80911C
:1032E000B407882309F45BC083E090E090936515F0
:1032F0008093641585E08093581582E880935B1570
:1033000085E490E1A0E0B0E080935C1590935D15BA
:10331000A0935E15B0935F150E9421711092B407BF
:1033200080E192E190936E0F80936D0F0E94BD2813
:103330006091B9077091BA078091BB079091BC0763
:103340006093B5077093B6078093B7079093B8075B
:1033500020E030E048EC52E40E94D1ED0E947FF57D
:10336000709365156093641585E08093581582E825
:1033700080935B1586E290E1A0E0B0E080935C155D
:1033800090935D15A0935E15B0935F150E94217117
:103390006091B4078CE590E00E9491F3E1CD82E06A
:1033A00090E0909365158093641585E0809358159F
:1033B00082E880935B1585E490E1A0E0B0E0809323
:1033C0005C1590935D15A0935E15B0935F150E94F8
:1033D000217181E08093B40788E092E1A3CF84E07B
:1033E0008093180B80911415909115154834A0E125
:1033F0005A076105710509F445C04A34B0E15B071D
:103400006105710509F400C14C34E0E15E07610516
:10341000710509F402C14634504161057105D1F5C9
:103420008330910549F584E092E190936E0F80938B
:103430006D0F0E94BD2881E08093E60780933702DC
:103440001092B3071092CD071092CC078091140B05
:10345000882349F081E09AE590936515809364157F
:1034600080E290E02BCE81E09AE590936515809301
:1034700064158AE490E022CE8093E0151092180B38
:103480000C94268AC12CD12C7BE9E72E73E4F72E0D
:1034900010E000E0BC0190E080E00E9470ED20E0D0
:1034A00030E040E251E40E940DF54B015C01A701C0
:1034B00096010E9473F69801220F331F220F331FCB
:1034C0002C52384F18160CF4B1C0D9018D929D9230
:1034D000AD92BC921397C8010E942C3A20E030E0D4
:1034E00040E251E46091D4077091D5078091D607EE
:1034F0009091D7070E94D1ED0E947FF570936515DA
:103500006093641505E00093581512E810935B155D
:1035100088E490E1A0E0B0E080935C1590935D15A5
:10352000A0935E15B0935F150E94217120E030E0FA
:1035300040E251E46091D8077091D9078091DA0791
:103540009091DB070E94D1ED0E947FF57093651585
:10355000609364150093581510935B158AE490E10D
:10356000A0E0B0E080935C1590935D15A0935E158C
:10357000B0935F150E94217120E030E040E251E4F9
:103580006091DC077091DD078091DE079091DF0785
:103590000E94D1ED0E947FF57093651560936415CC
:1035A0000093581510935B158CE490E1A0E0B0E017
:1035B00080935C1590935D15A0935E15B0935F1595
:1035C0000E94217161E070E080E090E00E94657BE4
:1035D0008AE090E0909365158093641500935815E8
:1035E00010935B1580E092E1A0E0B0E080935C1561
:1035F00090935D15A0935E15B0935F150E942171A5
:103600001092180B0C94268AC12CD12C6BE9E62E53
:1036100063E4F62E01E010E03DCFC12CD12C59EC33
:10362000E52E53E4F52E02E010E034CFF901C0821C
:10363000D182E282F3824FCF83E090E00E94987BB8
:10364000892B11F00C94268A80910C1590910D1500
:10365000A0910E15B0910F158635F0E19F07A105D9
:10366000B10509F0DDC280911415909115158130D6
:10367000910509F0AFC08091A7078093A60710922B
:10368000A7072091AB073091AC074091AD0750914F
:10369000AE076091E0077091E1078091E207909199
:1036A000E3070E9412F46093E0077093E1078093B0
:1036B000E2079093E3078091BE07811159C2C09041
:1036C0002F02D0903002E0903102F090320220E0E0
:1036D00030E040EA50E4C701B6010E9412F49B01B9
:1036E000AC016091F9107091FA108091FB109091EB
:1036F000FC100E946BED87FF3BC281E08093BE0708
:10370000C701B6010E947FF570936515609364153B
:1037100085E08093581582E880935B1580E290E104
:10372000A0E0B0E080935C1590935D15A0935E15CA
:10373000B0935F150E94217165E070E080E090E039
:103740000E94657B8091140B882311F181E09AE53A
:10375000909365158093641588E190E090936715C8
:103760008093661587E08093581582E880935B15F7
:1037700084E890E0A0E0B0E080935C1590935D1544
:10378000A0935E15B0935F150E9421710C94268A58
:1037900081E09AE5909365158093641582E490E04A
:1037A000909367158093661587E08093581582E89B
:1037B00080935B1584E890E0A0E0B0E080935C1516
:1037C00090935D15A0935E15B0935F150E942171D3
:1037D0000C94268A82309105C9F48091A7078093C2
:1037E000A6071092A7072091AB073091AC07409134
:1037F000AD075091AE076091E0077091E1078091AD
:10380000E2079091E3070E9413F44DCF83309105B6
:1038100009F046C08091A7078093A60711E0109396
:10382000A7072091AF073091B0074091B1075091A1
:10383000B2076091E0077091E1078091E2079091F3
:10384000E3070E9412F46093E0077093E10780930E
:10385000E2079093E3078091BE07811189C1C09070
:103860002F02D0903002E0903102F090320220E03E
:1038700030E040EA50E4C701B6010E9412F49B0117
:10388000AC016091F9107091FA108091FB10909149
:10389000FC100E946BED87FF6BC11093BE0730CF09
:1038A00084309105D1F48091A7078093A60711E099
:1038B0001093A7072091AF073091B0074091B1074F
:1038C0005091B2076091E0077091E1078091E207A3
:1038D0009091E3070E9413F4B6CF8530910509F06B
:1038E000E6C081E08093BD07E090F710F090F810FB
:1038F00080902F0290903002A0903102B09032025E
:10390000B7010F2C000C880B990B0E9472EDA501DA
:1039100094010E9473F687FF05C0C501B4010E949F
:103920007FF57B01F092F810E092F7108090F9108B
:103930009090FA10A090FB10B090FC1020E030E0C6
:1039400048EC52E4C501B4010E94D1ED2B013C01C9
:10395000B7010F2C000C880B990B0E9472ED9B0194
:10396000AC01C301B2010E940DF50E9486F56536D7
:10397000710510F064E670E070936515609364154E
:1039800005E00093581512E810935B1584E290E16E
:10399000A0E0B0E080935C1590935D15A0935E1558
:1039A000B0935F150E942171C501B4010E947FF59B
:1039B00070936515609364150093581510935B150B
:1039C00086E390E1A0E0B0E080935C1590935D15F4
:1039D000A0935E15B0935F150E942171C7010E94EC
:1039E00007AE8091F7109091F81090936515809331
:1039F00064150093581510935B1584E390E1A0E0E3
:103A0000B0E080935C1590935D15A0935E15B09324
:103A10005F150E94217165E070E080E090E00E94F7
:103A2000657B8091140B882309F181E09AE59093DE
:103A30006515809364158AE190E0909367158093F3
:103A4000661587E08093581510935B1584E890E025
:103A5000A0E0B0E080935C1590935D15A0935E1597
:103A6000B0935F150E9421710C94268A81E09AE53B
:103A7000909365158093641584E490E090936715A6
:103A80008093661587E08093581510935B1584E842
:103A900090E0A0E0B0E080935C1590935D15A0935A
:103AA0005E15B0935F150E9421710C94268A8630B2
:103AB000910509F04AC01092BE078091140B88232B
:103AC00011F181E09AE5909365158093641587E183
:103AD00090E0909367158093661587E08093581562
:103AE00082E880935B1584E890E0A0E0B0E08093EA
:103AF0005C1590935D15A0935E15B0935F150E94C1
:103B000021710C94268A81E09AE590936515809343
:103B1000641581E490E0909367158093661587E0C3
:103B20008093581582E880935B1584E890E0A0E0CC
:103B3000B0E080935C1590935D15A0935E15B093F3
:103B40005F150E9421710C94268A813F910559F4DA
:103B50001092BE071092BD0761E070E080E090E037
:103B60000E94657BAACF803F910511F40C94268AB0
:103B700083E090E00E942C3A20E030E040E251E403
:103B80006091AB077091AC078091AD079091AE0743
:103B90000E94D1ED0E947FF57093651560936415C6
:103BA00005E00093581512E810935B1584E590E149
:103BB000A0E0B0E080935C1590935D15A0935E1536
:103BC000B0935F150E94217120E030E040E251E4A3
:103BD0006091AF077091B0078091B1079091B207E3
:103BE0000E94D1ED0E947FF5709365156093641576
:103BF0000093581510935B1588E590E1A0E0B0E0C4
:103C000080935C1590935D15A0935E15B0935F153E
:103C10000E9421718091A6078093A7070C94268AA1
:103C2000843520E19207A105B105C1F46091141516
:103C30007091151590E080E00E9470ED20E030E07A
:103C400040E251E40E940DF56093AB077093AC071E
:103C50008093AD079093AE070C94268A88359041E7
:103C6000A105B10511F00C94268A6091141570918C
:103C7000151590E080E00E9470ED20E030E040E219
:103C800051E40E940DF56093AF077093B0078093E5
:103C9000B1079093B2070C94268A60911415609333
:103CA000140B8AE590E00E9491F390915F1280914D
:103CB000140B9923C1F18823D1F01092651510924D
:103CC000641585E08093581582E880935B1584E144
:103CD00090E1A0E0B0E080935C1590935D15A09317
:103CE0005E15B0935F150E9421710C94268A8CE0BA
:103CF00090E0909365158093641585E08093581546
:103D000082E880935B1584E190E1A0E0B0E08093CD
:103D10005C1590935D15A0935E15B0935F150E949E
:103D200021710C94268A8823E1F086E090E090933C
:103D300065158093641585E08093581582E880931B
:103D40005B1584E190E1A0E0B0E080935C15909376
:103D50005D15A0935E15B0935F150E9421710C94C0
:103D6000268A82E190E0909365158093641585E042
:103D70008093581582E880935B1584E190E1A0E080
:103D8000B0E080935C1590935D15A0935E15B093A1
:103D90005F150E9421710C94268A809114159091D0
:103DA00015158130910509F0E3C190E080E00E9493
:103DB000987B892B11F00C94268A8091150B813009
:103DC00009F0F2C08CEC95E10E94037280E092E170
:103DD00090936E0F80936D0F0E94BD28C12C20E23E
:103DE000D22EE12CF12C05E012E81092651510920C
:103DF00064150093581510935B15C0925C15D09212
:103E00005D15E0925E15F0925F150E9421718FEFB3
:103E1000C81AD80AE80AF80A9AE0C91690E2D90640
:103E2000E104F10411F78091CB15A2E18A02C001EF
:103E30001124FC01EC5BF74F7F0101900020E9F7B2
:103E4000C7018E1B9F0B439697FD01968C0115951C
:103E5000079540E050E260E070E0C70110161106DF
:103E6000D4F49E012F5F3F4F690184E1D9011D9277
:103E70008A95E9F7A80161E374E0C9010E94CDF7D2
:103E8000B701C601800F911F0E94B8F740E050E2D1
:103E900060E070E0C6010E94BD7462E070E080E006
:103EA00090E00E94657B8091140B882309F453C035
:103EB00081E090E0909365158093641585E0809390
:103EC000581512E810935B1584E190E1A0E0B0E092
:103ED00080935C1590935D15A0935E15B0935F156C
:103EE0000E94217162E070E080E090E00E94657BBA
:103EF00081E09AE590936515809364158AE090E0DF
:103F0000909367158093661587E0809358151093FA
:103F10005B1584E890E0A0E0B0E080935C1590939E
:103F20005D15A0935E15B0935F150E94217181E02D
:103F3000809337028093E5078093E80793E090939E
:103F4000E9078093EE071092CF071092CB151092DD
:103F5000150B0C94268A8DE090E090936515809364
:103F6000641585E08093581512E810935B1584E181
:103F700090E1A0E0B0E080935C1590935D15A09374
:103F80005E15B0935F150E94217162E070E080E0E1
:103F900090E00E94657B81E09AE59093651580939F
:103FA000641584E390E0ACCF823009F0DCC06E0190
:103FB000B3E3CB0ED11C00E1B02EF6012B2D1192F4
:103FC0002A95E9F76091C6077091C7078091C807E5
:103FD0009091C907860122E043E00E94A0E87E019B
:103FE0003FE1E30EF11CD7011D92BA94E9F760910D
:103FF000C2077091C3078091C4079091C5078701DC
:1040000022E043E00E94A0E88091D3078F93809143
:10401000D2078F9387EF91E19F938F930E511109F0
:104020001F930F930E943BEDC8010E9403728EE123
:10403000B82EF8012B2D11922A95E9F78091CB0724
:104040008F938091CA078F938EEE91E19F938F9308
:104050001F930F930E943BEDC8010E940372D80189
:104060001D92BA94E9F7DF92CF9287EE91E19F9388
:104070008F931F930F930E943BEDC8010E94037220
:10408000FF92EF928FED91E19F938F931F930F9388
:104090000E943BEDC8010E9403721092D307109258
:1040A000D2071092CB071092CA070FB6F894DEBF62
:1040B0000FBECDBF80915F12882319F081E08093FD
:1040C0005E120E940C751091140B81E090E01111AA
:1040D00002C08DE090E0909365158093641585E0B3
:1040E0008093581582E880935B1584E190E1A0E00D
:1040F000B0E080935C1590935D15A0935E15B0932E
:104100005F150E9421711092CF0783E08093E90729
:1041100081E08093EE0781E09AE5909365158093A6
:1041200064158AE090E0111102C084E390E090935E
:1041300067158093661587E08093581582E8809311
:104140005B1584E890E0A0E0B0E080935C1590936C
:104150005D15A0935E15B0935F150E9421711092BA
:10416000150B0C94268A833011F00C94268AA5CC6A
:10417000892B11F00C94268A8091150B813099F5CA
:104180008091140B882331F181E09AE590936515B5
:104190008093641582E090E0909367158093661594
:1041A00087E08093581582E880935B1584E890E05F
:1041B000A0E0B0E080935C1590935D15A0935E1530
:1041C000B0935F150E9421711092E8071092150BB1
:1041D0000C94268A81E09AE5909365158093641586
:1041E0008EE290E0D9CF823071F58091140B882354
:1041F00009F181E09AE590936515809364158CE050
:1042000090E0909367158093661587E0809358152A
:1042100082E880935B1584E890E0A0E0B0E08093B2
:104220005C1590935D15A0935E15B0935F150E9489
:104230002171CCCF81E09AE5909365158093641548
:1042400086E390E0DECF833009F68091140B88235B
:1042500049F081E09AE5909365158093641587E1B4
:1042600090E0CFCF81E09AE5909365158093641537
:1042700081E490E0C6CFE0901415F0901515F1E0C0
:10428000EF16F10409F038C18091EC079091ED0729
:104290001816190614F00C94268A8091350B8F930A
:1042A0008091340B8F9386ED91E19F938F938E01D4
:1042B0000F5F1F4F1F930F930E943BEDC8010E9499
:1042C00003728091330B8F938091320B8F938DEC1F
:1042D00091E19F938F931F930F930E943BEDC80131
:1042E0000E94037283EC91E190936E0F80936D0FA7
:1042F0000E94BD28F092A507E092A4078FEF90E0FE
:104300009093EB078093EA07109239021092CF073F
:1043100081E08093E80793E09093E9078093A307F7
:10432000809337028093E5078093EE071092CD07C4
:104330001092CC071092A2071092A1071091140BB3
:104340000FB6F894DEBF0FBECDBF112309F45BC0DA
:10435000F0926515E092641585E08093581502E8A7
:1043600000935B1584E190E1A0E0B0E080935C15E0
:1043700090935D15A0935E15B0935F150E94217117
:1043800081E09AE590936515809364158AE090E04A
:10439000909367158093661587E080935815009376
:1043A0005B1584E890E0A0E0B0E080935C1590930A
:1043B0005D15A0935E15B0935F150E9421718091E9
:1043C0003602112309F45EC0882309F43FC087E058
:1043D00090E0909365158093641585E0809358155F
:1043E00082E880935B1588E190E1A0E0B0E08093E3
:1043F0005C1590935D15A0935E15B0935F150E94B8
:1044000021710C94268A8DE090E09093651580933D
:10441000641585E08093581502E800935B1584E1EC
:1044200090E1A0E0B0E080935C1590935D15A093BF
:104430005E15B0935F150E94217181E09AE590931B
:1044400065158093641584E390E0A2CF88E090E046
:10445000909365158093641585E08093581582E8E4
:1044600080935B1588E190E1A0E0B0E080935C155B
:1044700090935D15A0935E15B0935F150E94217116
:104480000C94268A8823E1F089E090E090936515EA
:104490008093641585E08093581582E880935B15BE
:1044A00088E190E1A0E0B0E080935C1590935D1509
:1044B000A0935E15B0935F150E9421710C94268A1B
:1044C0008AE090E0909365158093641585E0809371
:1044D000581582E880935B1588E190E1A0E0B0E098
:1044E00080935C1590935D15A0935E15B0935F1556
:1044F0000E9421710C94268A32E0E316F10411F037
:104500000C94268A81E0809337021092E50780EAB6
:104510009FE09093CD078093CC078091140B882364
:1045200009F461C081E09AE5909365158093641564
:1045300081E090E0909367158093661587E0809303
:10454000581582E880935B1584E890E0A0E0B0E025
:1045500080935C1590935D15A0935E15B0935F15E5
:104560000E9421710E947B748091EF108093E40778
:104570001092F0100E945D290E94D9700E940DAE29
:1045800010924F1210924E12109254121092551215
:1045900010925612109257121092581210925912ED
:1045A00010925A1210925B121092501210925112E5
:1045B00010925212109253126AE581E59DE00E941A
:1045C000E3731092190B1092610D0E9438740196DA
:1045D000B1F40CE513E0F80181918F01882361F0BB
:1045E0000E94BC2BF8CF81E09AE5909365158093EB
:1045F00064158DE290E09ECF8AE00E94BC2B88E497
:1046000094E10E94D21F1092ED071092EC071092D5
:1046100038021092E80764EF71E080E090E00E94B9
:10462000657B0C94268A8091141590911515B0E045
:10463000A0E08F3F910529F020F08FEF90E0A0E0FF
:10464000B0E080932B0290932C02A0932D02B093A4
:104650002E02C0902B02D0902C02E0902D02F09000
:104660002E02C114D104E104F10409F049C01092F2
:1046700065151092641505E00093581512E8109323
:104680005B158AE890E1A0E0B0E080935C15909320
:104690005D15A0935E15B0935F150E94217189E0AE
:1046A00090E09093651580936415009358151093CE
:1046B0005B158CE890E1A0E0B0E080935C159093EE
:1046C0005D15A0935E15B0935F150E9421716C2D4E
:1046D0008EE590E00E9491F360912B0270912C0284
:1046E00080912D0290912E02982F872F762F66278A
:1046F00021EA30E040E050E00E94C4710C94268A28
:10470000C701B6016F5F7F4F8F4F9F4F15E09695A2
:104710008795779567951A95D1F761507109810949
:1047200091092AE830E140E050E00E94C47188E03D
:1047300090E0909365158093641585E080935815FB
:1047400082E880935B15B5CF20915F12222309F494
:1047500057C1433DF0E25F076105710509F050C1A3
:1047600080911415909115152091F2073091F3075F
:104770002817390710F40C94268A81508093F1078A
:10478000A4ED8A2EA0E29A2EA12CB12C05E012E80D
:1047900010926515109264150093581510935B15CF
:1047A00080925C1590925D15A0925E15B0925F1597
:1047B0000E9421712FEF821A920AA20AB20A3EEDDC
:1047C000831630E29306A104B10411F78091F1073A
:1047D000A2E18A02C0011124FC01EC5BF74F7F01CA
:1047E00001900020E9F7C7018E1B9F0B439697FDB0
:1047F00001968C011595079544ED50E260E070E05C
:10480000C70110161106D4F49E012F5F3F4F6901B6
:1048100084E1D9011D928A95E9F7A80161E374E06A
:10482000C9010E94CDF7B701C601800F911F0E94F8
:10483000B8F744ED50E260E070E0C6010E94BD743C
:1048400005E012E810926515109264150093581552
:1048500010935B1580925C1590925D15A0925E1589
:10486000B0925F150E942171BFEF8B1A9B0AAB0AB1
:10487000BB0AE6EE8E16E0E29E06A104B10411F733
:104880008E010F5F1F4F84E1D8011D928A95E9F7D1
:104890008091F3078F938091F2078F938091151584
:1048A0008F93809114158F938DEE94E09F938F9347
:1048B0001F930F930E94DCF74EED50E260E070E032
:1048C000C8010E94BD7462E070E080E090E00E9448
:1048D000657B0FB6F894DEBF0FBECDBF31E2C32EAD
:1048E00032E1D32EE12CF12C43E1442E40E6542E4C
:1048F000612C712C88248394912CAA24AA94BA2C1C
:1049000075E0272EE2E83E2E0AE010E08091F207E3
:104910009091F3078815990594F1B0926515A092CE
:1049200064152092581530925B1540925C15509298
:104930005D1560925E1570925F150E942171109353
:104940006515009364152092581530925B15C0923E
:104950005C15D0925D15E0925E15F0925F150E9495
:104960002171FFEF8F1A9F0A20E1420E511C611C3A
:10497000711C3FEFC31AD30AE30AF30AC7CF809131
:1049800014159091151524E0880F991F2A95E1F7C9
:104990008D5F9F49B0E0A0E020EF37E830936515C8
:1049A0002093641505E00093581512E810935B15E9
:1049B00080935C1590935D15A0935E15B0935F1581
:1049C0000E9421718091141590911515805E9D4E65
:1049D000B0E0A0E026E030E0309365152093641548
:1049E0000093581510935B1580935C1590935D159B
:1049F000A0935E15B0935F150E9421710C94268AD6
:104A0000423D50426105710511F00C94268A809157
:104A10001415909115158130910509F0C7C1222315
:104A200011F40C94268A8091F10787FF02C00C9440
:104A3000268AA2E18A02C00111248455964F9F93D1
:104A40008F938CEB91E19F938F93FE0131967F01C1
:104A5000FF93EF930E943BED8E010B5F1F4F0F9072
:104A60000F900F900F900F900F90D8018D918D01A6
:104A7000882349F0082E000C990B0E9468F7F80172
:104A800031978083F2CF8091F1078093CB15ECECC6
:104A9000F5E184E1DF011D928A95E9F7B701CF01C5
:104AA0000E94B8F781E090E00E94987B892B11F07A
:104AB0000C94268AC7010E94037288EB91E19093BF
:104AC0006E0F80936D0F0E94BD28C12C90E2D92EED
:104AD000E12CF12C05E012E8109265151092641596
:104AE0000093581510935B15C0925C15D0925D151C
:104AF000E0925E15F0925F150E942171BFEFCB1A14
:104B0000DB0AEB0AFB0AEAE0CE16E0E2DE06E1048D
:104B1000F10411F78091F107F2E18F02C001112435
:104B20009C012C5B374F7901F90101900020E9F7D6
:104B3000C9018E1B9F0B439697FD01968C0115951D
:104B4000079540E050E260E070E0C70110161106E2
:104B5000D4F46E013FE1C30ED11C84E1D6011D9255
:104B60008A95E9F7A80161E374E0C6010E94CDF7D8
:104B7000B701C601800F911F0E94B8F740E050E2D4
:104B800060E070E0C6010E94BD7462E070E080E009
:104B900090E00E94657B8FEF90E09093EB0780930D
:104BA000EA07109239021091140B112309F47FC007
:104BB00081E090E0909365158093641585E0809383
:104BC000581502E800935B1584E190E1A0E0B0E0A5
:104BD00080935C1590935D15A0935E15B0935F155F
:104BE0000E94217162E070E080E090E00E94657BAD
:104BF00081E09AE590936515809364158AE090E0D2
:104C0000909367158093661587E0809358150093FD
:104C10005B1584E890E0A0E0B0E080935C15909391
:104C20005D15A0935E15B0935F150E94217181E020
:104C3000809337028093E507809335021092CF0767
:104C40001092160B8093E80793E09093E907809306
:104C5000EE0781E090E09093A2078093A107109265
:104C6000CD071092CC0780913602112309F464C05D
:104C7000882309F445C087E090E090936515809300
:104C8000641585E08093581582E880935B1588E170
:104C900090E1A0E0B0E080935C1590935D15A09347
:104CA0005E15B0935F150E9421710C94268A8DE0E9
:104CB00090E0909365158093641585E08093581576
:104CC00002E800935B1584E190E1A0E0B0E08093FE
:104CD0005C1590935D15A0935E15B0935F150E94CF
:104CE000217162E070E080E090E00E94657B81E0ED
:104CF0009AE5909365158093641584E390E080CFE6
:104D000088E090E0909365158093641585E080932A
:104D1000581582E880935B1588E190E1A0E0B0E04F
:104D200080935C1590935D15A0935E15B0935F150D
:104D30000E9421710C94268A8823E1F089E090E09A
:104D4000909365158093641585E08093581582E8EB
:104D500080935B1588E190E1A0E0B0E080935C1562
:104D600090935D15A0935E15B0935F150E9421711D
:104D70000C94268A8AE090E09093651580936415E0
:104D800085E08093581582E880935B1588E190E177
:104D9000A0E0B0E080935C1590935D15A0935E1544
:104DA000B0935F150E9421710C94268A892B11F40F
:104DB0000C94BD910C94268AAF92BF92CF92DF9251
:104DC000EF92FF920F931F93CF93DF936C017B01C0
:104DD0008B01040F151FEB015E01AE18BF08C01751
:104DE000D10759F06991D601ED91FC910190F081C4
:104DF000E02DC6011995892B79F7C501DF91CF9177
:104E00001F910F91FF90EF90DF90CF90BF90AF90E8
:104E10000895FC01538D448D252F30E0842F90E0C0
:104E2000821B930B541710F0CF96089501970895A5
:104E3000FC01918D828D981761F0A28DAE0FBF2F6E
:104E4000B11D5D968C91928D9F5F9F73928F90E0C4
:104E500008958FEF9FEF0895FC01918D828D981733
:104E600031F0828DE80FF11D858D90E008958FEF70
:104E70009FEF0895FC01918D228D892F90E0805C39
:104E80009F4F821B91098F73992708958DEF90E1B1
:104E90000E943AA721E0892B09F420E0822F08958F
:104EA000FC01A48DA80FB92FB11DA35ABF4F2C919F
:104EB000848D90E001968F739927848FA689B78996
:104EC0002C93A089B1898C91837080648C93938D8D
:104ED000848D981306C00288F389E02D80818F7D30
:104EE00080830895EF92FF920F931F93CF93DF93E8
:104EF000EC0181E0888F9B8D8C8D98131AC0E88916
:104F0000F989808185FF15C09FB7F894EE89FF89E4
:104F10006083E889F98980818370806480839FBF82
:104F200081E090E0DF91CF911F910F91FF90EF9082
:104F30000895F62E0B8D10E00F5F1F4F0F73112792
:104F4000E02E8C8D8E110CC00FB607FCFACFE889CD
:104F5000F989808185FFF5CFCE010E9450A7F1CF5E
:104F6000EB8DEC0FFD2FF11DE35AFF4FF0829FB741
:104F7000F8940B8FEA89FB8980818062CFCFCF9331
:104F8000DF93EC01888D8823B9F0AA89BB89E88971
:104F9000F9898C9185FD03C0808186FD0DC00FB617
:104FA00007FCF7CF8C9185FFF2CF808185FFEDCF95
:104FB000CE010E9450A7E9CFDF91CF91089580E004
:104FC00090E0892B49F080E090E0892B29F00E9445
:104FD000000081110E94000080E090E0892B49F0E0
:104FE00080E090E0892B29F00E94000081110E944E
:104FF000000080E090E0892B29F00E9446A78111F3
:105000000E94000080E090E0892B49F080E090E071
:10501000892B29F00E94000081110C940000089552
:105020004F925F926F927F92AF92BF92CF92DF9238
:10503000EF92FF920F931F93CF93DF9324E030E022
:1050400041E050E0D901A95ABF4DFD01659174912D
:10505000861797070CF066C041505109440F551F41
:10506000440F551FEA01C75ADF4DFE010591149107
:10507000495A5F4DFA0165917491F901E75AFF4D64
:10508000E590F490FE01C590D490FD01C591D491B6
:10509000FA01A590B490861B970BBC01990F880B61
:1050A000990B0E9472ED2B013C01B7016C197D092F
:1050B000072E000C880B990B0E9472ED9B01AC012E
:1050C000C301B2010E94D1ED6B017C01BE016A19DE
:1050D0007B09072E000C880B990B0E9472ED9B0137
:1050E000AC01C701B6010E940DF56B017C01B8014E
:1050F000110F880B990B0E9472ED9B01AC01C70147
:10510000B6010E9413F4DF91CF911F910F91FF9090
:10511000EF90DF90CF90BF90AF907F906F905F90B7
:105120004F9008954F5F5F4F2C5F3F4F211561E017
:10513000360709F087CFE5E5F1E265917491072E16
:10514000000C880B990B0E9472EDDDCF4F925F929D
:105150006F927F92AF92BF92CF92DF92EF92FF92C7
:105160000F931F93CF93DF9324E030E041E050E0B2
:10517000D901A95ABF4DFD01659174918617970712
:105180000CF066C041505109440F551F440F551F84
:10519000EA01C75ADF4DFE0105911491495A5F4D4E
:1051A000FA0165917491F901E75AFF4DE590F49089
:1051B000FE01C590D490FD01C591D491FA01A5904E
:1051C000B490861B970BBC01990F880B990B0E941A
:1051D00072ED2B013C01B7016C197D09072E000C03
:1051E000880B990B0E9472ED9B01AC01C301B201C7
:1051F0000E94D1ED6B017C01BE016A197B09072E6B
:10520000000C880B990B0E9472ED9B01AC01C70149
:10521000B6010E940DF56B017C01B801110F880BDE
:10522000990B0E9472ED9B01AC01C701B6010E946F
:1052300013F4DF91CF911F910F91FF90EF90DF90CA
:10524000CF90BF90AF907F906F905F904F900895F8
:105250004F5F5F4F2C5F3F4F211561E0360709F02C
:1052600087CFE5E5F1E265917491072E000C880B7C
:10527000990B0E9472EDDDCF880F991F880F991F3F
:10528000FC01E35AF44E4081518162817381825D59
:10529000934EFC014083518362837383E0915B1BD7
:1052A000F0915C1B82899389A489B5898093CE1B78
:1052B0009093CF1BA093D01BB093D11B08958091E6
:1052C000C91B80FF24C089988FEF80935202809180
:1052D000C91B81FF1FC08F9A8FEF8093530280916B
:1052E000C91B9FB782FF19C0F89480910B0182609F
:1052F00080930B019FBF8FEF809354028091C91B55
:1053000083FF14C016988FEF809355020895899AF1
:1053100081E0DBCF8F9881E0E0CFF89480910B01A2
:105320008D7F80930B019FBF81E0E6CF169A81E0CD
:10533000EBCFEF92FF920F931F93CF93DF93E09009
:105340005B1BF0905C1BF70182819381A481B58186
:10535000181619061A061B06E4F48091C91B80FF73
:1053600018C080919E1B9CB195FB992790F98E7F68
:10537000892780939E1B90919D1B9170892349F0F2
:1053800080919C1B816080939C1B90E080E00E9438
:105390003CA9F70186819781A085B1851816190669
:1053A0001A061B061CF58091C91B81FF1FC0809146
:1053B0009E1B9091030191FB002700F910E01195CD
:1053C00001951109082702701127802780939E1BE1
:1053D00000919D1B0270082349F080919C1B826004
:1053E00080939C1B81E090E00E943CA9F70182859C
:1053F0009385A485B585181619061A061B0644F56B
:105400008091C91B82FF24C080918B1B882301F1EE
:1054100080919E1B99B192FB992790F9C92FF0E0DA
:10542000DF2FD195C195D109C827C470DD278C27FE
:1054300080939E1BC0919D1BC470C82349F080912E
:105440009C1B846080939C1B82E090E00E943CA99E
:1054500080919E1B80939D1BDF91CF911F910F9197
:10546000FF90EF900895CF92DF92EF92FF920F930B
:105470001F93CF93DF936B017A01EC01C855D44E93
:1054800028813CE0389F8001399F100D112427FFAF
:1054900024C0FB011182108288818F5F88838881FC
:1054A0009801280F311D87FD3A95C90120912C12D2
:1054B000F6012817190629F024F088818C300CF4A5
:1054C0003CC080819181049680349C4908F475C069
:1054D000F60180819181049672C088819801280F1D
:1054E000311D87FD3A95C90120912C122817190604
:1054F00099F294F28881A801480F511D87FD5A95B1
:10550000FA01EE0FFF1FE40FF51FE054FE4E8081FD
:1055100086FFC2CF8881F801E80FF11D87FDFA955B
:10552000CF01EE0FFF1FE80FF91FE054FE4E808100
:1055300060E08F730E947178AFCF80819181288164
:10554000A801420F511D27FD5A959A01FA01EE0F4D
:10555000FF1FE20FF31FE054FE4E21813281820FC4
:10556000931FF7019183808388819801280F311D53
:1055700087FD3A95F901EE0FFF1FE20FF31FE0548C
:10558000FE4E808186FF20C08881080F111D87FD97
:105590001A95F801EE0FFF1FE00FF11FE054FE4EC9
:1055A000808161E08F73DF91CF911F910F91FF9008
:1055B000EF90DF90CF900C94717880E49CE9F70134
:1055C000918380838FEF8883DF91CF911F910F911B
:1055D000FF90EF90DF90CF9008954F925F926F927F
:1055E0007F92AF92BF92CF92DF92EF92FF920F9392
:1055F0001F93CF93DF938C01EB01FC0147A050A4D4
:1056000061A472A4AFA0B8A4C9A4DAA49501A601AC
:10561000C301B2010E946BED87FF3EC0A30192015E
:10562000C301B2010E94D1ED2B013C01F80163A935
:1056300074A985A996A990589B01AC010E9413F406
:10564000F80127A530A941A952A90E94D1ED9B01DB
:10565000AC01C301B2010E9412F40E94C1F67B01A9
:105660008C019B01AC01B501C6010E946BED87FF67
:1056700002C0750186019701A801B501C6010E940B
:105680006BED882349F0C701D8018FA398A7A9A77C
:10569000BAA7888181608883DF91CF911F910F9194
:1056A000FF90EF90DF90CF90BF90AF907F906F9082
:1056B0005F904F9008954F925F926F927F928F927A
:1056C0009F92AF92BF92CF92DF92EF92FF92CF93D1
:1056D000DF93CDB7DEB76A970FB6F894DEBF0FBE83
:1056E000CDBF9A8F898F5B014A01DC01D7966D91FE
:1056F0007D918D919C91DA970E9470ED6B017C01F8
:10570000F50120813181428153810E94D1ED0E94B7
:10571000F1F40E9486F53B015C01D4012D913D918D
:105720004D915C91C701B6010E94D1ED0E94F1F448
:105730000E9486F56D827E82AF82B8862D813E8181
:105740004F815885283731054105510540F428E738
:1057500030E040E050E02D833E834F8358876983DB
:105760007A838B839C8389819A81AB81BC818837C2
:105770009105A105B10540F428E730E040E050E094
:1057800029833A834B835C83E98DFA8DED5BFF4F70
:1057900080819181A281B3818D879E87AF87B88BED
:1057A000BC01CD010E9472ED69877A878B879C8747
:1057B0006D817E818F8198850E9470ED698B7A8BD7
:1057C0008B8B9C8B20E030E0A90169857A858B85E5
:1057D0009C850E946BED882309F432C1A7019601D4
:1057E000C701B6010E94D1ED4B015C0129893A89BC
:1057F0004B895C89CA01B9010E94D1ED9B01AC01C2
:10580000C501B4010E9412F44B015C0129853A855F
:105810004B855C85CA01B9010E9413F49B01AC0160
:10582000C501B4010E940DF50E94F1F40E947FF5BC
:105830002B013C016D857E858F859889909580959B
:10584000709561957F4F8F4F9F4F0E9472ED4B0176
:105850005C0169817A818B819C810E9470ED6D87EA
:105860007E878F87988B20E030E0A901C501B401C5
:105870000E946BED882309F4E7C02D853E854F8596
:105880005889CA01B9010E94D1ED6D8B7E8B8F8B37
:10589000988FA7019601C701B6010E94D1ED9B0127
:1058A000AC016D897E898F89988D0E9412F46B01FD
:1058B0007C01A5019401C501B4010E9413F49B0170
:1058C000AC01C701B6010E940DF50E94B5F5A98D86
:1058D000BA8D52968D909D90AD90BC905597750164
:1058E0006401C418D508E608F7080E947FF5C61AB7
:1058F000D70AE80AF90AF7FE67C020E030E0A901FC
:1059000069857A858B859C850E946BED882309F4D7
:105910009FC0C501B4010E9470ED6B017C01298517
:105920003A854B855C85CA01B9010E9413F49B013D
:10593000AC01C701B6010E94D1ED6B017C01298940
:105940003A894B895C89CA01B9010E94D1ED9B015A
:10595000AC01C701B6010E9412F46B017C012D85D8
:105960003E854F855889CA01B9010E94D1ED9B013E
:10597000AC01C701B6010E9413F46B017C0120E069
:1059800030E040E850E469857A858B859C850E94EB
:10599000D1ED9B01AC01C701B6010E940DF50E943B
:1059A000F1F40E947FF52B013C0177FE03C0412CEE
:1059B000512C3201481459046A047B0410F024016C
:1059C0003501C12CD12C76018FB7F894E98DFA8D71
:1059D000908193FD1FC0DF01468A578A608E718EC9
:1059E000C40CD51CE61CF71CC28ED38EE48EF58E3B
:1059F0002D813E814F81588523AF34AF45AF56AFDF
:105A0000DF9629813A814B815C812D933D934D93A3
:105A10005C9313978FBF6A960FB6F894DEBF0FBEE4
:105A2000CDBFDF91CF91FF90EF90DF90CF90BF90EF
:105A3000AF909F908F907F906F905F904F90089560
:105A400060E070E0CB01F0CE60E070E0CB013DCFD4
:105A500060E070E0CB01A3CF3FB7F89480913F1C8A
:105A60009091401CA091411CB091421C26B5A89B6E
:105A700005C02F3F19F00196A11DB11D3FBFBA2FE0
:105A8000A92F982F8827BC01CD01620F711D811DA0
:105A9000911D42E0660F771F881F991F4A95D1F725
:105AA00008952FB7F89460913B1C70913C1C809135
:105AB0003D1C90913E1C2FBF08951F920F920FB670
:105AC0000F9211242F933F938F939F93AF93BF9384
:105AD00080913B1C90913C1CA0913D1CB0913E1CC0
:105AE00030913A1C23E0230F2D3758F50196A11D64
:105AF000B11D20933A1C80933B1C90933C1CA093B7
:105B00003D1CB0933E1C80913F1C9091401CA09185
:105B1000411CB091421C0196A11DB11D80933F1CF8
:105B20009093401CA093411CB093421CBF91AF9135
:105B30009F918F913F912F910F900FBE0F901F90CB
:105B4000189526E8230F0296A11DB11DD2CF1F92F2
:105B50000F920FB60F9211240BB60F922F933F9313
:105B60004F935F936F937F938F939F93AF93BF9365
:105B7000EF93FF938DEF90E10E9450A7FF91EF917B
:105B8000BF91AF919F918F917F916F915F914F9155
:105B90003F912F910F900BBE0F900FBE0F901F9053
:105BA00018951F920F920FB60F9211240BB60F92F9
:105BB0002F938F939F93EF93FF93E0910D11F091AB
:105BC0000E118081E0911311F091141182FD1DC01E
:105BD0009081809116118F5F8F732091171182171A
:105BE00041F0E0911611F0E0E350FF4E958F809365
:105BF0001611FF91EF919F918F912F910F900BBEF6
:105C00000F900FBE0F901F9018958081F2CF909348
:105C1000F8108093F7100C948F701092791B90E01D
:105C200080E00E9407AE90E080E00E94AE3A0E94C1
:105C3000D97090E080E00E9407AE10927C1B2C98F7
:105C40001092D1071092D00710927B1B9FB7F89447
:105C5000E2E0F1E080818F7D80839FBF0895FF9215
:105C60000F931F93CF93DF93182F062FF72E80915A
:105C70002602882361F1C3E2D4E1FE0184912196DA
:105C8000811111C0C02FDF2DFE0184912196811159
:105C90000DC0CDEFDFE1FE0184912196882349F00C
:105CA0000E94BC2BF8CF0E94BC2BE7CF0E94BC2BDC
:105CB000EBCFC8EFDFE117FD15C0612F110F770B98
:105CC000880B990B0E94DB308AE00E94BC2B8091EC
:105CD000D21B81110FC01092260281E08093D21B4B
:105CE0000E94F270FE0184912196882381F30E9424
:105CF000BC2BF8CFDF91CF911F910F91FF900C94A7
:105D00000DAE1F920F920FB60F9211240BB60F9289
:105D10002F933F934F935F936F937F938F939F93B3
:105D2000AF93BF93CF93DF93EF93FF938091171CB3
:105D30008111B8C081E08093171C80916E008B7F29
:105D400080936E00789480915A028F3708F4C1C016
:105D50008F5790917C1B9093161C992309F4B7C020
:105D60002C9A90917B1B9093151C2FB7992309F4C3
:105D7000BBC0F894909102019062909302012FBFF2
:105D80008F5F80935A02809158029091590282301D
:105D9000910509F4E5C008F0ACC0009709F4C5C04E
:105DA000019709F4CEC08091580290915902892B35
:105DB00041F4809157028F5F80310CF0E5C08093F1
:105DC00057028091580290915902019665E070E067
:105DD0000E9445F7909359028093580230E020E0EA
:105DE000ABE0B0E0C901880F991FFC01E556F84F00
:105DF000408151814115510509F446C0F894223083
:105E0000A9F5609109016270EFB7F89470910801EB
:105E10007E7F70930801EFBFEFB7141615060CF4E0
:105E2000BAC1F89470910B01726070930B01EFBFCF
:105E3000EFB7F89470910B01786070930B01EFBF8E
:105E4000FD013197F1F7EFB7F89470910B01777F6F
:105E500070930B01EFBF7FB7662309F4A1C1F894DB
:105E600060910B01626060930B017FBF7894FC012D
:105E7000E556F84F141615060CF097C14081518174
:105E800041505109518340832F5F3F4F23303105EB
:105E900009F0A8CFF8941092171C80916E008460CE
:105EA00080936E00FF91EF91DF91CF91BF91AF9101
:105EB0009F918F917F916F915F914F913F912F9122
:105EC0000F900BBE0F900FBE0F901F9018952C983F
:105ED00048CF9091161C891708F02C989091151CAA
:105EE000891708F44DCF2FB7F894909102019F7D48
:105EF00044CF83309105C9F1049709F054CF8091C4
:105F0000141C811103C086E08093141C8091141C22
:105F100081508093141C882309F445CF83E090E0DE
:105F200090935902809358023ECF88E080937B0083
:105F300085E480937C0080917A00806480937A006D
:105F400032CF209178003091790080910A1C909195
:105F50000B1C820F931F90930B1C80930A1C23CF62
:105F600088E080937B0086E4E4CF20917800309134
:105F700079008091081C9091091C820F931F9093C7
:105F8000091C8093081C0FCF1092570280917A1B36
:105F9000811113C080910A1C90910B1C9093071CD7
:105FA0008093061C8091081C9091091C9093051CFD
:105FB0008093041C81E080937A1BEAE0FCE18AE094
:105FC000DF011D928A95E9F71092091C1092081CB6
:105FD000C091061CD091071C80911A1C90911B1C2B
:105FE000C817D90774F58091F7109091F81018161A
:105FF00019063CF581E09AE5909365158093641548
:106000008AE590E0909367158093661587E080930A
:10601000581582E880935B1584E890E0A0E0B0E03A
:1060200080935C1590935D15A0935E15B0935F15FA
:106030000E94217148EB51E265EC71E280E00E9420
:106040002FAE80915D0290915E028C179D0774F5D2
:106050008091F7109091F810181619063CF581E020
:106060009AE590936515809364158AE590E0909386
:1060700067158093661587E08093581582E88093B2
:106080005B1584E890E0A0E0B0E080935C1590930D
:106090005D15A0935E15B0935F150E94217148E8CD
:1060A00051E265E971E280E00E942FAE2091041C6C
:1060B0003091051C8091181C9091191C8217930730
:1060C00074F18091D0079091D107181619063CF50C
:1060D00081E09AE590936515809364158AE590E0D8
:1060E000909367158093661587E08093581582E832
:1060F00080935B1584E890E0A0E0B0E080935C15AD
:1061000090935D15A0935E15B0935F150E94217169
:1061100047EA51E265EC71E28FEF0E942FAE2091C9
:106120005B0230915C028091041C9091051C8217E7
:1061300093070CF446CE8091D0079091D1071816A2
:1061400019060CF03ECE81E09AE590936515809398
:1061500064158AE590E0909367158093661587E053
:106160008093581582E880935B1584E890E0A0E066
:10617000B0E080935C1590935D15A0935E15B0938D
:106180005F150E94217147E751E265E971E28FEFE7
:106190000E942FAE16CEF89470910B017D7F45CEF4
:1061A000F89460910B016D7F5ECE808191810196A4
:1061B0009183808369CE2F923F924F925F926F922C
:1061C0007F928F929F92AF92BF92CF92DF92EF9287
:1061D000FF920F931F93CF93DF9300D000D0CDB7E2
:1061E000DEB71C017A8369832B833C834D835E83F6
:1061F0002701380101E010E0C114D10411F410E0CE
:1062000000E0000F111F000F111FC8018450944EB1
:106210007C01A3019201FC016081718182819381E3
:106220000E946BED8823B1F0F701408251826282B7
:106230007382EE24E394F12C20E030E0A901C30145
:10624000B2010E9473F6181614F0F12CE12CF10142
:10625000F182E082F1018081918182309105D9F053
:106260008330910509F46FC0019709F040C02B817C
:106270003C814D815E81F801E450F44E6081718172
:10628000828193810E9473F618168CF182E090E06F
:10629000F101918380830450144EB401990C880B52
:1062A000990B0E9472ED9B01AC01F8016081718134
:1062B000828193810E9412F42B813C814D815E8109
:1062C0000E946BED181664F10E9451AD6B017C01C8
:1062D00028EE33E0D5010E9461F7C60ED71EE81EF6
:1062E000F91EE981FA81C082D182E282F382269688
:1062F0000FB6F894DEBF0FBECDBFDF91CF911F91D7
:106300000F91FF90EF90DF90CF90BF90AF909F9054
:106310008F907F906F905F904F903F902F90089557
:106320000E9451ADE981FA8100811181228133817E
:10633000601B710B820B930B97FDD9CF83E090E02C
:10634000F1019183808381E09AE5909365158093B4
:10635000641588E590E0909367158093661587E053
:106360008093581582E880935B1584E890E0A0E064
:10637000B0E080935C1590935D15A0935E15B0938B
:106380005F150E94217147E551E267E671E28C2DAD
:1063900026960FB6F894DEBF0FBECDBFDF91CF912A
:1063A0001F910F91FF90EF90DF90CF90BF90AF9033
:1063B0009F908F907F906F905F904F903F902F9025
:1063C0000C942FAECF92DF92EF92FF92C0907D1B84
:1063D000D0907E1BE0907F1BF090801B6091D007D7
:1063E0007091D10766507109072E000C880B990B2C
:1063F0000E9472EDA70196010E9473F618160CF523
:1064000020E030E040E050E4C701B6010E9413F400
:106410000E9486F57093FB1B6093FA1B0E9451AD9E
:10642000605E70448D4F9F4F6093F61B7093F71B17
:106430008093F81B9093F91BFF90EF90DF90CF9023
:1064400008951092F61B1092F71B1092F81B1092F1
:10645000F91BF2CF8091061C9091071C0E9410A896
:106460006093F9107093FA108093FB109093FC10D6
:106470008091041C9091051C0E94A6A860937D1B2E
:1064800070937E1B80937F1B9093801BA8958FB782
:10649000F89410927A1B8FBF08954F925F926F927B
:1064A0007F928F929F92AF92BF92CF92DF92EF92A4
:1064B000FF920F931F93CF93DF9300D000D0CDB7FF
:1064C000DEB780917A1B811117C026960FB6F8941B
:1064D000DEBF0FBECDBFDF91CF911F910F91FF9017
:1064E000EF90DF90CF90BF90AF909F908F907F9074
:1064F0006F905F904F9008950E942AB20E9451AD14
:106500002B013C016091F7107091F810072E000CE0
:10651000880B990B0E9472ED2091F9103091FA10BE
:106520004091FB105091FC10E4E08E2E912CFCE386
:10653000AF2EB12CD12CC12C7B018C0160EF7BE103
:1065400084EF9BE10E94DBB0C090F910D090FA106C
:10655000E090FB10F090FC1060911C1C70911D1CD1
:10656000072E000C880B990B0E9472ED9B01AC0169
:10657000C701B6010E9473F618160CF038C160917D
:106580005F0270916002072E000C880B990B0E942D
:1065900072ED9B01AC01C701B6010E946BED87FF54
:1065A00026C12091F7103091F8103E832D83B90158
:1065B000330F880B990B0E9472EDA70196010E9480
:1065C00012F44B015C018092E21B9092E31BA092BB
:1065D000E41BB092E51B20ED3CEC4CE45DE36091E4
:1065E000751B7091761B8091771B9091781B0E9490
:1065F000D1ED69837A838B839C832091DE1B30915C
:10660000DF1B4091E01B5091E11BC701B6010E94C6
:1066100012F49B01AC0169817A818B819C810E947B
:10662000D1ED69837A838B839C8323E333E343E750
:106630005FE36091DA1B7091DB1B8091DC1B909112
:10664000DD1B0E94D1ED9B01AC0169817A818B81B8
:106650009C810E9413F46093DA1B7093DB1B809380
:10666000DC1B9093DD1BC092DE1BD092DF1BE092FF
:10667000E01BF092E11B8091D81B9091D91B892BD4
:1066800041F4C701B6010E947FF57093D91B609356
:10669000D81B1091E90720E030E0A901C501B40141
:1066A0000E946BED18160CF0D2C1123009F4FAC139
:1066B00020E030E040E251E4C501B4010E9473F6ED
:1066C00018160CF4BFC120E030E040E251ECC501E7
:1066D000B4010E946BED87FD1AC28091F710909172
:1066E000F810892B09F413C28091D71B811126C29F
:1066F000C090D31BD090D41BE090D51BF090D61B3C
:106700002091711B3091721B4091731B5091741B2F
:10671000C501B4010E94D1ED69837A838B839C8388
:10672000A5019401C701B6010E9413F46B017C011D
:10673000C092D31BD092D41BE092D51BF092D61BF3
:1067400020916D1B30916E1B40916F1B5091701BFF
:106750000E94D1ED29813A814B815C810E9413F422
:106760002091DA1B3091DB1B4091DC1B5091DD1B2B
:106770000E9412F469837A838B839C8320E030E04B
:106780004FE753E40E9473F620E030E0A9011816A9
:106790000CF0DAC1C501B4010E9473F6181674F446
:1067A000A5019401C701B6010E9412F46093D31BA6
:1067B0007093D41B8093D51B9093D61B6FE718C0A2
:1067C00020E030E0A901C501B4010E946BED87FF14
:1067D0000EC0A5019401C701B6010E9412F4609396
:1067E000D31B7093D41B8093D51B9093D61B60E072
:1067F00060937C1B8091F1109091F210A091F310A6
:10680000B091F4100097A105B10509F447C0A301A8
:106810009201281B390B4A0B5B0BDA01C901B7FD4A
:106820003DC06091F5107091F61090E080E00E94FC
:1068300070ED9B01AC016091F9107091FA1080919C
:10684000FB109091FC100E946BED87FFF5C081E07A
:106850009AE5909365158093641589E590E090938F
:1068600067158093661587E08093581582E88093BA
:106870005B1584E890E0A0E0B0E080935C15909315
:106880005D15A0935E15B0935F150E94217149E3D9
:1068900050E268E470E280E00E942FAE8091F61B27
:1068A0009091F71BA091F81BB091F91B0097A105DF
:1068B000B10509F447C0A3019201281B390B4A0B0B
:1068C0005B0BDA01C901B7FD3DC06091FA1B709105
:1068D000FB1B90E080E00E9470ED9B01AC01609199
:1068E0007D1B70917E1B80917F1B9091801B0E946D
:1068F0006BED87FFA4C081E09AE5909365158093C6
:10690000641589E590E0909367158093661587E09C
:106910008093581582E880935B1584E890E0A0E0AE
:10692000B0E080935C1590935D15A0935E15B093D5
:106930005F150E9421714BE150E26AE270E28FEF35
:106940000E942FAE8091EC1B9091ED1BA091EE1B4D
:10695000B091EF1BA3019201281B390B4A0B5B0B73
:10696000DA01C901B7FDB1CD38E8430E33E1531E5A
:10697000611C711C4092EC1B5092ED1B6092EE1B4F
:106980007092EF1B40907D1B50907E1B60907F1B90
:106990007090801B6091D0077091D107072E000C7A
:1069A000880B990B0E9472ED22E0822E912C38E721
:1069B000A32EB12CCC24CA94DC2C7B018C01A30126
:1069C000920166EE7BE18AEE9BE10E94DBB020E063
:1069D00030E040EA50E4C301B2010E9473F687FD43
:1069E00020C020E030E04AEF52E4C301B2010E942F
:1069F0006BED1816B4F06091D0077091D107072E97
:106A0000000C880B990B0E9472ED9B01AC01C30135
:106A1000B2010E946BED87FD7EC080E080937B1BFE
:106A200054CD10927B1B9FB7F894809102018F7D0B
:106A3000809302019FBF49CD0E948F702FCF0E948B
:106A4000E2B180CF81E08093D71B6FE7D1CE1130C8
:106A500009F02BCE8091140B882309F489C087E0BC
:106A600090E0909365158093641585E080935815A8
:106A700082E880935B1584E190E1A0E0B0E0809330
:106A80005C1590935D15A0935E15B0935F150E9401
:106A900021718090E21B9090E31BA090E41BB090CA
:106AA000E51B06CE4D815E81452BB9F120E030E03B
:106AB000A901C501B4010E9473F687FDF9CD80914B
:106AC000140B882309F451C089E090E09093651578
:106AD0008093641585E08093581582E880935B1558
:106AE00084E190E1A0E0B0E080935C1590935D15A7
:106AF000A0935E15B0935F150E94217180EA9FE01C
:106B00009093CD078093CC071092E907C2CF81E024
:106B10008093D71B6CCE8FE781CF8091D81B90914B
:106B2000D91B6BEF7FEF681B790B072E000C880BCE
:106B3000990B0E9472ED9B01AC01BBCF1092D71B49
:106B4000C12CD12C7601DCCD69817A818B819C812D
:106B50000E946BED87FD34CE69817A818B819C81A7
:106B60000E947FF57595679543CE85E190E0AECFA5
:106B700083E190E0ABCFCF92DF92EF92FF926B0177
:106B80007C0182E3C81AD108E108F10862E370E0F1
:106B900080E090E00E94657B0E944DB283E3C816BE
:106BA000D104E104F10468F7C701B6010E94657BD6
:106BB000FF90EF90DF90CF900C944DB2CF93DF9386
:106BC0002FB7F894AC01440F551F440F551FFA011D
:106BD000E35AF44E60817181828193812FBFEA0173
:106BE000C25ED34E0E9472ED288139814A815B8159
:106BF0000E94D1EDDF91CF9108959091BE118091C7
:106C0000BF11981719F00E946845F7CF0895909129
:106C1000BE118091BF11981731F08091BF118F5F25
:106C20008F708093BF1108951F920F920FB60F922D
:106C300011240BB60F92BF92CF92DF92EF92FF9288
:106C40000F931F932F933F934F935F936F937F9374
:106C50008F939F93AF93BF93EF93FF93CF93DF9364
:106C600000D01F92CDB7DEB780916E008B7F8093EE
:106C70006E0080916F008D7F80936F007894C0903C
:106C8000CA1BD090CB1BE090CC1BF090CD1BC11445
:106C9000D104E104F10441F080912607811128C05C
:106CA00080918B1B811124C00091591B10915A1B9C
:106CB0001A830983012B09F489C009811A810150C3
:106CC000110910935A1B0093591B10925C1B1092D0
:106CD0005B1B0E9407B6012B41F48CEE9FE1909361
:106CE0006E0F80936D0F0E94BD2888EC90E031C03C
:106CF0000E9499A919EBC1161BE0D106E104F10429
:106D000008F45BC028EBC21A2BE0D20AE108F108B4
:106D1000C092CA1BD092CB1BE092CC1BF092CD1B31
:106D2000F8EBCF2EFBE0DF2ED0928900C0928800D6
:106D30002091880030918900809184009091850095
:106D400040962817390748F4809184009091850077
:106D500040969093890080938800F8948091171C46
:106D6000882309F471C680916E008B7F80936E003A
:106D700080916F00826080936F000F900F900F9052
:106D80000F90DF91CF91FF91EF91BF91AF919F91C4
:106D90008F917F916F915F914F913F912F911F91B3
:106DA0000F91FF90EF90DF90CF90BF900F900BBEB0
:106DB0000F900FBE0F901F9018951092CA1B109243
:106DC000CB1B1092CC1B1092CD1BAECF80915B1BC6
:106DD00090915C1B892B09F0DCC19091BE118091D0
:106DE000BF11981709F444C0E091BF11C0908516F7
:106DF000D0908616E0908716F09088160E2F10E03F
:106E00002DE4E29FF0011124E757F94E9F01275B23
:106E10003F4FD9014D915D916D917C91D701C60194
:106E2000841B950BA60BB70B809385169093861643
:106E3000A0938716B0938816808188608083F09332
:106E40005C1BE0935B1B22A18091C91B281711F1E9
:106E50002093C91B8DE4809FF001819FF00D1124C8
:106E6000E757F94E8181809356020E945FA91BC0AB
:106E70008FB7F89410928516109286161092871686
:106E8000109288168FBF10925C1B10925B1B80EDD6
:106E900097E05FCF318180915602082E000C990B4C
:106EA00038171906A9F61092C51B1092C61B10922E
:106EB000C71B1092C81B8DE4809FF001819FF00DCD
:106EC0001124E757F94E87A990AD8134BCE99B079F
:106ED00008F041C08132EEE49E0708F43FC0969569
:106EE00087959695879524E02093C41B8C010052CA
:106EF00011091A830983011528E0120708F440C01C
:106F0000E12FFF27EE0FFF1FEE0FFF1FCF01845170
:106F1000944EFC01329645915491AA27059F900109
:106F2000049F210D3A1F06942A1F3A1F1124FC01C9
:106F300085919491821B930B8436910508F049C08A
:106F400003EF14E0D8018D918D01882309F43BC033
:106F50000E94BC2BF7CF80E49CE9C1CF8131F7E2DE
:106F60009F0720F09695879522E0BECF21E02093E1
:106F7000C41B8032910508F0B9CF80E290E0B6CF13
:106F800089819A81969587958C7F8451984EFC01D2
:106F900025913491FC0132964591549169817A8111
:106FA00067707727649FC001659F900D749F900D57
:106FB000112443E0969587954A95E1F7A901481B6E
:106FC000590BCA01B9CF89819A810E94EB7584E679
:106FD00090E09093C31B8093C21B8091C41B80934D
:106FE000C11BE0915B1BF0915C1B83AD94AD909352
:106FF000C01B8093BF1B8134BCE99B0708F041C0D4
:107000008132EEE49E0708F43FC0969587959695E9
:10701000879524E02093C41B8C01005211091A8328
:107020000983011528E0120708F440C0E12FFF276B
:10703000EE0FFF1FEE0FFF1FCF018451944EFC0196
:10704000329645915491AA27059F9001049F210DE6
:107050003A1F06942A1F3A1F1124FC01859194912E
:10706000821B930B8436910508F049C003EF14E0AE
:10707000D8018D918D01882309F43BC00E94BC2B5F
:10708000F7CF80E49CE9C1CF8131F7E29F0720F080
:107090009695879522E0BECF21E02093C41B8032D5
:1070A000910508F0B9CF80E290E0B6CF89819A814E
:1070B000969587958C7F8451984EFC01259134914B
:1070C000FC0132964591549169817A8167707727E6
:1070D000649FC001659F900D749F900D112463E023
:1070E000969587956A95E1F7A901481B590BCA0146
:1070F000B9CF89819A810E94EB7584E690E0AC015A
:1071000070E060E04093BB1B5093BC1B6093BD1BC1
:107110007093BE1B9093890080938800E0915B1B65
:10712000F0915C1B82899389A489B589B695A7954E
:1071300097958795B095A095909581959F4FAF4F66
:10714000BF4F8093B71B9093B81BA093B91BB0930C
:10715000BA1B8093B31B9093B41BA093B51BB09341
:10716000B61B8093AF1B9093B01BA093B11BB09341
:10717000B21B8093AB1B9093AC1BA093AD1BB09341
:10718000AE1B1092CE1B1092CF1B1092D01B1092F0
:10719000D11B80912607811103C080918B1B811127
:1071A0000E9499A92091C41BE0915B1BF0915C1B8C
:1071B000222309F456C282819381A481B581409132
:1071C000AB1B5091AC1B6091AD1B7091AE1B840F3B
:1071D000951FA61FB71F8093AB1B9093AC1BA0936A
:1071E000AD1BB093AE1B181619061A061B060CF43D
:1071F000889AE0915B1BF0915C1B86819781A0854A
:10720000B1854091AF1B5091B01B6091B11B709143
:10721000B21B840F951FA61FB71F8093AF1B9093BF
:10722000B01BA093B11BB093B21B181619061A0617
:107230001B060CF48E9AE0915B1BF0915C1B82851F
:107240009385A485B5854091B31B5091B41B609183
:10725000B51B7091B61B840F951FA61FB71F809397
:10726000B31B9093B41BA093B51BB093B61B181619
:1072700019061A061B0644F49FB7F89480910B0177
:10728000886080930B019FBFE0915B1BF0915C1BBA
:1072900086859785A089B1894091B71B5091B81B0D
:1072A0006091B91B7091BA1B840F951FA61FB71F61
:1072B0008093B71B9093B81BA093B91BB093BA1BD4
:1072C000181619061A061B060CF4149A8091AB1BAB
:1072D0009091AC1BA091AD1BB091AE1B1816190676
:1072E0001A061B0684F5E0915B1BF0915C1B42893A
:1072F000538964897589841B950BA60BB70B809302
:10730000AB1B9093AC1BA093AD1BB093AE1B9091A5
:10731000520240915D1B50915E1B60915F1B70910A
:10732000601B892F990F990BAA0BBB0B840F951F1C
:10733000A61FB71F80935D1B90935E1BA0935F1BDE
:10734000B093601B88988091AF1B9091B01BA09167
:10735000B11BB091B21B181619061A061B0684F54C
:10736000E0915B1BF0915C1B4289538964897589AC
:10737000841B950BA60BB70B8093AF1B9093B01B90
:10738000A093B11BB093B21B909153024091611B2B
:107390005091621B6091631B7091641B892F990F40
:1073A000990BAA0BBB0B840F951FA61FB71F8093C9
:1073B000611B9093621BA093631BB093641B8E9818
:1073C0008091B31B9091B41BA091B51BB091B61BDB
:1073D000181619061A061B06BCF5E0915B1BF09106
:1073E0005C1B4289538964897589841B950BA60BA4
:1073F000B70B8093B31B9093B41BA093B51BB093B2
:10740000B61B909154024091651B5091661B609190
:10741000671B7091681B892F990F990BAA0BBB0BE7
:10742000840F951FA61FB71F8093651B9093661B43
:10743000A093671BB093681B9FB7F89480910B01D2
:10744000877F80930B019FBF8091B71B9091B81BE2
:10745000A091B91BB091BA1B181619061A061B0683
:1074600084F5E0915B1BF0915C1B42895389648930
:107470007589841B950BA60BB70B8093B71B909354
:10748000B81BA093B91BB093BA1B909155024091C1
:10749000691B50916A1B60916B1B70916C1B892F4B
:1074A000990F990BAA0BBB0B840F951FA61FB71F33
:1074B0008093691B90936A1BA0936B1BB0936C1B0A
:1074C00014988091CE1B9091CF1BA091D01BB091AE
:1074D000D11B0196A11DB11D8093CE1B9093CF1B94
:1074E000A093D01BB093D11B2150E0915B1BF09176
:1074F0005C1B428953896489758984179507A6079F
:10750000B70708F451CEBB24B394E0915B1BF09114
:107510005C1B8091CE1B9091CF1BA091D01BB09192
:10752000D11B46895789608D718D481759076A07A5
:107530007B0708F436C14091BB1B5091BC1B609186
:10754000BD1B7091BE1B068D178D20A131A1AA27EE
:10755000419FB12D529FC001629F900D619F800D90
:10756000911D429FB00D811D9A1F519FB00D811D2D
:107570009A1F609FB00D811D9A1F509FB10D8A1FE9
:107580009A1FB6958A1F9A1F349F800D911D359FB3
:10759000900D11249A83898383AD94AD09811A815A
:1075A000800F911F9093C01B8093BF1B47A950ADC4
:1075B00061AD72ADB0E0A0E0481759076A077B07DC
:1075C00020F45093C01B4093BF1B8091BF1B909130
:1075D000C01B81341CE9910708F045C081322EE4BC
:1075E000920708F443C0969587959695879524E071
:1075F0002093C41B8C01005211091A8309830115C1
:1076000028E0120708F444C0E12FFF27EE0FFF1F08
:10761000EE0FFF1FCF018451944EFC01329625914D
:107620003491AA27039FA001029F410D5A1F06947F
:107630004A1F5A1F1124FC0125913491241B350B3C
:107640002436310508F04BC0F3EFEF2EF4E0FF2EA7
:10765000D7018D917D01882309F43BC00E94BC2B8A
:10766000F7CFB12C52CF80E49CE9BDCF813137E216
:10767000930720F09695879522E0BACF21E02093DA
:10768000C41B8032910508F0B5CF80E290E0B2CF04
:1076900089819A81969587958C7F8451984EFC01BB
:1076A00025913491FC0132964591549169817A81FA
:1076B00067707727649FC001659F900D749F900D40
:1076C0001124B3E096958795BA95E1F7281B390BFD
:1076D000B7CF89819A810E94EB7524E630E08091D2
:1076E0002607811105C080918B1B882309F457C0A0
:1076F000C901293BBBE03B07C0F068EB7BE00E947F
:1077000031F7883EE3E09E0708F046C08854944F66
:10771000A901481B590B70E060E04093CA1B5093CD
:10772000CB1B6093CC1B7093CD1B909389008093EF
:1077300088008091BB1B9091BC1BA091BD1BB09198
:10774000BE1B820F931FA11DB11D8093BB1B909385
:10775000BC1BA093BD1BB093BE1B20918800309131
:107760008900809184009091850040962817390700
:1077700048F4809184009091850040969093890010
:1077800080938800BB2009F4E8CA10925C1B109219
:107790005B1B0E9407B6E1CA88EB9BE0B9CFC90129
:1077A000C4CF8091CE1B9091CF1BA091D01BB091E4
:1077B000D11B428D538D648D758D481759076A070B
:1077C0007B0708F00CC14091C51B5091C61B60910E
:1077D000C71B7091C81B068D178D20A131A1AA2748
:1077E000419FB12D529F7001629FF00C619FE00C90
:1077F000F11C429FB00DE11CFA1E519FB00DE11C1F
:10780000FA1E609FB00DE11CFA1E509FB10DEA1EDA
:10781000FA1EB695EA1EFA1E349FE00CF11C359F45
:10782000F00C11248091BF1B9091C01BFF964081EA
:10783000518162817381E816F90650F48E199F090F
:107840006C01F12CE12CC416D506E606F70608F407
:10785000CA0181341CE9910708F043C081322EE44B
:10786000920708F441C0969587959695879524E0F0
:107870002093C41B8C01005211091A83098301153E
:1078800028E0120708F442C0E12FFF27EE0FFF1F88
:10789000EE0FFF1FCF018451944EFC0132962591CB
:1078A0003491AA27039FA001029F410D5A1F0694FD
:1078B0004A1F5A1F1124FC0125913491241B350BBA
:1078C0002436310508F049C083EFE82E84E0F82E15
:1078D000D7018D917D01882309F439C00E94BC2B0A
:1078E000F7CF80E49CE9BFCF813137E2930720F0E6
:1078F0009695879522E0BCCF21E02093C41B80326F
:10790000910508F0B7CF80E290E0B4CF89819A81E9
:10791000969587958C7F8451984EFC0125913491E2
:10792000FC0132964591549169817A81677077277D
:10793000649FC001659F900D749F900D112443E0DA
:10794000969587954A95E1F7281B390BB9CF898120
:107950009A810E94EB7524E630E080912607811120
:1079600004C080918B1B8823C1F1C901293BBBE076
:107970003B07B8F068EB7BE00E9431F7883EE3E01C
:107980009E0740F58854944FA901481B590B70E09D
:1079900060E04093CA1B5093CB1B6093CC1B709349
:1079A000CD1B90938900809388008091C51B909196
:1079B000C61BA091C71BB091C81B820F931FA11DAE
:1079C000B11D8093C51B9093C61BA093C71BB0939A
:1079D000C81BC3CE88EB9BE0D7CFC901E2CF209173
:1079E000C21B3091C31B80912607811104C0809176
:1079F0008B1B8823E9F0293BFBE03F07C8F0C90156
:107A000068EB7BE00E9431F7883E03E09007C8F402
:107A10008854944F281B390BA90170E060E0409313
:107A2000CA1B5093CB1B6093CC1B7093CD1B9C0146
:107A300030938900209388008091C11B8093C41BE0
:107A40008CCE88EB9BE0E6CF80916E0084608EC97F
:107A5000CF92DF92EF92FF920F931F93CF93DF931A
:107A60008C01EB0170E060E00E940F7A87FD8CC012
:107A7000C03282E0D8070CF043C0D80112968C9136
:107A8000129728E532E0281B310987FD3395220F34
:107A9000331F220F331F032E000C440B550B11967E
:107AA0008C9198E8C92ED12CC81AD10887FDD3949F
:107AB000CC0CDD1CCC0CDD1C0D2C000CEE08FF08E2
:107AC00060E070E0CB01D7FD0AC0BE01C53BD10527
:107AD00014F064EB70E0072E000C880B990B2C1946
:107AE0003D094E095F090E949FF324EB30E040E01E
:107AF00050E00E94D1F3C20ED31EE41EF51EE60133
:107B0000D801EC91E43208F511962C91119788E890
:107B100090E0821B910927FD9395880F991F880F8C
:107B2000991FC817D907FCF402974FB7F8942E2F66
:107B300030E0F901EE0FFF1FE20FF31FE054FE4E9D
:107B4000880F991F928381834FBF62E370E080E0CA
:107B500090E0DF91CF911F910F91FF90EF90DF9018
:107B6000CF900C94657B12962C9188E592E0821B55
:107B7000910927FD9395880F991F880F991FC817A2
:107B8000D90794F6CE01D0CFDF91CF911F910F91FD
:107B9000FF90EF90DF90CF9008951F920F920FB655
:107BA0000F9211240BB60F922F933F934F935F9335
:107BB0006F937F938F939F93AF93BF93EF93FF93B5
:107BC00048E251E064E271E082E090E00E9433AA72
:107BD000FF91EF91BF91AF919F918F917F916F91A5
:107BE0005F914F913F912F910F900BBE0F900FBE61
:107BF0000F901F9018951F920F920FB60F9211249D
:107C00000BB60F922F933F934F935F936F937F9396
:107C10008F939F93AF93BF93EF93FF9348EA50E006
:107C200064EA70E081E090E00E9433AAFF91EF9156
:107C3000BF91AF919F918F917F916F915F914F9184
:107C40003F912F910F900BBE0F900FBE0F901F9082
:107C500018951F920F920FB60F9211240BB60F9228
:107C60002F933F934F935F936F937F938F939F9344
:107C7000AF93BF93EF93FF9348E950E064E970E05E
:107C800090E080E00E9433AAFF91EF91BF91AF9105
:107C90009F918F917F916F915F914F913F912F9124
:107CA0000F900BBE0F900FBE0F901F901895CF92A4
:107CB000DF92EF92FF92CF93DF936A017B01EC0199
:107CC000FE0184912196882319F00E94BC2BF8CFE5
:107CD0004AE0C701B601DF91CF91FF90EF90DF90AE
:107CE000CF900C943330CF92DF92EF92FF92CF93EC
:107CF000DF936A017B01EC01FE01849121968823C8
:107D000019F00E94BC2BF8CF42E0C701B601DF9109
:107D1000CF91FF90EF90DF90CF900C94C3340F93EE
:107D20001F93CF93DF93EB018C01F80184910F5FD8
:107D30001F4F882319F00E94BC2BF7CFBE01DD0F27
:107D4000880B990BDF91CF911F910F910C94DB3031
:107D50000F931F93CF93DF93162F072FEC01FE0194
:107D600084912196811108C0C12FD02F8991882339
:107D700031F00E94BC2BFACF0E94BC2BF0CFDF91D8
:107D8000CF911F910F9108958091841681111AC08F
:107D90006091500270915102072E000C880B990BD4
:107DA0000E9472ED9B01AC016091F9107091FA1084
:107DB0008091FB109091FC100E946BED881F88272A
:107DC000881F089580E0089586E40E94C22A809367
:107DD000791B882351F00E94982A60934C0270937B
:107DE0004D0280934E0290934F0283E50E94C22A77
:107DF000882351F00E94982A6093480270934902A8
:107E000080934A0290934B0282E40E94C22A882304
:107E100051F00E94982A6093440270934502809327
:107E200046029093470208954F925F926F927F921D
:107E30008F929F92AF92BF92EF92FF920F931F93F8
:107E4000CF93DF93C4E6D6E184E7E82E86E1F82EEF
:107E500004E516E1412C512C32014394699179914A
:107E600089919991F70181909190A190B1907F01B2
:107E70000E9470EDA50194010E94D1ED0E9486F54B
:107E8000F80161937193819391938F014616570680
:107E90006806790610F42B013C01F6E1C437DF07D0
:107EA000E9F66FEF7FEFCB01A30192010E94AFF3E0
:107EB0002093A41B3093A51B4093A61B5093A71B94
:107EC000DF91CF911F910F91FF90EF90BF90AF90F6
:107ED0009F908F907F906F905F904F9008952F921A
:107EE0003F924F925F926F927F928F929F92AF924A
:107EF000BF92CF92DF92EF92FF920F931F93CF9397
:107F0000DF9300D01F92CDB7DEB77B016A01190164
:107F1000A4E7B6E12D913D914D915C91FC0160810A
:107F20007181828193810E94D1ED0E9480F62B01A4
:107F30003C010EEA11E1D8014D925D926D927C9266
:107F40001397209178163091791640917A165091B6
:107F50007B16F70160817181828193810E94D1ED4E
:107F60000E9480F64B015C01D80114968D929D927F
:107F7000AD92BC92179720917C1630917D1640915E
:107F80007E1650917F16F601608171818281938106
:107F90000E94D1ED0E9480F66B017C01D8011896F9
:107FA000CD92DD92ED92FC921B972091801630913C
:107FB00081164091821650918316F1016081718182
:107FC000828193810E94D1ED0E9480F669837A8339
:107FD0008B839C83D8011C966D937D938D939C938A
:107FE0001F970E94FDB58FB7F894EDE5FBE1408245
:107FF00051826282738284829582A682B782C08611
:10800000D186E286F38629813A814B815C8124877F
:108010003587468757878FBF10929A1110929B1110
:1080200010929C1110929D11EEE9F1E180E1DF01C7
:108030001D928A95E9F70F900F900F900F90DF91A6
:10804000CF911F910F91FF90EF90DF90CF90BF9055
:10805000AF909F908F907F906F905F904F903F90E8
:108060002F9008952F923F924F925F926F927F923E
:108070008F929F92AF92BF92CF92DF92EF92FF9238
:108080000F931F93CF93DF93CDB7DEB7C557D109B9
:108090000FB6F894DEBF0FBECDBF3B014A015901B8
:1080A000E9AA2196FFAE21970DAF1EAFCDA6209174
:1080B0007416309175164091761650917716DC0142
:1080C0006D917D918D919C910E94D1ED0E9480F6E1
:1080D000AE966CAF7DAF8EAF9FAFAE972091781606
:1080E0003091791640917A1650917B16F301608198
:1080F0007181828193810E94D1ED0E9480F6E29687
:108100006CAF7DAF8EAF9FAFE29720917C16309120
:108110007D1640917E1650917F16D4016D917D9110
:108120008D919C910E94D1ED0E9480F6E6966CAFF5
:108130007DAF8EAF9FAFE69720918016309181166C
:108140004091821650918316F50160817181828180
:1081500093810E94D1ED0E9480F667966CAF7DAF4F
:108160008EAF9FAF67978091AE119091AF11A091A4
:10817000B011B091B111AE96CCACDDACEEACFFACB1
:10818000AE97C81AD90AEA0AFB0A8091B2119091F7
:10819000B311A091B411B091B511E2968CAC9DAC25
:1081A000AEACBFACE297881A990AAA0ABB0A8091C2
:1081B000B6119091B711A091B811B091B911E6968E
:1081C0000CAD1DAD2EAD3FADE697081B190B2A0B6C
:1081D0003B0B0DAB1EAB2FAB38AF8091531683FF1B
:1081E0000EC067962CAD3DAD4EAD5FAD6797209349
:1081F000BA113093BB114093BC115093BD118091C3
:10820000BA119091BB11A091BC11B091BD116796AC
:108210004CAC5DAC6EAC7FAC6797481A590A6A0AE1
:108220007B0A09F479C00E94C4BE882339F167969D
:108230004CAD5DAD6EAD7FAD67974093BA11509375
:10824000BB116093BC117093BD1109EF13E1F801EC
:1082500084910F5F1F4F81110BC001ED17E1F801F1
:1082600084910F5F1F4F882331F00E94BC2BF7CF02
:108270000E94BC2BECCF412C512C320149A65AA6AE
:108280006BA67CA677FE0BC0002711279801041966
:1082900015092609370909A71AA72BA73CA760913A
:1082A00080167091811680918216909183160E949B
:1082B0007FF59B01AC01A8EEB3E00E94F0F329A585
:1082C0003AA54BA55CA562177307840795073CF593
:1082D00067964CAD5DAD6EAD7FAD67974093BA11BB
:1082E0005093BB116093BC117093BD1109EF13E162
:1082F000F80184910F5F1F4F81110BC002EB17E152
:10830000F80184910F5F1F4F882331F00E94BC2B2E
:10831000F7CF0E94BC2BECCF412C512C3201D7015E
:10832000C6018827B7FD83959927AA27BB27182F51
:10833000B7FC12602DA93EA94FA958AD57FD146096
:1083400077FC18600DA5202E312CC101880F991FD4
:10835000880F991F9C01215B394E3AA729A7C301B9
:10836000B2010E9472EDA9A5BAA52D913D914D9142
:108370005C910E94D1ED2B013C01F101EE0FFF1F3A
:10838000EE5BFD4F60817181072E000C880B990B0D
:108390000E9472ED9B01AC01C301B2010E94D1EDBC
:1083A0002AE037ED43E25CE30E94D1ED2B013C0172
:1083B00020E030E0A9010E9473F61816FCF420E0DA
:1083C00030E040E05FE3C301B2010E9413F40E9479
:1083D0007FF569AF7AAF8BAF9CAF8091BE118F5F95
:1083E0008F70A4968FAFA4978091BF11A4960FAD04
:1083F000A49780130CC00E946845F6CFA301920198
:1084000060E070E080E09FE30E9412F4E0CF009112
:10841000BE1169960FAF6997202F30E03AA729A7C0
:108420004DE4049FF0011124E757F94E108212A386
:10843000D701C601F7FE07C088279927DC018C19F0
:108440009D09AE09BF0982839383A483B5838DE41C
:1084500009A51AA5809FF001819FF00D1124E7570F
:10846000F94ED501C401B7FE07C088279927DC0162
:1084700088199909AA09BB0986839783A087B187C0
:108480008DE409A51AA5809FF001819FF00D1124AC
:10849000E757F94E8DA99EA9AFA9B8ADB7FF07C0A0
:1084A000B095A095909581959F4FAF4FBF4F828714
:1084B0009387A487B5878DE409A51AA5809FF0014D
:1084C000819FF00D1124E757F94E29AD3AAD4BAD20
:1084D0005CAD26873787408B518B42815381648105
:1084E000758126964CAF5DAF6EAF7FAF2697068144
:1084F000178120853185041715072607370714F4DF
:108500008A019B018DE469A57AA5869FF001879F6A
:10851000F00D1124E757F94E82859385A485B58522
:1085200080179107A207B3070CF401C709AD1AAD74
:108530002BAD3CAD00C729AD3AAD4BAD5CAD232BA7
:10854000242B252B09F494C460912B1670912C16C2
:1085500080912D1690912E1629A93AA94BA95CA9B4
:108560000E94D1ED0E94F1F40E9486F56B017C011E
:108570008091A41B9091A51BA091A61BB091A71B55
:108580004DA95EA96FA978AD84179507A607B7070F
:1085900008F477C481149104A104B10431F160910D
:1085A00054167091551680915616909157166C1569
:1085B0007D058E059F05C8F42DA93EA94FA958AD8C
:1085C0000E949FF32B013C01A5019401C701B60154
:1085D0000E949FF3461657066806790630F4C301D9
:1085E000B2010E94AFF369017A018DE409A51AA5D1
:1085F000809FF001819FF00D1124E757F94E86808E
:108600009780A084B18481149104A104B10441F144
:10861000609158167091591680915A1690915B1678
:108620006C157D058E059F05D8F42DA93EA94FA98F
:1086300058AD0E949FF32B013C01A7019601C50193
:10864000B4010E949FF3461657066806790640F467
:10865000C301B201A50194010E94AFF369017A013F
:108660008DE409A51AA5809FF001819FF00D1124CA
:10867000E757F94E82849384A484B58481149104CD
:10868000A104B10441F160915C1670915D16809176
:108690005E1690915F166C157D058E059F05D8F4CA
:1086A0002DA93EA94FA958AD0E949FF32B013C0173
:1086B000A7019601C501B4010E949FF34616570613
:1086C0006806790640F4C301B201A50194010E9435
:1086D000AFF369017A018DE409A51AA5809FF00125
:1086E000819FF00D1124E757F94E86849784A08866
:1086F000B18881149104A104B10441F16091601624
:108700007091611680916216909163166C157D05CB
:108710008E059F05D8F42DA93EA94FA958AD0E94FA
:108720009FF32B013C01A7019601C501B4010E94F2
:108730009FF3461657066806790640F4C301B20156
:10874000A50194010E94AFF369017A018DE429A586
:108750003AA5829F8001839F100D11240757194E5F
:10876000F801ED5BFF4FC082D182E282F382C70144
:10877000B6010E9470ED6B017C0129A93AA94BA9B1
:108780005CA90E940DF5A3966CAF7DAF8EAF9FAF35
:10879000A397D801D3966D937D938D939C93D69791
:1087A00020E030E040E85BE4C701B6010E94D1ED73
:1087B00020E034E244EF59E40E940DF50E947FF579
:1087C000F801668F778F80A391A3F3A1F9AFD80149
:1087D0009496BC91BDABF801F5A1FDA7D801969682
:1087E000BC91B9AB07E116E1AA961FAF0EAFAA97ED
:1087F00022964EAC5FAC229710E1410E511C57E11E
:10880000252E56E1352E22966EAC7FAC229709AD0F
:108810000DAF1DA91EAF2396FFAF23972796BFAFBD
:10882000279710E0D3018D909D90AD90BD903D01B4
:10883000E894B7F8F101C190D190E190F1901F0157
:10884000A7019601C501B4010E9473F618166CF5D4
:10885000112309F428C4A701960169AD7DA98DA54E
:1088600099A90E94D1ED6B017C012DAD3EAD2396FF
:108870004FAD239727965FAD2797C501B4010E949E
:10888000D1EDA70196010E9473F6181674F4A501A4
:108890009401C701B6010E940DF56DAF7EAF23961E
:1088A0008FAF239727969FAF27974614570409F059
:1088B000B9CF2B960FAD2B97023008F432C110912F
:1088C0009A112B961FAF2B9700919B112C960FAFEF
:1088D0002C9710919C1160961FAF609700919D118D
:1088E00062960FAF629727E137EB41ED58E32B9685
:1088F0006FAD2B972C967FAD2C97812F902F0E94D8
:1089000073F618160CF00DC129AD3DA94DA559A956
:108910002B966FAD2B972C967FAD2C97812F902F98
:108920000E9473F618160CF0C8C32B962FAD2B9728
:108930002C963FAD2C97412F502F69AD7DA98DA569
:1089400099A90E940DF5A8966CAF7DAF8EAF9FAF31
:10895000A89729AC3DA80DA519A92EE931E16B9680
:108960003FAF2EAF6B97412C512C40E8642E4FE364
:10897000742E68961FAE68976B96AEADBFAD6B97C1
:108980008D909D90AD90BD906B96BFAFAEAF6B9745
:108990002296EEADFFAD2297C190D190E190F1907B
:1089A0002296FFAFEEAF229729AD3DA94DA559A95B
:1089B0002B966FAD2B972C967FAD2C9760968FAD35
:1089C000609762969FAD62970E9473F6181664F4E2
:1089D000A8962CAD3DAD4EAD5FADA897C501B401D5
:1089E0000E94D1ED4B015C016896FFAD6897FF23B3
:1089F00081F0A3019201C501B4010E94D1ED4B01A8
:108A00005C01A3019201C701B6010E94D1ED6B0187
:108A10007C01A5019401C701B6010E946BED20E025
:108A200030E0A90187FF7EC3C701B6010E9473F63B
:108A300018164CF020E030E0A901C501B4010E94F5
:108A40006BED87FF5FC3A7019601C501B4010E94CA
:108A500012F46B017C01AA96AEADBFADAA978D90C2
:108A60009D90AD90BD90AA96BFAFAEAFAA97A5015D
:108A70009401C701B6010E9473F61816ACF4A70161
:108A80009601C501B4010E940DF59B01AC01C30123
:108A9000B2010E94D1ED2B013C016896BFAD6897F1
:108AA000BF5F6896BFAF6897EEEAF1E16B962EADB7
:108AB0003FAD6B97E217F30709F05ECF68963FADC5
:108AC0006897332341F0A3019201B101C8010E94CC
:108AD000D1ED1B018C0124EA30E74DE75FE3B101E2
:108AE000C8010E94D1ED6B017C01AC019B0160913A
:108AF0009F1B7091A01B8091A11B9091A21B0E94B3
:108B000073F618161CF5A70196016DAD7EAD239680
:108B10008FAD239727969FAD27970E9473F618165F
:108B2000ACF48DE409A51AA5809FF001819FF00D9A
:108B30001124E757F94E8081846080832DAC3EACD0
:108B400023960FAD239727961FAD27978DE429A570
:108B50003AA5829FF001839FF00D1124E757F94E4B
:108B6000C101D80183A794A7A5A7B6A7A3966CAD0A
:108B70007DAD8EAD9FADA39790589B01AC010E9437
:108B800013F46F962CAD3DAD4EAD5FAD6F970E9467
:108B9000D1ED9B01AC016BE077ED83E29BE30E949A
:108BA00012F40E94C1F66B017C019101A8010E94A0
:108BB00073F6181614F0160187018DE449A55AA51D
:108BC000849FF001859FF00D1124E757F94EC101F4
:108BD000D80187A390A7A1A7B2A7B0809601A7014B
:108BE00069AD7DA98DA599A90E946BED18160CF4AD
:108BF000BAC283E03DE4F32E69A57AA5F69EF001A2
:108C0000F79EF00D1124E757F94EB82AB08280E1A3
:108C1000FE017196AEE9B1E101900D928A95E1F7FE
:108C200089AD9DA9ADA5B9A980939A1190939B1187
:108C3000A0939C11B0939D118DAD9EAD2396AFADC9
:108C400023972796BFAD279780939F1B9093A01BD8
:108C5000A093A11BB093A21B29AD3DA94DA559A975
:108C6000BC01CD010E940DF56DA37EA38FA398A733
:108C700029AD3DA94DA559A9B101C8010E940DF525
:108C800069A37AA38BA39CA369960FAD69970F9DE7
:108C9000C0011124AE014B5D5F4FBE016F5D7F4F80
:108CA0008757994E0E945BABA4961FADA497109373
:108CB000BE11AE962CAD3DAD4EAD5FADAE972093DF
:108CC000AE113093AF114093B0115093B111E296B1
:108CD0004CAD5DAD6EAD7FADE2974093B211509358
:108CE000B3116093B4117093B511E6966CAD7DAD80
:108CF0008EAD9FADE6976093B6117093B7118093D8
:108D0000B8119093B91167968CAD9DADAEADBFAD66
:108D100067978093BA119093BB11A093BC11B09345
:108D2000BD118091BE119091BF11891B8F7084304D
:108D300008F41BC20091BF1109A78091BE11835096
:108D40008F70F82E912C812C10E000E029A52F15B2
:108D500009F40BC20115110521F0D8018C9182FD97
:108D600004C2FA94BF2DBF70FB2EEDE4BE02C00119
:108D700011249C012757394E59010115110509F499
:108D800074C08114910409F470C0D8019B967C9042
:108D90009B979C96CC909C979D96DC909D979E96D9
:108DA000EC909E9797962D913D914D915C919A975D
:108DB000672D7C2D8D2D9E2D0E946BED882309F44F
:108DC00054C0F801608061FC44C0D40197962D9096
:108DD0003D904D905C909A97A2019101672D7C2D5A
:108DE0008D2D9E2D0E946BED18169CF5A201910110
:108DF000C201B1010E94D1ED1B012C01F80163A950
:108E000074A985A996A990589B01AC010E9413F4FE
:108E1000D8019F962D913D914D915C91D2970E94E2
:108E2000D1ED9B01AC01C201B1010E9412F40E947C
:108E3000C1F62B014C019B01AC01672D7C2D8D2DC2
:108E40009E2D0E946BED87FD04C0742CC52CD82C80
:108E5000E92C872D9C2DAD2DBE2DF80187A390A761
:108E6000A1A7B2A7862D81608083480185016ECFBE
:108E700060912716709128168091291690912A16D4
:108E80006BCB81149104A104B104A9F16091541633
:108E90007091551680915616909157166C157D0558
:108EA0008E059F0540F50E9470ED2DA53EA54FA5AE
:108EB00058A90E94D1ED2B013C01C501B4010E94CB
:108EC00072ED4B015C01C701B6010E9470EDA50176
:108ED00094010E94D1EDA30192010E9473F618162D
:108EE00054F4A5019401C301B2010E940DF50E9442
:108EF00086F56B017C018DE409A51AA5809FF00120
:108F0000819FF00D1124E757F94E46805780608409
:108F100071844114510461047104A9F160915816DF
:108F20007091591680915A1690915B166C157D05BB
:108F30008E059F0540F50E9470ED2DA53EA54FA51D
:108F400058A90E94D1ED4B015C01C301B2010E94FE
:108F500072ED2B013C01C701B6010E9470EDA30127
:108F600092010E94D1EDA50194010E9473F618169A
:108F700054F4A3019201C501B4010E940DF50E94B1
:108F800086F56B017C018DE409A51AA5809FF0018F
:108F9000819FF00D1124E757F94E42845384648475
:108FA00075844114510461047104A9F160915C1647
:108FB00070915D1680915E1690915F166C157D051F
:108FC0008E059F0540F50E9470ED2DA53EA54FA58D
:108FD00058A90E94D1ED4B015C01C301B2010E946E
:108FE00072ED2B013C01C701B6010E9470EDA30197
:108FF00092010E94D1EDA50194010E9473F618160A
:1090000054F4A3019201C501B4010E940DF50E9420
:1090100086F56B017C018DE409A51AA5809FF001FE
:10902000819FF00D1124E757F94E86849784A0881C
:10903000B18881149104A104B10409F487CB609133
:1090400060167091611680916216909163166C158E
:109050007D058E059F0508F079CB0E9470ED2DA54A
:109060003EA54FA558A90E94D1ED2B013C01C50199
:10907000B4010E9472ED4B015C01C701B6010E9470
:1090800070EDA50194010E94D1EDA30192010E940F
:1090900073F618160CF05ACBA5019401C301B20166
:1090A0000E940DF572C4CDAEDEAE2396EFAE2397CF
:1090B0002796FFAE279711E0F8CB29AD3DA94DA526
:1090C00059A92B966FAD2B972C967FAD2C97609658
:1090D0008FAD609762969FAD62970E940DF5A8963E
:1090E0006CAF7DAF8EAF9FAFA8972B962FAC2B9711
:1090F0002C963FAC2C9760960FAD609762961FAD93
:1091000062972BCCF7FAF094F7F8F094A701960148
:10911000C501B4010E9473F618160CF09CCC7501C1
:10912000640199CCC701B6010E946BED87FD09C0AF
:1091300020E030E0A901C501B4010E9473F61816C1
:109140002CF4A5019401C701B60181CCB7FAB09403
:10915000B7F8B094A5019401C701B6010E946BED68
:1091600087FF79CCDCCF81E045CD1091BF11F12C88
:1091700000E090E080E02DE4E22E2091BE11211766
:10918000C1F01E9D90011124A9014757594E6A0153
:10919000009741F0DC012C9121FD04C06F2D702F50
:1091A0000E94EDAA1F5F1F708F2D902FFC2C0D2D9C
:1091B000E4CF009741F0FC01208121FD04C06F2D18
:1091C000702F0E94EDAAF090BF1110E000E08DE436
:1091D000E82E8F2D0F2C000C990B2091BE11281713
:1091E000190609F455C0FF2D4E2DF40290011124EB
:1091F000B9016757794E6B010115110509F442C099
:10920000D8012C9120FD0AC0E89EF001E99EF00DE6
:109210001124E757F94E208120FF34C0F80183A0C4
:1092200094A0A5A0B6A0E89EF001E99EF00D11243F
:10923000E757F94EA501940167A170A581A592A5F4
:109240000E940DF569A37AA38BA39CA3A5019401A9
:10925000D80197966D917D918D919C919A970E94DE
:109260000DF56DA37EA38FA398A7AE014F5D5F4F51
:10927000BE016B5D7F4FC8010E945BABF80180812E
:109280008E7F8083F394FF2DFF70FF2E8601A1CF88
:109290000115110569F1D8019396CD90DD90ED90FF
:1092A000FC909697A70196016DEC7CEC8CE49DE315
:1092B0000E940DF569A37AA38BA39CA3A701960135
:1092C000F80167A170A581A592A50E940DF56DA377
:1092D0007EA38FA398A7AE014F5D5F4FBE016B5D6C
:1092E0007F4FC8010E945BABD8018C918E7F8C931D
:1092F00080916F00826080936F00CB58DF4F0FB674
:10930000F894DEBF0FBECDBFDF91CF911F910F91BB
:10931000FF90EF90DF90CF90BF90AF909F908F9095
:109320007F906F905F904F903F902F90089589AD00
:109330009AADABADBCAD80179107A207B30714F48B
:10934000D901C8012DE409A51AA5209FF001219F8C
:10935000F00D1124E757F94E828B938BA48BB58BBC
:109360000697A105B10548F2DF01A95BBF4F8091C7
:10937000EA079091EB078D939C931DA51183269688
:109380002CAD3DAD4EAD5FAD2697232B242B252B69
:1093900009F05F988DE409A51AA5809FF001819FCF
:1093A000F00D1124E757F94E86819781A085B1858C
:1093B000892B8A2B8B2B09F08A988DE409A51AA595
:1093C000809FF001819FF00D1124E757F94E8285AF
:1093D0009385A485B585892B8A2B8B2B41F09FB76C
:1093E000F894809108018E7F809308019FBF29AD7A
:1093F0003AAD4BAD5CAD232B242B252B09F4CBC20E
:109400008091A31B882319F081508093A31B1DA575
:10941000111104C0129880E28093A31B30904B1668
:1094200020904C1600914D1610914E1629A92196A8
:109430003FAD21974DAD5EAD632D722DC8010E94E9
:1094400073F6181634F039A821962FAC21970DAD7C
:109450001EADC701B6010E9472ED20911E1C309115
:109460001F1C4091201C5091211C0E94D1ED6DA722
:109470007EA78FA798AB69837A838B839C83C50172
:10948000B4010E9472ED2091221C3091231C409166
:10949000241C5091251C0E94D1ED4B015C018D8252
:1094A0009E82AF82B8866DA97EA98FA998AD0E94D1
:1094B00072ED2091261C3091271C4091281C509160
:1094C000291C0E94D1ED6B017C01C986DA86EB86EE
:1094D000FC8620912A1C30912B1C40912C1C509111
:1094E0002D1CC301B2010E94D1ED6D877E878F874D
:1094F000988B2DE449A55AA5249FF001259FF00DD6
:109500001124E757F94E428053806480758056E0FD
:109510004516510461047104ACF4468057806084A0
:109520007184A6E04A165104610471045CF442841B
:109530005384648475849F77B6E04B1651046104AC
:10954000710484F12DA53EA54FA558A9CA01B90102
:109550000E94D1ED2B013C01A5019401C501B4018C
:109560000E94D1ED9B01AC01C301B2010E9413F432
:109570004B015C01A7019601C701B6010E94D1ED24
:109580009B01AC01C501B4010E9413F40E94C1F615
:109590002DE449A55AA5249FF001259FF00D112423
:1095A000E757F94E67A770AB81AB92AB8DE469A525
:1095B0007AA5869FF001879FF00D1124E757F94E99
:1095C00027A530A941A952A960E070E080E89FE397
:1095D0000E940DF52F966CAF7DAF8EAF9FAF2F978A
:1095E0009B01AC01632D722DC8010E94D1ED6B016E
:1095F0007C018091BE119091BF11891B8F702B96B9
:109600008FAF2B97A701960160E074E284E799E49D
:109610000E940DF50E9480F64B015C012B968FADE8
:109620002B978250863008F042C08091431690916B
:109630004416A0914516B091461688169906AA06BA
:10964000BB06A8F5BC01CD01681979098A099B09F7
:10965000660F771F881F991F2B960FAD2B97202F12
:1096600030E050E040E00E94AFF3CA01B9010E942F
:1096700070ED0E947FF5680D791D8A1D9B1D0E946B
:1096800070ED9B01AC0160E074E284E799E40E9414
:109690000DF56B017C01AC019B0160E074E284E795
:1096A00099E40E940DF50E9480F64B015C018FB792
:1096B000F8944091851650918616609187167091A6
:1096C0008816840E951EA61EB71E8092851690924F
:1096D0008616A0928716B09288168FBF8DE429A5B2
:1096E0003AA5829F8001839F100D11240757194EC0
:1096F000D8019F964D915D916D917C91D2976F9617
:109700004CAF5DAF6EAF7FAF6F979A01AB01C701F2
:10971000B6010E94D1ED26966CAF7DAF8EAF9FAFA4
:109720002697F80163A374A385A396A3228933899E
:10973000448955892DAB3EAB4FAB58AFCA01B90137
:109740000E9470ED6DA77EA78FA798AB9B01AC011F
:10975000C701B6010E94D1ED0E94F1F40E9486F586
:109760002A966CAF7DAF8EAF9FAF2A97F80167AB9B
:1097700070AF81AF92AF8E010F5F1F4F1FAF0EAF63
:10978000005F1F4F22961FAF0EAF229703E316E133
:1097900061961FAF0EAF619722960EAD1FAD229757
:1097A00063961FAF0EAF6397212C312C10E819ABD5
:1097B0000FE30DAFAEADBFAD2D913D914D915D91DC
:1097C000BFAFAEAFC701B6010E94D1ED6396EEAD5B
:1097D000FFAD639761937193819391936396FFAF0C
:1097E000EEAF63974B015C01E894B7F86196AEADBC
:1097F000BFAD61974D905D906D907D906196BFAFCC
:10980000AEAF6197A5019401C301B2010E946BED57
:1098100087FF12C0A5019401C301B2010E940DF59A
:109820005B018C01910149A95DAD0E946BED87FF41
:1098300003C0150109AB1DAF22960EAD1FAD2297D7
:109840002EAD3FAD0217130709F0B4CF20E030E092
:1098500040E85FE3B10189A99DAD0E946BED87FFF0
:109860004BC0680130E1C30ED11C7801D7012D91A6
:109870003D914D915D917D018D0104501109B10122
:1098800089A99DAD0E94D1EDF80160837183828327
:109890009383CE14DF0451F78DE429A53AA5829F66
:1098A0008001839F100D11240757194E26962CAD69
:1098B0003DAD4EAD5FAD2697B10189A99DAD0E942A
:1098C000D1EDD80193966D937D938D939C9396974C
:1098D0002A966CAD7DAD8EAD9FAD2A970E9470ED3E
:1098E000910149A95DAD0E94D1ED0E9486F5F80174
:1098F00067AB70AF81AF92AF2F962CAD3DAD4EAD43
:109900005FAD2F976DA57EA58FA598A90E94D1ED7B
:1099100069AB7AAB8BAB9CAB8DE409A51AA5809F94
:10992000F001819FF00D1124E757F94E828093805A
:10993000A480B58081149104A104B10411F00C94A9
:109940009BC286819781A085B185892B8A2B8B2B21
:1099500011F00C949BC282859385A485B585892BD3
:109960008A2B8B2B11F00C949BC220912F163091D7
:109970003016409131165091321669A97AA98BA9F7
:109980009CA90E94D1ED0E94F1F40E9486F56B0122
:109990007C010C94A6C33090471620904816009185
:1099A000491610914A1642CD4F925F926F927F9264
:1099B0008F929F92AF92BF92CF92DF92EF92FF92DF
:1099C000CF93DF9320911616222309F45DC0EC019A
:1099D000C0901216D0901316E0901416F090151641
:1099E00020E030E0A901C701B6010E946BED882399
:1099F000B1F020912F0730913007409131075091FD
:109A00003207688579858A859B850E9412F49B01BF
:109A1000AC01C701B6010E946BED1816ACF5CE0182
:109A20000E9494244B015C01C0901216D090131632
:109A3000E0901416F090151620912F073091300702
:109A40004091310750913207688579858A859B85D9
:109A50000E9412F4A50194010E9412F4A70196013C
:109A60000E94D1ED2B013C01A5019401C701B60173
:109A70000E9412F49B01AC01C301B2010E940DF5DA
:109A8000688779878A879B87DF91CF91FF90EF90D6
:109A9000DF90CF90BF90AF909F908F907F906F900E
:109AA0005F904F9008954F925F926F927F928F9246
:109AB0009F92AF92BF92CF92DF92EF92FF920F935D
:109AC0001F93CF93DF93CDB7DEB72C970FB6F894E3
:109AD000DEBF0FBECDBF20911616222309F493C01E
:109AE0008A015B014C014090121650901316609051
:109AF00014167090151620E030E0A901C301B201E0
:109B00000E946BED882309F495C020912F073091B6
:109B100030074091310750913207F801608171811F
:109B2000828193810E9412F46B017C01AC019B0144
:109B3000C301B2010E946BED18160CF064C0A701BE
:109B4000960160913E0270913F0280914002909197
:109B500041020E946BED882321F1C0923E02D09217
:109B60003F02E0924002F092410220910E163091A5
:109B70000F164091101650911116C701B6010E94A0
:109B8000D1ED9B01AC0160E070E080E89FE30E94B2
:109B900012F460933A0270933B0280933C029093DC
:109BA0003D0219861A861B861C86F40180819181EC
:109BB000A281B38189839A83AB83BC83F5018081C1
:109BC0009181A281B3818D839E83AF83B887CE01BB
:109BD00001960E94942420913A0230913B024091D8
:109BE0003C0250913D020E94D1ED9B01AC01F80175
:109BF00060817181828193810E9413F4F8016083F6
:109C00007183828393832C960FB6F894DEBF0FBEC8
:109C1000CDBFDF91CF911F910F91FF90EF90DF901B
:109C2000CF90BF90AF909F908F907F906F905F90FC
:109C30004F90089580E090E0A0E8BFE380933A025F
:109C400090933B02A0933C02B0933D02AACFEF92C7
:109C5000FF920F931F93CF93DF93CDB7DEB72C976F
:109C60000FB6F894DEBF0FBECDBF04E716E18EE15C
:109C7000E82E8CE1F82EF80121913191419151911A
:109C80008F0160E070E080E89FE30E940DF5F7012E
:109C900061937193819391937F01F6E104381F07DB
:109CA00051F78091D4079091D507A091D607B09134
:109CB000D70789839A83AB83BC838091D80790911F
:109CC000D907A091DA07B091DB078D839E83AF831C
:109CD000B8878091DC079091DD07A091DE07B091F5
:109CE000DF0789879A87AB87BC87AE01475F5F4FE5
:109CF000BE016B5F7F4FCE0101960E9453CD20EED7
:109D000037E0AE01475F5F4FBE016B5F7F4FCE0113
:109D100001960E946FBF0E9414BF2C960FB6F89454
:109D2000DEBF0FBECDBFDF91CF911F910F91FF908E
:109D3000EF900895CF93DF93C8E9D7E1FE018491B6
:109D4000219681110AC0C0E9D7E1FE0184912196D4
:109D5000882331F00E94BC2BF8CF0E94BC2BEECFA1
:109D6000659908C0C1E1D5E08991882331F00E944E
:109D7000BC2BFACFC7E0D5E0F7CF8AE00E94BC2B1E
:109D8000C8E8D7E1FE0184912196882319F00E944A
:109D9000BC2BF8CF80910301C7E0D5E081FD02C064
:109DA000C1E1D5E08991882319F00E94BC2BFACF3C
:109DB0008AE00E94BC2BC0E8D7E1FE018491219685
:109DC000882319F00E94BC2BF8CF4A9B08C0C7E03B
:109DD000D5E08991882331F00E94BC2BFACFC1E1F4
:109DE000D5E0F7CF8AE0DF91CF910C94BC2BEF92B6
:109DF000FF920F931F93CF93DF93C82F81110BC056
:109E000009EF13E1F80184910F5F1F4F882319F0C8
:109E10000E94BC2BF7CF08E617E1F80184910F5F91
:109E20001F4F882319F00E94BC2BF7CFC1110BC024
:109E300009EF13E1F80184910F5F1F4F882319F098
:109E40000E94BC2BF7CF0BE417E1F80184910F5F60
:109E50001F4F882319F00E94BC2BF7CF8AE00E9485
:109E6000BC2BC1112CC009EF13E17801F7018491DB
:109E7000FFEFEF1AFF0A81110EC0F8E3EF2EF7E1B2
:109E8000FF2EF7018491FFEFEF1AFF0A882331F0CC
:109E90000E94BC2BF6CF0E94BC2BE8CF80910D1600
:109EA000EDE2EE2EE7E1FE2E882349F18AE00E94E2
:109EB000BC2BF80184910F5F1F4F8111F8CF4091A7
:109EC000091650910A1660910B1670910C1684E2D7
:109ED00097E10E9473BE8AE00E94BC2B80910D1610
:109EE000811122C0C11115C009EF13E1F80184915D
:109EF0000F5F1F4F882369F00E94BC2BF7CFF7013B
:109F00008491FFEFEF1AFF0A882399F20E94BC2B7D
:109F1000F6CF09E117E1F80184910F5F1F4F882305
:109F200019F00E94BC2BF7CFC11124C009EF13E137
:109F30007801F7018491FFEFEF1AFF0A81110EC03B
:109F400078E0E72E77E1F72EF7018491FFEFEF1A23
:109F5000FF0A882331F00E94BC2BF6CF0E94BC2B55
:109F6000E8CFF80184910F5F1F4F882319F00E94FA
:109F7000BC2BF7CF409174165091751660917616F0
:109F80007091771680E097E10E9473BE4091781639
:109F90005091791660917A1670917B168DEF96E14B
:109FA0000E9473BE40917C1650917D1660917E1682
:109FB00070917F168AEF96E10E9473BE40918016E1
:109FC00050918116609182167091831687EF96E109
:109FD0000E9473BE8AE00E94BC2BC11124C009EF0D
:109FE00013E17801F7018491FFEFEF1AFF0A811165
:109FF0000EC069EDE62E66E1F62EF7018491FFEFC3
:10A00000EF1AFF0A882331F00E94BC2BF6CF0E9482
:10A01000BC2BE8CFF80184910F5F1F4F882319F004
:10A020000E94BC2BF7CF40913316509134166091AB
:10A0300035167091361680ED96E10E9473BE409100
:10A040003716509138166091391670913A168DEC8A
:10A0500096E10E9473BE40913B1650913C16609170
:10A060003D1670913E168AEC96E10E9473BE4091B7
:10A070003F1650914016609141167091421687EC40
:10A0800096E10E9473BE8AE00E94BC2BC11124C0DD
:10A0900009EF13E17801F7018491FFEFEF1AFF0A4E
:10A0A00081110EC055EAE52E56E1F52EF701849197
:10A0B000FFEFEF1AFF0A882331F00E94BC2BF6CF86
:10A0C0000E94BC2BE8CFF80184910F5F1F4F8823BB
:10A0D00019F00E94BC2BF7CF409164165091651681
:10A0E00060916616709167168CE996E10E9457BEE2
:10A0F000409168165091691660916A1670916B16BE
:10A1000089E996E10E9457BE40916C1650916D16F8
:10A1100060916E1670916F1686E996E10E9457BEA7
:10A12000409170165091711660917216709173166D
:10A1300083E996E10E9457BE8AE00E94BC2BC111C0
:10A1400024C009EF13E17801F7018491FFEFEF1AC2
:10A15000FF0A81110EC049E4E42E46E1F42EF70116
:10A160008491FFEFEF1AFF0A882331F00E94BC2B85
:10A17000F6CF0E94BC2BE8CFF80184910F5F1F4FF0
:10A18000882319F00E94BC2BF7CF40912B165091D9
:10A190002C1660912D1670912E1680E496E10E9487
:10A1A00073BE40912F165091301660913116709108
:10A1B00032168DE396E10E9473BE409127165091AE
:10A1C00028166091291670912A168AE396E10E945A
:10A1D00073BE8AE00E94BC2BC11124C009EF13E1B9
:10A1E0007801F7018491FFEFEF1AFF0A81110EC089
:10A1F00036ECE32E35E1F32EF7018491FFEFEF1AF1
:10A20000FF0A882331F00E94BC2BF6CF0E94BC2BA2
:10A21000E8CFF80184910F5F1F4F882319F00E9447
:10A22000BC2BF7CF40914B1650914C1660914D16B8
:10A2300070914E168DEB95E10E9473BE40914716CA
:10A24000509148166091491670914A168AEB95E133
:10A250000E9473BE4091431650914416609145167A
:10A260007091461687EB95E10E9457BE40911716F4
:10A27000509118166091191670911A1684EB95E199
:10A280000E9473BE40911B1650911C1660911D16C2
:10A2900070911E1681EB95E10E9473BE40911F16CE
:10A2A0005091201660912116709122168EEA95E148
:10A2B0000E9473BE4091231650912416609125167A
:10A2C000709126168BEA95E10E9473BE8AE00E9487
:10A2D000BC2BC11124C009EF13E17801F70184916F
:10A2E000FFEFEF1AFF0A81110EC02DE9E22E25E1E2
:10A2F000F22EF7018491FFEFEF1AFF0A882331F065
:10A300000E94BC2BF6CF0E94BC2BE8CFF8018491B1
:10A310000F5F1F4F882319F00E94BC2BF7CF40918D
:10A320008C1B50918D1B60918E1B70918F1B84E94B
:10A3300095E10E9473BE4091901B5091911B6091DA
:10A34000921B7091931B81E995E10E9473BE40912D
:10A35000941B5091951B6091961B7091971B8EE8F2
:10A3600095E10E9473BE8AE00E94BC2BC11124C0FB
:10A3700009EF13E17801F7018491FFEFEF1AFF0A6B
:10A3800081110EC09AE7E92E95E1F92EF70184912B
:10A39000FFEFEF1AFF0A882331F00E94BC2BF6CFA3
:10A3A0000E94BC2BE8CFF80184910F5F1F4F8823D8
:10A3B00019F00E94BC2BF7CF6091161670E081E770
:10A3C00095E10E948FBE4091121650911316609134
:10A3D0001416709115168EE695E10E9473BE8AE000
:10A3E0000E94BC2BC11124C009EF13E17801F701D1
:10A3F0008491FFEFEF1AFF0A81110EC08FE5E82E5E
:10A4000085E1F82EF7018491FFEFEF1AFF0A882308
:10A4100031F00E94BC2BF6CF0E94BC2BE8CFF80194
:10A4200084910F5F1F4F882319F00E94BC2BF7CF38
:10A430004091711B5091721B6091731B7091741B42
:10A4400086E595E10E9473BE2CEA35EC47E25EE3B7
:10A4500060916D1B70916E1B80916F1B9091701BB2
:10A460000E940DF5AB01BC0183E595E10E9473BE2E
:10A470002CEA35EC47E25EE36091751B7091761B28
:10A480008091771B9091781B0E94D1EDAB01BC01AC
:10A4900080E595E10E9473BE8AE00E94BC2BC11149
:10A4A0001FC0C9EFD3E18E01F80184910F5F1F4FE8
:10A4B00081110BC00AE315E1F80184910F5F1F4F72
:10A4C000882331F00E94BC2BF7CF0E94BC2BECCF2D
:10A4D000FE0184912196882319F00E94BC2BF8CFAD
:10A4E0004091B9075091BA076091BB077091BC07C2
:10A4F00081E395E10E9473BE8AE0DF91CF911F91C5
:10A500000F91FF90EF900C94BC2BCF93DF9324E737
:10A5100036E1C3E3D6E1A4E6B6E190E080E0FC01D9
:10A52000EF5DFA4E4591559165917491F901419312
:10A530005193619371939F01FC01EF5EFA4E459137
:10A540005591659174914993599369937993FC015D
:10A55000EF5FFA4E45915591659174914D935D93DE
:10A560006D937D93049680319105C9F680E090E06B
:10A57000AAEFB3E480932B1690932C16A0932D167C
:10A58000B0932E1680932F1690933016A093311609
:10A59000B093321680E090E0AAE7B4E480932716E7
:10A5A00090932816A0932916B0932A1610924B1652
:10A5B00010924C1610924D1610924E1680E29EE4A8
:10A5C000A0E0B0E08093431690934416A093451604
:10A5D000B0934616109247161092481610924916DC
:10A5E00010924A1680E090E0A0E2B1E48093171642
:10A5F00090931816A0931916B0931A1680931B16F1
:10A6000090931C16A0931D16B0931E168DEC9CEC17
:10A61000ACECBEE380931F1690932016A0932116F6
:10A62000B093221680E090E0A0EAB0E48093231675
:10A6300090932416A0932516B09326161092121606
:10A64000109213161092141610921516ECE8FBE1F6
:10A650008CE0DF011D928A95E9F70E94D5261092C1
:10A66000B9071092BA071092BB071092BC078AE094
:10A6700097EDA1EBB1E48093711B9093721BA093B3
:10A68000731BB093741B8CE79EE0A7E8BEE3809336
:10A690006D1B90936E1BA0936F1BB093701B80E398
:10A6A00095EDAAEEB3E48093751B9093761BA0936F
:10A6B000771BB093781B10920D1680E090E0A0EE0F
:10A6C000BFE38093091690930A16A0930B16B093DC
:10A6D0000C16109226071092F7060E94A518C9EFD3
:10A6E000D3E1FE018491219681110AC0CEEDD4E11F
:10A6F000FE0184912196882331F00E94BC2BF8CF73
:10A700000E94BC2BEECFDF91CF9108952F923F9204
:10A710004F925F926F927F928F929F92AF92BF9271
:10A72000CF92DF92EF92FF920F931F93CF93DF931D
:10A73000CDB7DEB7C056D1090FB6F894DEBF0FBE55
:10A74000CDBF2DB73EB76F963FAF2EAF6F976196D7
:10A750001FAE1EAE619784E690E063969FAF8EAF0A
:10A7600063979E01215B3F4F44E050E0BE016B5B6D
:10A770007F4FCE018F5A9F4F0E946A189E01215B26
:10A780003F4F42E050E0BE016D5A7F4FCE018F5ADD
:10A790009F4F0E946A1843E050E0BE016B5B7F4F01
:10A7A00089E493E00E94BFF7892B09F460C02696E4
:10A7B0008FAD2697863539F08FE326968FAF269793
:10A7C00027961FAE279709EF13E1F80184910F5FD9
:10A7D0001F4F81110BC005EC14E1F80184910F5F4C
:10A7E0001F4F882331F00E94BC2BF7CF0E94BC2B57
:10A7F000ECCFBE016B5B7F4F8CEB94E10E94A8BE57
:10A800000EEA14E1F80184910F5F1F4F882319F0BD
:10A810000E94BC2BF7CF0E9485D280E00E94F7CE29
:10A820009091001681E089276F962EAD3FAD6F970E
:10A830000FB6F8943EBF0FBE2DBFC05ADF4F0FB604
:10A84000F894DEBF0FBECDBFDF91CF911F910F9166
:10A85000FF90EF90DF90CF90BF90AF909F908F9040
:10A860007F906F905F904F903F902F9008956DB6BE
:10A870007EB625961CAE1DAE1EAE1FAE2597619608
:10A880001FAE1EAE61979E01215B3F4F41E050E03D
:10A89000BE01655A7F4FCE018F5A9F4F0E946A18A2
:10A8A00080E1E1E1F3E0DE01919601900D928A955D
:10A8B000E1F780E1E1E2F3E0DE01519601900D92D3
:10A8C0008A95E1F780E1E1E3F3E08E010F5F1F4F2E
:10A8D000D80101900D928A95E1F76C96CFAC6C97F8
:10A8E000D12CF3E0CF0ED11CCC0CDD1CCC0CDD1C2C
:10A8F0002DB73EB72C193D090FB6F8943EBF0FBED9
:10A900002DBF8DB79EB701964C01EDB7FEB7EC1980
:10A91000FD090FB6F894FEBF0FBEEDBF2DB73EB7D1
:10A920002F5F3F4F59018DB79EB78C199D090FB608
:10A93000F8949EBF0FBE8DBFEDB7FEB731967F0175
:10A940009E01215B3F4FA601B401CE018F5A9F4F5C
:10A950000E946A189E01215B3F4FA601B501CE01FE
:10A960008F5A9F4F0E946A189E01215B3F4FA6019C
:10A97000B701CE018F5A9F4F0E946A186C962FAD77
:10A980006C9730E02E5F3F4F84E696E1A1969FAF33
:10A990008EAFA197A3E3B6E164E776E190E080E0B3
:10A9A00050E040E06401241735072CF4F1E2CF2E8B
:10A9B000D12CCC0EDD1EC80ED91EF60120803180B0
:10A9C00042805380FB012192319241925192BF010A
:10A9D0006501241735072CF4E1E1CE2ED12CCC0EE5
:10A9E000DD1EC80ED91EF6012080318042805380C2
:10A9F0002D923D924D925D926701241735070CF41C
:10AA00006801C80ED91EF601208031804280538033
:10AA1000A196EEADFFADA197219231924192519254
:10AA2000A196FFAFEEAFA1974F5F5F4F0496443002
:10AA3000510509F0B7CF9E01215B3F4F44E050E044
:10AA40006BE276E1CE018F5A9F4F0E946A189E01F9
:10AA5000215B3F4F44E050E06FE276E1CE018F5A38
:10AA60009F4F0E946A189E01215B3F4F44E050E0D7
:10AA700067E276E1CE018F5A9F4F0E946A189E01CD
:10AA8000215B3F4F44E050E06BE476E1CE018F5A0A
:10AA90009F4F0E946A189E01215B3F4F44E050E0A7
:10AAA00067E476E1CE018F5A9F4F0E946A189E019B
:10AAB000215B3F4F44E050E063E476E1CE018F5AE2
:10AAC0009F4F0E946A189E01215B3F4F40E150E07A
:10AAD00067E176E1CE018F5A9F4F0E946A189E016E
:10AAE000215B3F4F4CE050E06CE87BE1CE018F5A98
:10AAF0009F4F0E946A189E01215B3F4F44E050E047
:10AB000062E176E1CE018F5A9F4F0E946A189E0142
:10AB1000215B3F4F41E050E0BE01665A7F4FCE01BE
:10AB20008F5A9F4F0E946A189E01215B3F4F44E05D
:10AB300050E0BE016F5B7F4FCE018F5A9F4F0E9446
:10AB40006A189E01215B3F4F41E050E0BE01675A09
:10AB50007F4FCE018F5A9F4F0E946A189E01215B42
:10AB60003F4F41E050E0BE01685A7F4FCE018F5AFF
:10AB70009F4F0E946A186A960FAD6A9769968FADCB
:10AB80006997089F80011124015011099E01215BE2
:10AB90003F4F44E050E00F3F100749F0BE016F5BAC
:10ABA0007F4FCE018F5A9F4F0E946A18EDCF69EBFD
:10ABB00077E0CE018F5A9F4F0E946A181AE0115019
:10ABC0009E01215B3F4F112359F044E050E0BE014C
:10ABD0006F5B7F4FCE018F5A9F4F0E946A18EFCF55
:10ABE00041E050E0BE01695A7F4FCE018F5A9F4F1E
:10ABF0000E946A189E01215B3F4F41E050E0BE0178
:10AC00006A5A7F4FCE018F5A9F4F0E946A186896EA
:10AC10008FAD6897853009F06DC067968FAD6797E7
:10AC2000853009F067C080E00E9499269E01215B73
:10AC30003F4F44E050E065E076E1CE018F5A9F4FF0
:10AC40000E946A189E01215B3F4F44E050E061E0A2
:10AC500076E1CE018F5A9F4F0E946A189E01215BB8
:10AC60003F4F44E650E067E377E0CE018F5A9F4FB5
:10AC70000E946A189E01215B3F4F41E050E0BE01F7
:10AC8000645A7F4FCE018F5A9F4F0E946A189E01CF
:10AC9000215B3F4F44E050E0BE016F5B7F4FCE0130
:10ACA0008F5A9F4F0E946A189E01215B3F4F41E0DF
:10ACB00050E0BE016B5A7F4FCE018F5A9F4F0E94CA
:10ACC0006A1825961CAE1DAE1EAE1FAE25971DE060
:10ACD00011509E01215B3F4F44E050E0BE01112323
:10ACE00009F43DC06F5B7F4FCE018F5A9F4F0E948A
:10ACF0006A18EECF9E01215B3F4F44E050E0BE0159
:10AD00006B5C7F4FCE018F5A9F4F0E946A189E0145
:10AD1000215B3F4F44E050E0BE016F5C7F4FCE01AE
:10AD20008F5A9F4F0E946A1868960FAD6897679672
:10AD30008FAD6797089F800111240150110908F415
:10AD400099CF9E01215B3F4F44E050E0BE016F5B15
:10AD50007F4FCE018F5A9F4F0E946A18EECF635CDF
:10AD60007F4FCE018F5A9F4F0E946A189E01215B30
:10AD70003F4F44E050E0BE01675C7F4FCE018F5AE9
:10AD80009F4F0E946A189E01215B3F4F44E050E0B4
:10AD9000BE016B5C7F4FCE018F5A9F4F0E946A1895
:10ADA00010E09E01215B3F4F44E050E0BE016F5B2D
:10ADB0007F4FCE018F5A9F4F0E946A18111161C0B8
:10ADC0002596CCACDDACEEACFFAC259720E030E8AE
:10ADD0004BE355E4C701B6010E946BED882309F4EB
:10ADE00050C0C092711BD092721BE092731BF09204
:10ADF000741B9E01215B3F4F44E050E06DE67BE118
:10AE0000CE018F5A9F4F0E946A189E01215B3F4FCF
:10AE100044E050E065E77BE1CE018F5A9F4F0E94EE
:10AE20006A189E01215B3F4F44E050E0BE016F5B1A
:10AE30007F4FCE018F5A9F4F0E946A181F5F1530B7
:10AE400009F0AFCF9E01215B3F4F42E050E0BE01D1
:10AE5000635B7F4FCE018F5A9F4F0E946A1814E0A8
:10AE600011509E01215B3F4F1123E1F044E050E07F
:10AE7000BE016F5B7F4FCE018F5A9F4F0E946A18B1
:10AE8000EFCF04E00150D1F29E01215B3F4F44E03F
:10AE900050E0BE016F5B7F4FCE018F5A9F4F0E94E3
:10AEA0006A18F0CF42E050E0BE01655B7F4FCE01F3
:10AEB0008F5A9F4F0E946A189E01215B3F4F41E0CD
:10AEC00050E0BE01645A7F4FCE018F5A9F4F0E94BF
:10AED0006A1819E011509E01215B3F4F112359F070
:10AEE00044E050E0BE016F5B7F4FCE018F5A9F4F11
:10AEF0000E946A18EFCF41E050E06DE076E1CE01AC
:10AF00008F5A9F4F0E946A1810E09E01215B3F4FAD
:10AF100044E050E0BE016F5B7F4FCE018F5A9F4FE0
:10AF20000E946A1811110EC025968CAD9DADAEAD74
:10AF3000BFAD25978093091690930A16A0930B1620
:10AF4000B0930C161F5F153001F71BE09E01215BCB
:10AF50003F4F42E050E0BE01675B7F4FCE018F5A0A
:10AF60009F4F0E946A18115089F79E01215B3F4F45
:10AF700044E050E0BE016F5B7F4FCE018F5A9F4F80
:10AF80000E946A189E01215B3F4F44E050E0BE01E1
:10AF90006F5B7F4FCE018F5A9F4F0E946A1814E05B
:10AFA000115071F09E01215B3F4F44E050E0BE0123
:10AFB0006F5C7F4FCE018F5A9F4F0E946A18F0CF6F
:10AFC00061962EAD3FAD619765968EAD9FAD65974D
:10AFD00003E214E12817390709F039C00E94A518C7
:10AFE00009EF13E1F80184910F5F1F4F81110AC02F
:10AFF00009E413E0F80181918F01882331F00E9468
:10B00000BC2BF8CF0E94BC2BEDCF63966EAD7FAD0D
:10B0100063976456710981E994E10E948FBE61963D
:10B020004EAD5FAD619770E060E084E894E10E940E
:10B0300057BE01E814E1F80184910F5F1F4F882388
:10B0400009F440C00E94BC2BF6CF0E94BC2BF80133
:10B0500084910F5F1F4F8111F8CF01E614E1F801D1
:10B0600084910F5F1F4F882319F00E94BC2BF7CFEC
:10B0700065966EAD7FAD659790E080E04AE00E94F6
:10B0800033300CE514E1F80184910F5F1F4F8823E2
:10B0900019F00E94BC2BF7CF61966EAD7FAD619722
:10B0A00090E080E04AE00E9433300CE414E1F801C3
:10B0B00084910F5F1F4F882319F00E94BC2BF7CF9C
:10B0C0000E9485D20FB6F8947EBE0FBE6DBEA5CB92
:10B0D0008F929F92AF92BF92CF92DF92EF92FF92A8
:10B0E0000F931F93CF93DF93CDB7DEB7C155D1092F
:10B0F0000FB6F894DEBF0FBECDBF19821A821B8235
:10B100001C8280915E0590915F05A0916005B091D1
:10B1100061058D839E83AF83B88721961FAE1EAED7
:10B12000219784E690E023969FAF8EAF23971092ED
:10B1300000169E01215C3F4F44E050E0BE016B5F72
:10B140007F4FCE018F5B9F4F0E94C32B23968EAD06
:10B150009FAD2397029623969FAF8EAF239721969C
:10B160001FAE1EAE219781E02A968FAF2A979E01CF
:10B17000215C3F4F41E050E0BE01675B7F4FCE0155
:10B180008F5B9F4F0E94C32B9E01215C3F4F40E18C
:10B1900050E064E776E1CE018F5B9F4F0E94C32BA6
:10B1A0009E01215C3F4F40E150E063E376E1CE0138
:10B1B0008F5B9F4F0E94C32B9E01215C3F4F40E15C
:10B1C00050E064E676E1CE018F5B9F4F0E94C32B77
:10B1D0009E01215C3F4F44E050E06BE276E1CE01FE
:10B1E0008F5B9F4F0E94C32B9E01215C3F4F44E029
:10B1F00050E06FE276E1CE018F5B9F4F0E94C32B40
:10B200009E01215C3F4F44E050E067E276E1CE01D1
:10B210008F5B9F4F0E94C32B9E01215C3F4F44E0F8
:10B2200050E06BE476E1CE018F5B9F4F0E94C32B11
:10B230009E01215C3F4F44E050E067E476E1CE019F
:10B240008F5B9F4F0E94C32B9E01215C3F4F44E0C8
:10B2500050E063E476E1CE018F5B9F4F0E94C32BE9
:10B260009E01215C3F4F40E150E067E176E1CE0175
:10B270008F5B9F4F0E94C32B9E01215C3F4F4CE090
:10B2800050E06CE87BE1CE018F5B9F4F0E94C32BA7
:10B290008091121690911316A0911416B091151664
:10B2A00089879A87AB87BC879E01215C3F4F44E02A
:10B2B00050E0BE01675F7F4FCE018F5B9F4F0E94C2
:10B2C000C32B2B961FAE2B9719821A821B821C82CE
:10B2D00083E02C968FAF2C972D968FAF2D979E01E4
:10B2E000215C3F4F41E050E0BE01665B7F4FCE01E5
:10B2F0008F5B9F4F0E94C32B9E01215C3F4F44E018
:10B3000050E0BE016F5F7F4FCE018F5B9F4F0E9469
:10B31000C32B9E01215C3F4F41E050E0BE01655BC5
:10B320007F4FCE018F5B9F4F0E94C32B9E01215CFC
:10B330003F4F41E050E0BE01645B7F4FCE018F5B29
:10B340009F4F0E94C32B1AE011509E01215C3F4F7A
:10B3500044E050E0112349F0BE016F5F7F4FCE0102
:10B360008F5B9F4F0E94C32BEFCF69EB77E0CE013D
:10B370008F5B9F4F0E94C32B19821A821B821C82F3
:10B380001AE0115071F09E01215C3F4F44E050E003
:10B39000BE016F5F7F4FCE018F5B9F4F0E94C32B1B
:10B3A000F0CF85E02E968FAF2E972F968FAF2F97E9
:10B3B0009E01215C3F4F41E050E0BE01635B7F4F47
:10B3C000CE018F5B9F4F0E94C32B9E01215C3F4F9C
:10B3D00041E050E0BE01625B7F4FCE018F5B9F4F2B
:10B3E0000E94C32B9E01215C3F4F44E050E065E08A
:10B3F00076E1CE018F5B9F4F0E94C32B9E01215CA3
:10B400003F4F44E050E061E076E1CE018F5B9F4F1B
:10B410000E94C32B9E01215C3F4F44E650E067E34E
:10B4200077E0CE018F5B9F4F0E94C32B60961FAECB
:10B43000609719821A821B821C828FEF61968FAFF0
:10B4400061979E01215C3F4F41E050E0BE01615B8E
:10B450007F4FCE018F5B9F4F0E94C32B9E01215CCB
:10B460003F4F44E050E0BE016F5F7F4FCE018F5BE6
:10B470009F4F0E94C32B9E01215C3F4F41E050E053
:10B48000BE01605B7F4FCE018F5B9F4F0E94C32B3D
:10B4900019821A821B821C821DE0115071F09E01DC
:10B4A000215C3F4F44E050E0BE016F5F7F4FCE0113
:10B4B0008F5B9F4F0E94C32BF0CF809141039091EF
:10B4C0004203A0914303B09144038D879E87AF87C9
:10B4D000B88B8091450390914603A0914703B091AA
:10B4E0004803898B9A8BAB8BBC8B1E8A1D8A188E66
:10B4F0001F8A9E01215C3F4F44E050E0BE01635F24
:10B500007F4FCE018F5B9F4F0E94C32B9E01215C1A
:10B510003F4F44E050E0BE016F5E7F4FCE018F5B36
:10B520009F4F0E94C32B9E01215C3F4F44E050E09F
:10B53000BE016B5E7F4FCE018F5B9F4F0E94C32B7E
:10B5400010E0C12C90E8D92E9BE3E92E95E4F92E6A
:10B55000812C912C20E8A22E2FE3B22E111164C071
:10B560009E01215C3F4F44E050E061E77BE1CE016A
:10B570008F5B9F4F0E94C32B9E01215C3F4F44E095
:10B5800050E06DE67BE1CE018F5B9F4F0E94C32BA5
:10B590009E01215C3F4F44E050E065E77BE1CE0136
:10B5A0008F5B9F4F0E94C32B89829A82AB82BC82A1
:10B5B0009E01215C3F4F44E050E0BE016F5F7F4F32
:10B5C000CE018F5B9F4F0E94C32B1F5F153031F65A
:10B5D00084E190E025969FAF8EAF25979E01215C78
:10B5E0003F4F42E050E0BE016D5B7F4FCE018F5B6D
:10B5F0009F4F0E94C32B80E090E8ABE3B5E48983C2
:10B600009A83AB83BC8314E01150A9F19E01215CA5
:10B610003F4F44E050E0BE016F5F7F4FCE018F5B34
:10B620009F4F0E94C32BF0CFC982DA82EB82FC824B
:10B630009E01215C3F4F44E050E0BE016F5F7F4FB1
:10B64000CE018F5B9F4F0E94C32B19821A821B82EF
:10B650001C8204E0015009F4B8CF9E01215C3F4FE9
:10B6600044E050E0BE016F5F7F4FCE018F5B9F4F84
:10B670000E94C32BEFCF80E290E027969FAF8EAF62
:10B6800027979E01215C3F4F42E050E0BE016B5B7B
:10B690007F4FCE018F5B9F4F0E94C32B62961FAEE0
:10B6A000629780E090E0A0E4B0E4898F9A8FAB8F3E
:10B6B000BC8F80E090E0A4E3B2E48D8F9E8FAF8FCB
:10B6C000B8A319A21AA21BA21CA21DA21EA21FA2ED
:10B6D00018A619A61AA61BA61CA680E090E0A0E555
:10B6E000B1E48DA79EA7AFA7B8AB19AA1AAA1BAA47
:10B6F0001CAA80E090E0A0E0B1E48DAB9EABAFABC4
:10B70000B8AF9E01215C3F4F41E050E0BE016F5A4F
:10B710007F4FCE018F5B9F4F0E94C32B9E01215C08
:10B720003F4F44E050E0BE01675E7F4FCE018F5B2C
:10B730009F4F0E94C32B9E01215C3F4F44E050E08D
:10B74000BE01635E7F4FCE018F5B9F4F0E94C32B74
:10B750009E01215C3F4F44E050E0BE016F5D7F4F92
:10B76000CE018F5B9F4F0E94C32B9E01215C3F4FF8
:10B7700044E050E0BE016B5D7F4FCE018F5B9F4F79
:10B780000E94C32B9E01215C3F4F44E050E0BE016C
:10B79000675D7F4FCE018F5B9F4F0E94C32B9E0141
:10B7A000215C3F4F44E050E0BE01635D7F4FCE011E
:10B7B0008F5B9F4F0E94C32B9E01215C3F4F44E053
:10B7C00050E0BE016F5C7F4FCE018F5B9F4F0E94A8
:10B7D000C32B9E01215C3F4F44E050E0BE016B5CF7
:10B7E0007F4FCE018F5B9F4F0E94C32B9E01215C38
:10B7F0003F4F41E050E06DE076E1CE018F5B9F4F1F
:10B800000E94C32B10E011110CC080910916909179
:10B810000A16A0910B16B0910C1689839A83AB83FC
:10B82000BC839E01215C3F4F44E050E0BE016F5F4E
:10B830007F4FCE018F5B9F4F0E94C32B1F5F153040
:10B8400011F729961FAE1EAE29971CE0115071F01A
:10B850009E01215C3F4F42E050E0BE01695B7F4F9B
:10B86000CE018F5B9F4F0E94C32BF0CF19821A82AB
:10B870001B821C829E01215C3F4F44E050E0BE01D0
:10B880006F5F7F4FCE018F5B9F4F0E94C32B9E0146
:10B89000215C3F4F44E050E0BE016F5F7F4FCE011F
:10B8A0008F5B9F4F0E94C32B19AE1AAE1BAE1CAE0E
:10B8B00014E0115071F09E01215C3F4F44E050E0D4
:10B8C000BE01675C7F4FCE018F5B9F4F0E94C32BF1
:10B8D000F0CF80910016811151C023960EAD1FAD9F
:10B8E000239721968EAD9FAD21979EAF8DAF84E6B5
:10B8F00090E023969FAF8EAF23979E01215C3F4F30
:10B9000044E050E069E473E0CE018F5B9F4F0E94FA
:10B91000C32B9E01215C3F4F42E050E0BE01635CBF
:10B920007F4FCE018F5B9F4F0E94C32B89EFE82E84
:10B9300083E1F82EF7018491FFEFEF1AFF0A8823C5
:10B9400019F00E94BC2BF6CFB801645671098AE346
:10B9500094E10E948FBE4DAD5EAD70E060E08DE27F
:10B9600094E10E9457BE0AE214E1F80184910F5F4E
:10B970001F4F882319F00E94BC2BF7CF909100161F
:10B9800081E08927CF5ADF4F0FB6F894DEBF0FBE94
:10B99000CDBFDF91CF911F910F91FF90EF90DF907E
:10B9A000CF90BF90AF909F908F900895CF93DF93EB
:10B9B00084E494E10E947B2485E294E10E947B244C
:10B9C0008BEC92E1892B51F0C1E0D4E16F97CE016D
:10B9D0000E947B2482E1CB3CD807C1F78CEA92E13C
:10B9E0000E947B248BE892E1DF91CF910C947B2421
:10B9F0002F923F924F925F926F927F928F929F927F
:10BA0000AF92BF92CF92DF92EF92FF920F931F936C
:10BA1000CF93DF93CDB7DEB72E970FB6F894DEBF86
:10BA20000FBECDBFE82ED62E042F122F282F30E0C8
:10BA30003C872B87462F50E05A87498765E0F62ED2
:10BA4000F29EC001F39E900D11249E878D87FA010E
:10BA5000E80FF91FEE0FFF1FEE0FFF1FE95CF84F15
:10BA600060817181828193819B01AC010E9405F705
:10BA7000882309F437C18AE00E94BC2BE00E612FB5
:10BA80006D0DFE9CF0011124A985BA85AE0FBF1F74
:10BA9000AA0FBB1FAA0FBB1FA95CB84FAC90119691
:10BAA000BC9011971296CC9012971396DC90E00EF2
:10BAB000FE9CA0011124A985BA85A40FB51FAA0F69
:10BAC000BB1FAA0FBB1FA95CB84FEC901196FC904E
:10BAD000119712960C91129713969C90862F90E0D6
:10BAE000AD85BE85A80FB91FAA0FBB1FAA0FBB1F2C
:10BAF000A95CB84F8C9011967C90119712966C901F
:10BB0000129713965C90610F70E0AD85BE85A60F0D
:10BB1000B71FAA0FBB1FAA0FBB1FA95CB84F4C9041
:10BB200011963C90119712961C91129713962C9097
:10BB3000E80FF91FEE0FFF1FEE0FFF1FE95CF84F34
:10BB4000B081B98321812A8332813B8383818C83B5
:10BB5000FA01E60FF71FEE0FFF1FEE0FFF1FE95C64
:10BB6000F84F90819D83A181AE83B281BF832381F1
:10BB700028879701402F592DB701802F992D0E94BA
:10BB800005F7882321F0E12CF12C00E0912C9501A0
:10BB9000A601B501C6010E9405F7882319F05701D7
:10BBA000C02ED92C242D332D412F522D642D732DD1
:10BBB000812F922D0E9405F7882321F0412C312CF2
:10BBC00010E0212C282D372D462D552D682D772D51
:10BBD000862D952D0E9405F7882321F0842C732C47
:10BBE000612E522C2D813E814F8158856D817E8141
:10BBF0008F8198850E9405F7882321F01D821E827F
:10BC00001F82188629813A814B815C8169817A8102
:10BC10008B819C810E9405F7882341F03D81398307
:10BC20004E814A835F815B8388858C8385E0EB85C9
:10BC3000FC858E9FD0018F9FB00D112429853A85F8
:10BC4000A20FB31FAA0FBB1FAA0FBB1FA95CB84F3F
:10BC5000BA87A9879501A601B501C6010E9413F410
:10BC60009701402F592D0E9412F46B017C01282D61
:10BC7000372D462D552D682D772D862D952D0E941B
:10BC800013F4242D332D412F522D0E9412F49B01C9
:10BC9000AC01C701B6010E9413F46B017C0129813C
:10BCA0003A814B815C8169817A818B819C810E9480
:10BCB00013F42D813E814F8158850E9412F49B011F
:10BCC000AC01C701B6010E9413F420E030E040E46B
:10BCD00050E40E940DF5A985BA856D937D938D93EF
:10BCE0009C9313972E960FB6F894DEBF0FBECDBF70
:10BCF000DF91CF911F910F91FF90EF90DF90CF9048
:10BD0000BF90AF909F908F907F906F905F904F907B
:10BD10003F902F900895109200111092FF1088EE1E
:10BD200093E0A0E0B0E08093011190930211A09302
:10BD30000311B093041181EF92E09093FE10809371
:10BD4000FD1085ED90E090930A118093091184ED28
:10BD500090E090930C1180930B1180ED90E0909304
:10BD60000E1180930D1181ED90E09093101180934E
:10BD70000F1182ED90E0909312118093111186EDD6
:10BD800090E0909314118093131110921611109259
:10BD9000171110921811109219111092BF111092D0
:10BDA000BE1180E1EEEAF1E1DF01282F1D922A9514
:10BDB000E9F7EEE9F1E1DF011D928A95E9F71092CA
:10BDC0009A1110929B1110929C1110929D11109239
:10BDD0008F121092921210928E1210928D1289E090
:10BDE00093E090938C1280938B121092B012109269
:10BDF000B3121092AF121092AE129093AD128093C4
:10BE0000AC12EBECF2E121E034E1148217821382F0
:10BE10001282918380837F962E173F07B1F729E125
:10BE2000209303141092061410921E1410922914D9
:10BE300010922C1410922814109227149093261408
:10BE4000809325141092481410924B1410924714AA
:10BE500010924614909345148093441410925D12EE
:10BE600010925C1210925F1210925E121092F514F2
:10BE70001092F6141092F7141092F8141092F9140C
:10BE80001092FA141092FB141092FC1410920114E8
:10BE900010926314EBECF2E186E391E0DF019C0188
:10BEA0001D9221503040E1F781E0809301151092FE
:10BEB0008A12109289120E9451AD68577C4E8F4FA2
:10BEC0009F4F6093FD147093FE148093FF14909322
:10BED000001510924F1210924E121092541210929E
:10BEE0005512109256121092571210925812109228
:10BEF000591210925A1210925B1210925012109214
:10BF00005112109252121092531283E093E09093C8
:10BF100031128093301284E080933D1210923B12D4
:10BF200010923A1210923C12389A4098109236129F
:10BF300010923712109238121092391280912C12EE
:10BF4000843220F591E0980F90932C1280932D125B
:10BF500090E0FC01EE0FFF1FE80FF91FE054FE4ECA
:10BF600088EB9BE0928381838AE5809359158093C7
:10BF7000091585EA80935A1580930A15E8EAF5E1D8
:10BF80008AE1DF011D928A95E9F708958FEF80938A
:10BF90002D12EACFCF93DF93282F30E0F901E85834
:10BFA000FF4E8491F901EE5CFF4ED491F901E4510A
:10BFB000F04FC491CC23A1F081110E94A96EEC2F07
:10BFC000F0E0EE0FFF1FEE52F04FA591B491EC910F
:10BFD000ED2381E090E009F480E0DF91CF910895B6
:10BFE00080E090E0FACFCF93DF93CDB7DEB76497D0
:10BFF0000FB6F894DEBF0FBECDBF789484B58260D3
:10C0000084BD84B5816084BD85B5826085BD85B5FC
:10C01000816085BD80916E00816080936E0010927A
:10C0200081008091810082608093810080918100F5
:10C030008160809381008091800081608093800086
:10C040008091B10084608093B1008091B0008160E4
:10C050008093B000809191008260809391008091E4
:10C060009100816080939100809190008160809325
:10C0700090008091A10082608093A1008091A10036
:10C0800081608093A1008091A00081608093A000D6
:10C090008091210182608093210180912101816042
:10C0A0008093210180912001816080932001809103
:10C0B0007A00846080937A0080917A008260809315
:10C0C0007A0080917A00816080937A0080917A0072
:10C0D000806880937A001092C1009898A09A82E0BC
:10C0E0008093C0001092C50080E18093C4008091CD
:10C0F000C10080618093C1008091C10088608093FD
:10C10000C1008091C10080688093C1000DEB12E2F4
:10C11000F80184910F5F1F4F81110BC009EF13E1EC
:10C12000F80184910F5F1F4F882331F00E94BC2BD0
:10C13000F7CF0E94BC2BECCF14B710FF0EC024EB3E
:10C14000E22E22E2F22EF7018491FFEFEF1AFF0AAE
:10C15000882319F00E94BC2BF6CF11FF0EC093EA82
:10C16000E92E92E2F92EF7018491FFEFEF1AFF0A10
:10C17000882319F00E94BC2BF6CF12FF0EC081E974
:10C18000E82E82E2F82EF7018491FFEFEF1AFF0A02
:10C19000882319F00E94BC2BF6CF13FF0EC000E8D5
:10C1A000E02E02E2F02EF7018491FFEFEF1AFF0A72
:10C1B000882319F00E94BC2BF6CF15FF0BC00FE6A9
:10C1C00012E2F80184910F5F1F4F882319F00E943B
:10C1D000BC2BF7CF14BE08E612E2F80184910F5F82
:10C1E0001F4F882319F00E94BC2BF7CF80E20E94DA
:10C1F000BC2B09E512E2F80184910F5F1F4F8823E1
:10C2000019F00E94BC2BF7CF8AE00E94BC2B09EFEB
:10C2100013E1F80184910F5F1F4F81111BC009E4E6
:10C2200012E2F80184910F5F1F4F811116C00EE3D7
:10C2300012E2F80184910F5F1F4F811111C004E2D7
:10C2400012E2F80184910F5F1F4F882361F00E9472
:10C25000BC2BF7CF0E94BC2BDCCF0E94BC2BE1CFC4
:10C260000E94BC2BE6CF09EF13E1F80184910F5F28
:10C270001F4F81110BC00DE012E2F80184910F5F96
:10C280001F4F882331F00E94BC2BF7CF0E94BC2B9C
:10C29000ECCF09EF13E1F80184910F5F1F4F882362
:10C2A00019F00E94BC2BF7CF8091431C9091441C45
:10C2B0009E012F5F3F4F7901B901009709F46AC0D1
:10C2C000681B790B8EEF91E20E948FBE60ED74E0E7
:10C2D00087EE91E20E948FBE8AE00E94BC2B81E033
:10C2E0008093981B8093991B80939A1B80939B1B30
:10C2F0000E9486D38CE0ECE8FBE1A4EDB7E001906E
:10C300000D928A95E1F70E941629249A80910101E5
:10C31000806280930101809101018064809301011A
:10C3200087ED80937A0010927E0010927D008091BC
:10C330007D00806280937D0080917D008064809389
:10C340007D0080E888BD80916E00846080936E00DF
:10C350006AEF70E080E090E00E94657B85E090E00D
:10C3600090931D1C80931C1C00915D0210915E0235
:10C37000C8010E9410A820E030E040EA50E40E948A
:10C380006BED87FF0AC00051110910935E02009304
:10C390005D02EACF69547C4195CF83E191E09093AF
:10C3A000600280935F0200911A1C10911B1CC8014F
:10C3B0000E9410A820E030E849E853E40E9473F698
:10C3C00018163CF4005F1F4F10931B1C00931A1C9F
:10C3D000EACF00915B0210915C02C8010E94A6A8FE
:10C3E00020E030E040EA50E40E946BED87FF07C098
:10C3F0000051110910935C0200935B02EACF009197
:10C40000181C1091191CC8010E94A6A820E030E059
:10C410004AEF52E40E9473F618163CF4005F1F4F77
:10C420001093191C0093181CEACF88E198E20FB60C
:10C43000F894A895809360000FBE90936000819A55
:10C44000879A80910A01826080930A010E9A3B9A32
:10C45000579A5F9A829A8A9A8091070181608093A5
:10C4600007019FB7F89480910801816080930801CB
:10C470009FBF0A9A129A3F9A479A6D98759A80912F
:10C4800004018D7F809304019FB7F894809105018A
:10C490008260809305019FBF52985A9A809A88982B
:10C4A0005F9A1092A807869A8E988A9A1092A90786
:10C4B00080910A01886080930A019FB7F894809167
:10C4C0000B01877F80930B019FBF9FB7F8948091EA
:10C4D00008018160809308019FBF1092AA070C9AFF
:10C4E0001498129A399A4198809180008C7F809399
:10C4F000800080918100877E886080938100809198
:10C5000080008F738093800080918100887F82609B
:10C510008093810080E090E490938900809388006C
:10C52000109285001092840080916F008260809349
:10C530006F0081E08093260778940E945FA96BE0EA
:10C5400070E08DE292E10E940F7AE0912D128E2F21
:10C5500090E0FC01EE0FFF1FE80FF91FE054FE4EC4
:10C5600080818F7B80836AE570E08DE292E10E949A
:10C5700028BD10928B1B80EA90E00E9409270E9440
:10C58000F7758AE590E00E9409270E948938E091BA
:10C590000D11F0910E1182E08083E0910911F0916C
:10C5A0000A111082E0910B11F0910C1180E180834F
:10C5B00010921511E0911111F091121186E0808313
:10C5C000E0910F11F0911011808180618083E091E2
:10C5D0000F11F0911011808188608083E0910F111C
:10C5E000F0911011808180688083E0910F11F091AB
:10C5F000101180818F7D80838AE590E00E9489F30D
:10C600008093140B8CE590E00E9489F391E08111F6
:10C6100001C090E09093B407882309F4D0C282E06F
:10C6200090E0909365158093641585E0809358158C
:10C6300082E880935B1585E490E1A0E0B0E0809310
:10C640005C1590935D15A0935E15B0935F150E94E5
:10C6500021718FED91E290936E0F80936D0F0E9488
:10C66000BD286091B9077091BA078091BB0790917E
:10C67000BC076093B5077093B6078093B707909394
:10C68000B80720E030E048EC52E40E94D1ED0E946F
:10C690007FF5709365156093641585E08093581558
:10C6A00082E880935B1586E290E1A0E0B0E08093A1
:10C6B0005C1590935D15A0935E15B0935F150E9475
:10C6C00021718EE590E00E9489F390E0B0E0A0E057
:10C6D00080932B0290932C02A0932D02B0932E02F4
:10C6E00080E690E00E9489F391E0811101C090E022
:10C6F00090933602882309F4F0C283E090E090938F
:10C7000065158093641585E08093581582E88093C1
:10C710005B158FE190E1A0E0B0E080935C15909311
:10C720005D15A0935E15B0935F150E9421718091F5
:10C73000D0079091D10790938A1B8093891B809199
:10C74000F7109091F8109093821B8093811B84E6E0
:10C7500090E0909334028093330290936515809318
:10C76000641505E00093581512E810935B1586E0F8
:10C7700090E1A0E0B0E080935C1590935D15A093EC
:10C780005E15B0935F150E9421718BE090E090934D
:10C790006515809364150093581510935B1580E020
:10C7A00092E1A0E0B0E080935C1590935D15A093BA
:10C7B0005E15B0935F150E9421711092651510925D
:10C7C00064150093581510935B1584E390E1A0E085
:10C7D000B0E080935C1590935D15A0935E15B093C7
:10C7E0005F150E94217110926515109264150093D7
:10C7F000581510935B158AE390E1A0E0B0E08093B8
:10C800005C1590935D15A0935E15B0935F150E9423
:10C8100021716091F9107091FA108091FB10909144
:10C82000FC100E947FF5709365156093641500936A
:10C83000581510935B1586E390E1A0E0B0E080937B
:10C840005C1590935D15A0935E15B0935F150E94E3
:10C85000217160917D1B70917E1B80917F1B909157
:10C86000801B0E947FF5709365156093641500939B
:10C87000581510935B158CE390E1A0E0B0E0809335
:10C880005C1590935D15A0935E15B0935F150E94A3
:10C8900021711092EB071092EA0782E090E09093EA
:10C8A0006515809364150093581510935B158EE100
:10C8B00090E1A0E0B0E080935C1590935D15A093AB
:10C8C0005E15B0935F150E94217181E0809339025B
:10C8D0000E940E85A0E68A2EA0E19A2EA12CB12CF2
:10C8E00010926515109264150093581510935B15FE
:10C8F00080925C1590925D15A0925E15B0925F15C6
:10C900000E9421713FEF831A930AA30AB30A84E7B6
:10C91000881680E19806A104B10411F784E1F701BB
:10C9200011928A95E9F781E08F9390E99F938F9315
:10C930009CE29F938F939F9386E195E09F938F93C3
:10C94000FF92EF920E94DCF740E650E160E070E079
:10C9500083E295E00E94BD744AE650E160E070E039
:10C9600081E395E00E94BD7444E750E160E070E02F
:10C97000C7010E94BD740FB6F894DEBF0FBECDBFD5
:10C980008091140B4EE750E160E070E0882309F4D9
:10C99000A7C189EC94E00E94BD74109265151092B5
:10C9A000641505E00093581512E810935B158EE0AE
:10C9B00090E1A0E0B0E080935C1590935D15A093AA
:10C9C0005E15B0935F150E9421711092651510924B
:10C9D00064150093581510935B158FE090E1A0E06B
:10C9E000B0E080935C1590935D15A0935E15B093B5
:10C9F0005F150E9421717AE0C72E70E2D72EE12CDC
:10CA0000F12CE5E07E2EF2E86F2E460157010AE098
:10CA100010E010926515109264157092581560928E
:10CA20005B1580925C1590925D15A0925E15B09298
:10CA30005F150E942171015011093FEF831A930A7B
:10CA4000A30AB30A0115110521F78AE0C80ED11C0B
:10CA5000E11CF11C92EDC91690E2D906E104F10443
:10CA6000A1F6C12C60E2D62EE12CF12C05E012E8F3
:10CA700010926515109264150093581510935B156C
:10CA8000C0925C15D0925D15E0925E15F0925F1534
:10CA90000E9421711092651510926415009358152B
:10CAA00010935B15D701C6018C529F4FAF4FBF4FFC
:10CAB00080935C1590935D15A0935E15B0935F1500
:10CAC0000E942171EFEFCE1ADE0AEE0AFE0AFAE0AA
:10CAD000CF16F0E2DF06E104F10451F65EEDC52E5B
:10CAE00050E2D52EE12CF12C05E012E810926515EC
:10CAF000109264150093581510935B15C0925C1545
:10CB0000D0925D15E0925E15F0925F150E94217142
:10CB10002FEFC21AD20AE20AF20A36EEC31630E248
:10CB2000D306E104F10411F7CC24C39432E1D32EEF
:10CB3000E12CF12C4AE0A42EB12C05E012E8B092D1
:10CB40006515A09264150093581510935B15C0925B
:10CB50005C15D0925D15E0925E15F0925F150E9413
:10CB60002171B0926515A092641500935815109329
:10CB70005B15D701C6018096A11DB11D80935C1580
:10CB800090935D15A0935E15B0935F150E9421717F
:10CB90008FEFC81AD80AE80AF80A95E1C91692E197
:10CBA000D906E104F10459F60FE315E0F80181918B
:10CBB0008F01882309F497C00E94BC2BF7CF83E034
:10CBC00090E0909365158093641585E080935815E7
:10CBD00082E880935B1585E490E1A0E0B0E080936B
:10CBE0005C1590935D15A0935E15B0935F150E9440
:10CBF00021710E9486D3D12CC12C212C3324339453
:10CC000001E095E080E0311003C00FEF9FEF84E07A
:10CC100031E03326A82E082E000CBB08002E000C95
:10CC2000110B2CEE20032001219F500C112434E124
:10CC30008302400C511C11244C0C5D1C912C812C46
:10CC4000692E990F7708800E911E6A147B04D1F12A
:10CC500084E1889DF001899DF00D1124E40DF51DFE
:10CC6000E95CF84F20E030E04AE754E460817181EC
:10CC7000828193810E94D1ED0E947FF570936515AA
:10CC80006093641595E090935815E2E8E0935B1586
:10CC9000822D022C000C990B8058974F880F991FFA
:10CCA000092E000CAA0BBB0B80935C1590935D15AD
:10CCB000A0935E15B0935F150E9421712394A00E7E
:10CCC000B11EC1CFF4E0CF0ED11C24E1C216D104B5
:10CCD00009F096CF87ED91E2BECC82E090E00FCDD7
:10CCE0008BED94E058CE8AE00E94BC2B812C912CD5
:10CCF00054018A9490E6792E2DE0622E8091F010F6
:10CD0000843010F40E945531809101158823C1F0C0
:10CD10000E9451AD0091FD141091FE142091FF145A
:10CD200030910015601B710B820B930B97FD08C0AF
:10CD30001092011580915F12882391F10E943C723C
:10CD40008091F010882309F443C080915C128823FD
:10CD500009F4AFC00091E407079D80011124015937
:10CD6000104F69E073E2C8010E9421ED892B09F49C
:10CD700048C089E294E10E940C1E89E294E10E947D
:10CD8000D21F10925D1210925C1206EF12E2F801AF
:10CD900084910F5F1F4F882351F00E94BC2BF7CF67
:10CDA0000E94D07880915F128111C8CFC9CF0E94B4
:10CDB0004F2E8091F010882359F081508093F0100D
:10CDC0008091E4078F5F843008F044C18093E407CA
:10CDD00080919C1B882309F4AEC109EF13E1F8018F
:10CDE00084910F5F1F4F811138C107EE12E2F801E5
:10CDF00084910F5F1F4F882309F432C10E94BC2B1E
:10CE0000F6CFF80101900020E9F731977F01E01A91
:10CE1000F10A109229146EE470E0C8010E94A4F790
:10CE20006C01009761F5F7013197E00FF11F618206
:10CE30008AE082831382F80101900020E9F731979C
:10CE4000AF01401B510BB80189E294E10E94411EE1
:10CE500080912914882329F103E214E1F8018491D7
:10CE60000F5F1F4F81111AC004EC12E2F801849188
:10CE70000F5F1F4F8823A9F00E94BC2BF7CF60E201
:10CE800070E00E94A4F78C010F5F1F4F6AE270E010
:10CE9000C6010E94A4F7FC013197C9CF0E94BC2BA8
:10CEA000DDCF80915D12882309F481CF0E94215744
:10CEB00080CF0E94215780915F12882309F479CF97
:10CEC00080915E12882309F474CFC090DC07D09063
:10CED000DD07E090DE07F090DF0720E030E0A901F9
:10CEE000C701B6010E9473F618160CF062CF2091AC
:10CEF0002E0B30912F0B4091300B5091310BC7010D
:10CF0000B6010E946BED882309F453CF0E940AE911
:10CF1000A50194010E94D1F3DC01CB010196A11D72
:10CF2000B11D8093190B8093610DE4EDF7E0AAE148
:10CF3000BBE041915191619171914D935D936D93DE
:10CF40007D9327E0E43EF207A1F78091DC07909102
:10CF5000DD07A091DE07B091DF0780932E0B909341
:10CF60002F0BA093300BB093310B80912202909144
:10CF70002302A0912402B091250280932A0B909362
:10CF80002B0BA0932C0BB0932D0B8091F71090914D
:10CF9000F8109093330B8093320B8091D0079091CF
:10CFA000D1079093350B8093340B8091E40790E088
:10CFB0009093370B8093360B8091EF1090E0909315
:10CFC000390B8093380B8091F01090E090933B0BDD
:10CFD00080933A0B80E891E0EFE6FFE0ACE3BBE042
:10CFE00001900D920197E1F70E9447746093C00C85
:10CFF0007093C10C8093C20C9093C30C84EC9CE0A2
:10D000000E9486748091F9149091FA14A091FB14F7
:10D01000B091FC148093BC0C9093BD0CA093BE0CFB
:10D02000B093BF0C6AE581E59DE00E94E3730E9426
:10D030003874019609F0BDCE04E613E0F801819141
:10D040008F01882319F00E94BC2BF8CF8AE00E9440
:10D05000BC2BAFCE1092E407BBCE0E94BC2BBFCE40
:10D0600080919C1B80FD04C080919C1B84FF1AC092
:10D0700060912E1C70912F1C8091301C9091311C5E
:10D080000E9472ED20911E1C30911F1C4091201CAB
:10D090005091211C0E94D1EDAB01BC0183EE92E2C4
:10D0A0000E9473BE80919C1B81FD04C080919C1BDB
:10D0B00085FF1AC06091321C7091331C8091341C22
:10D0C0009091351C0E9472ED2091221C3091231CFE
:10D0D0004091241C5091251C0E94D1EDAB01BC0154
:10D0E0008FED92E20E9473BE80919C1B82FD04C072
:10D0F00080919C1B86FF1AC06091361C7091371C72
:10D100008091381C9091391C0E9472ED2091261C50
:10D110003091271C4091281C5091291C0E94D1ED70
:10D12000AB01BC018BED92E20E9473BE8AE00E94CB
:10D13000BC2B10929C1B0E9468450E94DFA7DECD8D
:10D14000EF920F931F93CF93DF93E80134E047FDF5
:10D1500034E1042E000C550B57FF03C05195419547
:10D160005109E32E022F242FAE010E9440F0CE0180
:10D17000DF91CF911F910F91EF9008958F929F9221
:10D18000AF92BF92CF92DF92EF92FF92CF93DF9355
:10D19000EC01688179818A819B8161157105810526
:10D1A000910521F464E279ED8BE597E02DE133EF11
:10D1B00041E050E00E94D1F349015A019B01AC01CA
:10D1C000A7EAB1E40E94F0F36B017C01ACEEB4EF8E
:10D1D000A50194010E94FEF3C60ED71EE81EF91E9B
:10D1E000F7FE06C081E0C81AD108E10880E8F80A15
:10D1F000C882D982EA82FB82C701B6019F77DF919C
:10D20000CF91FF90EF90DF90CF90BF90AF909F9025
:10D210008F9008958F929F92AF92BF92CF92DF929C
:10D22000EF92FF92609161027091620280916302BD
:10D2300090916402611571058105910521F464E204
:10D2400079ED8BE597E02DE133EF41E050E00E946E
:10D25000D1F349015A019B01AC01A7EAB1E40E9454
:10D26000F0F36B017C01ACEEB4EFA50194010E94D8
:10D27000FEF3C60ED71EE81EF91EF7FE06C081E0BB
:10D28000C81AD108E10880E8F80AC0926102D09279
:10D290006202E0926302F0926402C701B6019F77D6
:10D2A000FF90EF90DF90CF90BF90AF909F908F90C6
:10D2B0000895609361027093620280936302909379
:10D2C000640208958F929F92AF92BF92CF92DF92A5
:10D2D000EF92FF920F931F93CF93DF935C017B013B
:10D2E0006115710519F0DB018D939C9385010F5F2A
:10D2F0001F4FF501D0818D2F90E00E94F1EC6C0161
:10D30000892BB9F5DD32B9F50F5F1F4FD5011196A5
:10D31000DC91C1E05801F1E0AF1AB10843E050E000
:10D320006CE372E0C5010E94FAEC892B69F5680193
:10D3300082E0C80ED11C45E050E067E372E0C60110
:10D340000E94FAEC892B21F4680197E0C90ED11CE8
:10D35000E114F10419F0D701CD92DC9260E070E0A5
:10D3600080E89FEFC111FFC060E070E080E89FE7B8
:10D37000FAC05801BBCFDB3229F485010E5F1F4F85
:10D38000F501D181C0E0C6CF43E050E064E372E034
:10D39000C5010E94FAEC892BE9F0F80110E000E0E9
:10D3A00020E030E0A9015F01B0ED8B2E8D0E89E009
:10D3B0008815C8F19C2E689491F88C2F8870C2FF54
:10D3C00016C0811102C00F5F1F4F3196D501DC914D
:10D3D000C92DE9CFE114F10429F00E5F1F4FF701C9
:10D3E0001183008360E070E080EC9FE7BCC088237D
:10D3F00011F001501109A5E0B0E00E94F0F39B018B
:10D40000AC01220F331F441F551F280D311D411D34
:10D41000511D283999E93907490799E15907A8F2B7
:10D42000C6609C2ED2CFAEEF8A1206C0C3FD3CC0B0
:10D430009C2E689493F8C9CFDF7DD534A9F58081FF
:10D440008D3239F4C061DF011296818162E070E0B3
:10D4500006C0DF018B32C1F3119661E070E08053AA
:10D460005D01A61AB70A8A30F8F4E0E8CE16ECE0BF
:10D47000DE065CF4B601660F771F660F771FC60ED7
:10D48000D71ECC0CDD1CC80ED11C5D01FFEFAF1AFE
:10D49000BF0A8C9180538A30A8F1C4FF03C0D19495
:10D4A000C194D1080C0D1D1DC1FF09C0E114F10488
:10D4B00031F081E0A81AB108D701AD92BC92CA013F
:10D4C000B9010E9470EDC370C33009F490584B014C
:10D4D0005C0120E030E0A9010E946BED882309F493
:10D4E00040C0CBE6D2E017FF05C0119501951109A8
:10D4F000C3E5D2E06E01B8E1CB1AD10880E2E82E94
:10D50000F12C0FC0D501B1CFFE0125913591459188
:10D5100054910E191F09C501B4010E94D1ED4B01B0
:10D520005C01D501C4010E151F0574F72497F5940D
:10D53000E794CC16DD06A9F78A2F880F8B2F881F5A
:10D540008F3F49F020E030E0A901C501B4010E94FD
:10D550006BED811106C082E290E09093481C8093AD
:10D56000471CC501B401DF91CF911F910F91FF902E
:10D57000EF90DF90CF90BF90AF909F908F900895E5
:10D580003F924F925F926F927F928F929F92AF9253
:10D59000BF92CF92DF92EF92FF920F931F93CF93A0
:10D5A000DF935C016B017A016115710519F0FB01D4
:10D5B00091838083E114F10451F0C70102978397AE
:10D5C00030F040E030E020E090E06BC05E01E5012B
:10D5D0002196F5011081812F90E00E94F1EC892BBA
:10D5E000A9F71D3201F52196F501118101E0E11441
:10D5F000F10409F4E6C0F0E1EF16F10409F088C087
:10D60000103359F488818F7D883509F07CC01981E9
:10D6100022960260F0E1EF2EF12C812C912CA12CAE
:10D6200088E0B82E92C01B3221F4E5012296F50164
:10D63000118100E0DCCFEAE0EE16F10409F4C7C086
:10D64000F0E1EF16F10409F073C0E7CF78E0E72EC0
:10D65000F12C812C912CA12C60E1B62E76C021E01A
:10D66000ADC0302F3170C114D10431F0222371F1DB
:10D670002197F601D183C08327FF2EC060E070E0C0
:10D6800080E090E8311104C06FEF7FEF8FEF9FE7EC
:10D6900022E230E03093481C2093471C462F372F5E
:10D6A000282F642F732F822FDF91CF911F910F911D
:10D6B000FF90EF90DF90CF90BF90AF909F908F90B2
:10D6C0007F906F905F904F903F90089501FF04C04E
:10D6D0002297F601D183C083332341F09095809542
:10D6E000709561957F4F8F4F9F4FD8CF97FFD6CFC3
:10D6F00082E290E09093481C8093471C6FEF7FEF8D
:10D700008FEF9FE7CBCF10E3E114F10409F49ECF34
:10D7100028E0E216F10409F49CCF0CF08CCF812CA8
:10D72000912CA12CE0E4BE2E82E0E816F10469F011
:10D7300060E070E080E090E897010F2C000C440B53
:10D74000550B0E94AFF349015A0120E060E070E000
:10D75000CB0127010F2C000C66087708FE0150ED65
:10D76000352E310E39E0331570F43FEB310F49ECB3
:10D77000342E3A3138F03FE9310F3A3108F071CFA9
:10D7800039EA332E310E3E141F040CF06ACF27FD08
:10D7900015C086169706A806B90678F0A30192016F
:10D7A0000E949FF3630D711D811D911D61307105F4
:10D7B000810520E8920708F452CF2FEF21961081BF
:10D7C000CDCF103309F41ECF2AE0E22EF12C9CECD1
:10D7D000892E982CA82C9CE0B92EB7CF3F924F925F
:10D7E0005F926F927F928F929F92AF92BF92CF92F1
:10D7F000DF92EF92FF920F931F93CF93DF935C0121
:10D800006B017A016115710519F0FB019183808329
:10D81000E114F10449F0C7010297839728F060E012
:10D8200070E0CB019BC05E01E5012196F5011081FE
:10D83000812F90E00E94F1EC892BA9F71D3209F0AD
:10D840005CC02196F501118101E0E114F10409F4B5
:10D85000BBC0F0E1EF16F10409F09BC0103341F4B6
:10D8600088818F7D883509F08FC0198122960260EA
:10D87000E0E1EE2EF12C88248A94982CA82CFFE06D
:10D88000BF2E20E060E070E0CB0127010F2C000CE0
:10D8900066087708FE0150ED352E310E39E033155C
:10D8A00068F43FEB310F49EC342E3A3130F03FE968
:10D8B000310F3A31B0F539EA332E310E3E141F04E0
:10D8C00084F52F3FB9F086169706A806B90638F1F9
:10D8D000A30192010E949FF3232D30E050E040E02D
:10D8E000620F731F841F951F6217730784079507C4
:10D8F000B0F021E021961081CDCF1B3221F4E5015B
:10D900002296F501118100E0A0CF78E0E72EF12CFE
:10D9100088248A94982CA82C6FE1B62EB2CF2FEFD2
:10D92000E9CFC114D10431F0222351F12197F6013E
:10D93000D183C08300FF07C0909580957095619555
:10D940007F4F8F4F9F4F2F3F49F482E290E090939B
:10D95000481C8093471C6FEF7FEFCB01DF91CF9185
:10D960001F910F91FF90EF90DF90CF90BF90AF90FD
:10D970009F908F907F906F905F904F903F90089511
:10D9800001FFD8CF2297D3CF10E3E114F10409F4BB
:10D99000BCCF3AE0E316F104E9F080E1E816F104C7
:10D9A00009F466CFE8E0EE16F10409F4B1CF6FEFA9
:10D9B0007FEFCB0197010F2C000C440B550B0E94FD
:10D9C000AFF349015A015DCF103309F449CF9AE012
:10D9D000E92EF12C89E9882E982CA82C89E1B82E03
:10D9E00050CF91110C9491F2803219F089508550EA
:10D9F000C8F70895FB01DC014150504088F08D913B
:10DA000081341CF08B350CF4805E659161341CF020
:10DA10006B350CF4605E861B611171F3990B0895F0
:10DA2000881BFCCFFB01DC014150504048F00590C1
:10DA30000D920020C9F701C01D9241505040E0F7FF
:10DA40000895FB0155915523A9F0BF01DC014D91CB
:10DA500045174111E1F759F4CD010590002049F037
:10DA60004D9140154111C9F3FB014111EFCF81E008
:10DA700090E0019708950F931F93CF93DF93CDB755
:10DA8000DEB72E970FB6F894DEBF0FBECDBF0E895E
:10DA90001F898EE08C831A8309838FEF9FE79E8313
:10DAA0008D83AE01465E5F4F688D798DCE01019604
:10DAB0000E943EEE2F813885020F131FF80110825D
:10DAC0002E960FB6F894DEBF0FBECDBFDF91CF917B
:10DAD0001F910F9108950E94ADED08F481E0089523
:10DAE000E89409C097FB3EF49095809570956195F8
:10DAF0007F4F8F4F9F4F9923A9F0F92F96E9BB27AE
:10DB00009395F695879577956795B795F111F8CF29
:10DB1000FAF4BB0F11F460FF1BC06F5F7F4F8F4F94
:10DB20009F4F16C0882311F096E911C0772321F08A
:10DB30009EE8872F762F05C0662371F096E8862F22
:10DB400070E060E02AF09A95660F771F881FDAF779
:10DB5000880F9695879597F90895990F0008550FA6
:10DB6000AA0BE0E8FEEF16161706E807F907C0F063
:10DB700012161306E407F50798F0621B730B840B6B
:10DB8000950B39F40A2661F0232B242B252B21F445
:10DB900008950A2609F4A140A6958FEF811D811DE5
:10DBA00008950E94E4ED0C944FF30E9441F338F085
:10DBB0000E9448F320F0952311F00C9438F30C9454
:10DBC0003EF311240C9483F30E9460F370F3959F4D
:10DBD000C1F3950F50E0551F629FF001729FBB2764
:10DBE000F00DB11D639FAA27F00DB11DAA1F649F00
:10DBF0006627B00DA11D661F829F2227B00DA11DB3
:10DC0000621F739FB00DA11D621F839FA00D611D38
:10DC1000221F749F3327A00D611D231F849F600D59
:10DC2000211D822F762F6A2F11249F5750409AF082
:10DC3000F1F088234AF0EE0FFF1FBB1F661F771F0E
:10DC4000881F91505040A9F79E3F510580F00C94D9
:10DC500038F30C9483F35F3FE4F3983ED4F3869556
:10DC600077956795B795F795E7959F5FC1F7FE2B79
:10DC7000880F911D9695879597F908952F923F9259
:10DC80004F925F926F927F928F929F92AF92BF92CC
:10DC9000CF92DF92EF92FF920F931F93CF93DF9378
:10DCA00000D000D000D01F921F92CDB7DEB77C010C
:10DCB0003B018A01FC0117821682838181FFDDC14D
:10DCC000CE0101965C01F7019381F30193FD8591EB
:10DCD00093FF81913F01882309F453C1853239F4C0
:10DCE00093FD859193FF81913F01853229F4B7011E
:10DCF00090E00E94AAF2E7CF912C212C312CFFE179
:10DD0000F31538F08B3211F190F4803209F183323F
:10DD100029F137FC3CC020ED280F2A3050F536FEA3
:10DD200020C08AE0989E200D1124922E06C08D32CC
:10DD300091F0803371F7689430F8F30193FD859189
:10DD400093FF81913F018111DACF21C0689431F8AE
:10DD5000689432F8F2CF689433F8EFCF689434F8CF
:10DD6000ECCFEAE02E9E200D1124222E689435F887
:10DD7000E4CF8E3229F436FC04C1689436F8DDCF46
:10DD80008C3619F4689437F8D8CF8836B1F2982FCA
:10DD90009F7D95549330E0F08336A1F18337C1F134
:10DDA000833509F063C02801F2E04F0E511CF801E1
:10DDB000C080D180692D70E036FC02C06FEF7FEF2C
:10DDC000C6010E9494F24C01689437F882010AC09F
:10DDD0000C5F1F4FFFE3F98388248394912C650126
:10DDE000E89437F833FE2DC0522C8114910471F55C
:10DDF000552009F468CFB70180E290E00E94AAF2B2
:10DE00005A94F6CFF801808189830E5F1F4FE4CFCB
:10DE10002801F2E04F0E511CF801C080D180692D1D
:10DE200070E036FC02C06FEF7FEFC6010E949FF2E8
:10DE30004C018201D5CFB70180E290E00E94AAF2A6
:10DE40002A942814190409F0B0F7CECFF60137FC54
:10DE5000859137FE81916F01B70190E00E94AAF28F
:10DE600051105A94F1E08F1A9108BFCF843619F0FF
:10DE7000893609F077C0F80137FE6BC06081718187
:10DE8000828193810C5F1F4FF32DFF763F2E97FF0A
:10DE900009C090958095709561957F4F8F4F9F4FEA
:10DEA000689437F82AE030E0A5010E94DAF2C82E23
:10DEB000CA188C2C432C36FE0CC0E89440F8C914C8
:10DEC00040F434FE05C032FC03C0F32DFE7E4F2E1D
:10DED000892C44FEAAC0FE01EC0DF11D8081803327
:10DEE00009F09CC0242D297E422E842D8870582E46
:10DEF00043FCAAC040FEA4C09C2C821418F42C0C35
:10DF0000922C981844FEA6C0B70180E390E00E94CE
:10DF1000AAF242FE09C088E790E041FE02C088E50F
:10DF200090E0B7010E94AAF2C91408F49FC0CA94F5
:10DF3000D12C9FEFC91AD90ACA0CDB1CF6018291B9
:10DF40006F01B70190E00E94AAF2AC14BD04B1F7D2
:10DF50004FCF60817181072E000C880B990B0E5FEB
:10DF60001F4F92CFD32CE894D4F82AE030E08537C5
:10DF7000E1F1232D297FD22E8F36A9F1F0F48835D7
:10DF800051F1F701868197812B960FB6F894DEBF89
:10DF90000FBECDBFDF91CF911F910F91FF90EF90FA
:10DFA000DF90CF90BF90AF909F908F907F906F90B9
:10DFB0005F904F903F902F900895803749F08837B9
:10DFC00001F7D4FE02C06894D2F820E130E00DC021
:10DFD0006894D4F8F6CF34FE03C0822F8660D82E22
:10DFE00020E132E002C028E030E0F801D7FE0FC0A7
:10DFF00060817181828193810C5F1F4FA5010E9416
:10E00000DAF2C82ECA183D2CE89437F852CF608156
:10E01000718190E080E00E5F1F4FF0CF42FC02C0A4
:10E02000839463CF8394839460CF842D867809F49E
:10E030005CCFF6CFB70180E290E00E94AAF2839411
:10E040008214C0F3512C5ECF522C5818821408F45D
:10E0500059CFF8CF842D867809F466CF8BE241FE44
:10E0600080E247FC8DE2B70190E05CCFB70180E32E
:10E0700090E00E94AAF29A9457CF8FEF9FEF84CF3F
:10E080008F929F92AF92BF92CF92DF92EF92FF92C8
:10E090000F931F93CF93DF9300D000D000D0CDB764
:10E0A000DEB76A01F22EB02E102FFBE3AF2EA016C2
:10E0B00008F41BE31F5F012F27E0AE014F5F5F4FA6
:10E0C0000E94B9F1BC018981982F9970913009F4AF
:10E0D0004EC09BE2E1FC04C09E2D9170E0FC49C063
:10E0E0005E2D5071E82FE87083FF55C084E09111D8
:10E0F00001C083E0EF2DE81B8F1508F0E0E0D601AA
:10E100008E2F20E25523C9F1992329F0D6019C9343
:10E11000C60101966C0196012D5F3F4FE2FE33C0B0
:10E120008EE4D6018C9391E411969C9311971296EC
:10E130008C93D9018E2F90E281112AC0E20FF32F28
:10E14000F11D10828EEF9FEF29960FB6F894DEBF77
:10E150000FBECDBFDF91CF911F910F91FF90EF9038
:10E16000DF90CF90BF90AF909F908F9008959DE2E9
:10E17000B7CF90E2B5CF2D9381508111FCCFCE0E59
:10E18000D11CE0E0C1CF8EE6D6018C9391E6CCCFD6
:10E190009D938150D1CF482F447082FF3DC084E0D1
:10E1A000911101C083E08F1510F4EF2DE81BD6010B
:10E1B0008E2F20E2552309F1992329F0D6019C9353
:10E1C000C60101966C0196012D5F3F4FE2FE1BC018
:10E1D00089E4D6018C938EE411968C93119786E492
:10E1E00012968C93D9018E2F90E2882309F4A6CF42
:10E1F0009D938150FACF2D9381508111FCCFCE0E8B
:10E20000D11CE0E0D9CF89E6D6018C938EE6119639
:10E210008C93119786E6E4CF9B0177FF02C030E034
:10E2200020E0A1E0B0E0911102C0B0E0A0E0F9016F
:10E230003196AE0FBF1F8B2C912CBB2009F461C00F
:10E240005401EFEFAE1ABE0AAA0DBB1DFA161B064B
:10E2500019F014F04F2D4A1B511188C0E3FC59C02E
:10E260007601A42FB0E2A1114FC0C40ED11C992396
:10E2700009F45BC040E0D6011196F60190836D0170
:10E28000552309F448C0012F060F9A81582F507169
:10E2900084FF03C0913309F4015010160CF047C0FD
:10E2A000093008F008E0EEE2FE2E5B01A01AB1088A
:10E2B00085019194819491082F3F320729F4D6016A
:10E2C000FC92F60131966F016217730794F1021701
:10E2D00013077CF5DB01A21BB30BAA24A394B12C7A
:10E2E000AC0EBD1EAA0DBB1D11968C91215031099B
:10E2F000D601119628153905F4F0F60180836D01D9
:10E30000DBCFB12CA12CA0CFF701B1937F01A1509D
:10E31000AACF9111B0CFD601942F50E302C05D93E4
:10E3200091509111FCCFC40ED11C40E0ACCF01E064
:10E33000BACF80E3DBCF6217730731F4963388F4EA
:10E34000953311F4552369F0F6018083FD01842F84
:10E3500090E2811108C0A40FB11D1C9290E080E0F2
:10E36000F3CE81E3F1CF91938150F3CF911183CF1D
:10E370008ACF283008F027E03327DA01990F311DC2
:10E3800087FD916000966105710539F432602E5F5A
:10E390003D9330E32A95E1F708959F3F30F08038B0
:10E3A0007105610509F03C5F3C5F3D93913008F0D9
:10E3B0008068911DDF93CF931F930F93FF92EF928D
:10E3C000192F987F9695E92F96959695E90FFF2737
:10E3D000E753FD4F99273327EE24FF24A701E701D8
:10E3E00005900894079428F4360FE71EF81E491F7D
:10E3F000511D660F771F881F991F0694A1F705907E
:10E40000079428F4E70EF81E491F561FC11D770F09
:10E41000881F991F661F0694A1F70590079428F49A
:10E42000F80E491F561FC71FD11D880F991F661F61
:10E43000771F0694A1F70590079420F4490F561F03
:10E44000C71FD81F990F661F771F881F0694A9F74B
:10E4500084911095177041F0D695C79557954795BB
:10E46000F794E7941A95C1F7EFE6F2E068941590F7
:10E47000159135916591959105907FE27395E1181D
:10E48000F10A430B560BC90BD009C0F7E10CF11E82
:10E49000431F561FC91FD01D7EF4703311F48A9597
:10E4A000E6CFE894015030F0080F0AF40027021775
:10E4B00008F4202F2395022F7A3328F079E37D93F7
:10E4C0002A95E9F710C07D932A9589F606949795C9
:10E4D0006795379517951794E118F10A430B560B7A
:10E4E000C90BD00998F023957E9173957A3308F083
:10E4F00070E37C932013B8F77E9170617D9330F0C8
:10E50000839571E37D9370E32A95E1F71124EF90F1
:10E51000FF900F911F91CF91DF91992787FD9095E3
:10E520000895992788270895FC010590615070404F
:10E530000110D8F7809590958E0F9F1F0895FC01CC
:10E540006150704001900110D8F7809590958E0F22
:10E550009F1F08950F931F93CF93DF93182F092FB9
:10E56000EB018B8181FD09C01FEF0FEF812F902FF1
:10E57000DF91CF911F910F91089582FF14C02E81DA
:10E580003F818C819D81281739073CF4E881F9810E
:10E59000CF0101969983888310838E819F81019694
:10E5A0009F838E83E3CFE885F985812F1995892B89
:10E5B000A1F3DACFFA01AA27283051F1203181F1F5
:10E5C000E8946F936E7F6E5F7F4F8F4F9F4FAF4F7B
:10E5D000B1E03ED0B4E03CD0670F781F891F9A1F8E
:10E5E000A11D680F791F8A1F911DA11D6A0F711D42
:10E5F000811D911DA11D20D009F468943F912AE04E
:10E60000269F11243019305D3193DEF6CF01089535
:10E61000462F4770405D4193B3E00FD0C9F7F6CF66
:10E62000462F4F70405D4A3318F0495D31FD40522E
:10E63000419302D0A9F7EACFB4E0A69597958795C4
:10E6400077956795BA95C9F70097610571050895A3
:10E650009B01AC010A2E069457954795379527954F
:10E66000BA95C9F7620F731F841F951FA01D0895E7
:10E6700097F99F6780E870E060E008959FEF80EC75
:10E68000089500240A941616170618060906089518
:10E6900000240A9412161306140605060895092E7E
:10E6A0000394000C11F4882352F0BB0F40F4BF2BED
:10E6B00011F460FF04C06F5F7F4F8F4F9F4F08952D
:10E6C00057FD9058440F551F59F05F3F71F0479523
:10E6D000880F97FB991F61F09F3F79F08795089508
:10E6E000121613061406551FF2CF4695F1DF08C027
:10E6F000161617061806991FF1CF86957105610544
:10E7000008940895E894BB2766277727CB0197F9EB
:10E710000895F999FECF92BD81BDF89A992780B5E9
:10E720000895262FF999FECF1FBA92BD81BD20BD55
:10E730000FB6F894FA9AF99A0FBE01960895DB0184
:10E740008F939F930E94F0F3BF91AF91A29F800D92
:10E75000911DA39F900DB29F900D11240895A1E2E9
:10E760001A2EAA1BBB1BFD010DC0AA1FBB1FEE1F4B
:10E77000FF1FA217B307E407F50720F0A21BB30B96
:10E78000E40BF50B661F771F881F991F1A9469F712
:10E7900060957095809590959B01AC01BD01CF016E
:10E7A0000895052E97FB1EF400940E94E8F357FD90
:10E7B00007D00E94AFF307FC03D04EF40C94E8F3AB
:10E7C00050954095309521953F4F4F4F5F4F08959D
:10E7D00090958095709561957F4F8F4F9F4F0895CD
:10E7E0000E9403F4A59F900DB49F900DA49F800DEF
:10E7F000911D11240895B7FF0C94F0F30E94F0F3DB
:10E80000821B930B0895A29FB001B39FC001A39FE9
:10E81000700D811D1124911DB29F700D811D112459
:10E82000911D08955058BB27AA270E942AF40C94E2
:10E830004FF30E9441F338F00E9448F320F039F47E
:10E840009F3F19F426F40C943EF30EF4E095E7FB99
:10E850000C9438F3E92F0E9460F358F3BA1762075B
:10E8600073078407950720F079F4A6F50C9482F3DA
:10E870000EF4E0950B2EBA2FA02D0B01B9019001DB
:10E880000C01CA01A0011124FF27591B99F0593F1F
:10E8900050F4503E68F11A16F040A22F232F342F67
:10E8A0004427585FF3CF469537952795A795F040B5
:10E8B0005395C9F77EF41F16BA0B620B730B840BCA
:10E8C000BAF09150A1F0FF0FBB1F661F771F881F82
:10E8D000C2F70EC0BA0F621F731F841F48F48795DA
:10E8E00077956795B795F7959E3F08F0B0CF9395CC
:10E8F000880F08F09927EE0F9795879508950E9445
:10E9000041F360F080E891E009F49EEF0E9448F343
:10E9100028F040E851E071F45EEF0CC00C943EF337
:10E920000C9482F3E92FE0780E9460F340F3092E03
:10E93000052AB1F3261737074807590738F00E2E76
:10E9400007F8E02569F0E025E0640AC0EF6307F806
:10E95000009407FADB01B9019D01DC01CA01AD0198
:10E96000EF930E9424F50E944FF30E94C2F45F913E
:10E97000552339F02BED3FE049E450FD49EC0C9470
:10E9800013F40895DF93DD27B92FBF7740E85FE3E5
:10E990001616170648075B0718F4D92F0E9478F659
:10E9A0009F938F937F936F930E9401F7E4EEF0E0C3
:10E9B0000E94F5F50E944FF32F913F914F915F9187
:10E9C0000E94E4EDDD2351F09058A2EA2AED3FE0E9
:10E9D00049EC5FE3D0785D270E942AF4DF910C9424
:10E9E0004FF30E945BF690F09F3748F4911116F4B4
:10E9F0000C9483F360E070E080E89FE3089526F0D4
:10EA00001B16611D711D811D0C94CCF50C94E7F54E
:10EA10000E941EF6E3950C9447F60E9421F50C9493
:10EA20004FF30E9448F358F00E9441F340F029F45C
:10EA30005F3F29F00C9438F351110C9483F30C943C
:10EA40003EF30E9460F368F39923B1F3552391F3E9
:10EA5000951B550BBB27AA2762177307840738F04D
:10EA60009F5F5F4F220F331F441FAA1FA9F335D0AA
:10EA70000E2E3AF0E0E832D091505040E695001C5E
:10EA8000CAF72BD0FE2F29D0660F771F881FBB1F18
:10EA9000261737074807AB07B0E809F0BB0B802DF6
:10EAA000BF01FF2793585F4F3AF09E3F510578F022
:10EAB0000C9438F30C9483F35F3FE4F3983ED4F363
:10EAC000869577956795B795F7959F5FC9F7880FF6
:10EAD000911D9695879597F90895E1E0660F771F48
:10EAE000881FBB1F621773078407BA0720F0621BD9
:10EAF000730B840BBA0BEE1F88F7E09508950E9404
:10EB000086F56894B1110C9483F308950E9468F31C
:10EB100088F09F5798F0B92F9927B751B0F0E1F0DE
:10EB2000660F771F881F991F1AF0BA95C9F714C08E
:10EB3000B13091F00E9482F3B1E008950C9482F319
:10EB4000672F782F8827B85F39F0B93FCCF38695C7
:10EB500077956795B395D9F73EF490958095709524
:10EB600061957F4F8F4F9F4F08950E945BF690F005
:10EB70009F3748F4911116F00C9483F360E070E035
:10EB800080E89FEB089526F41B16611D711D811D01
:10EB90000C94CCF50C94E7F5882371F4772321F0DD
:10EBA0009850872B762F07C0662311F499270DC044
:10EBB0009051862B70E060E02AF09A95660F771FDF
:10EBC000881FDAF7880F9695879597F908959F3FE4
:10EBD00031F0915020F4879577956795B795880F18
:10EBE000911D9695879597F90895DF93CF931F937D
:10EBF0000F93FF92EF92DF927B018C01689406C025
:10EC0000DA2EEF010E94E4EDFE01E894A591259132
:10EC1000359145915591A6F3EF010E942AF4FE012A
:10EC20009701A801DA9469F7DF90EF90FF900F91B8
:10EC30001F91CF91DF9108950C943EF30E9468F3E9
:10EC4000D8F3E894E0E0BB279F57F0F02AED3FE0CF
:10EC500049EC06C0EE0FBB0F661F771F881F28F018
:10EC6000B23A62077307840728F0B25A620B730B3B
:10EC7000840BE3959A9572F7803830F49A95BB0F20
:10EC8000661F771F881FD2F790480C94E9F5EF9321
:10EC9000E0FF07C0A2EA2AED3FE049EC5FEB0E94EB
:10ECA0002AF40E944FF30F90039401FC9058E1E185
:10ECB000F1E00C9411F70E9468F3A0F0BEE7B917D9
:10ECC00088F4BB279F3860F41616B11D672F782F84
:10ECD0008827985FF7CF869577956795B11D9395AF
:10ECE0009639C8F308950E94ADED08F48FEF0895AA
:10ECF0009B01AC0160E070E080E89FE30C940DF5AF
:10ED00000E9468F358F19E5760F19851A0F0E9F025
:10ED1000983020F5092E9927660F771F881F991FB5
:10ED20000A94D1F712C0062E672F782F8827985F94
:10ED300011F4000C07C0993FB4F386957795679559
:10ED40009395D9F7611D711D811D3EF490958095B5
:10ED5000709561957F4F8F4F9F4F089568940C94E5
:10ED600083F30C9482F39F930E941EF60F9007FC8E
:10ED7000EE5F0C9447F619F416F40C943EF30C94E1
:10ED8000E7F50E9468F3B8F39923C9F3B6F39F57E8
:10ED9000550B87FF0E940AF70024A0E640EA900185
:10EDA00080585695979528F4805C660F771F881FCA
:10EDB00020F026173707480730F4621B730B840BCB
:10EDC000202931294A2BA69517940794202531250F
:10EDD0004A2758F7660F771F881F20F02617370736
:10EDE000480730F4620B730B840B200D311D411D5D
:10EDF000A09581F7B901842F9158880F9695879532
:10EE000008959B01AC010C94D1ED0E94ADED880BEF
:10EE1000990B089591505040660F771F881FD2F7C5
:10EE200008959F938F937F936F93FF93EF939B012D
:10EE3000AC010E94D1EDEF91FF910E94F5F52F9169
:10EE40003F914F915F910C94D1ED991B79E004C0F3
:10EE5000991F961708F0961B881F7A95C9F7809519
:10EE60000895AA1BBB1B51E107C0AA1FBB1FA61711
:10EE7000B70710F0A61BB70B881F991F5A95A9F763
:10EE800080959095BC01CD01089597FB072E16F44F
:10EE9000009407D077FD09D00E9431F707FC05D018
:10EEA0003EF4909581959F4F0895709561957F4FA1
:10EEB0000895EE0FFF1F881F8BBF0790F691E02D7E
:10EEC00019940E9403F4B7FF0895821B930B0895D1
:10EED0009111089581548A5108F4805E855A0895ED
:10EEE000FB01DC0104C08D910190801921F4415097
:10EEF0005040C8F7881B990B0895FB01DC0102C044
:10EF000001900D9241505040D8F70895FB01DC016B
:10EF10008D9181341CF08B350CF4805E61916134ED
:10EF20001CF06B350CF4605E861B611189F3990B44
:10EF30000895FB01DC010D900020E9F71197019085
:10EF40000D920020E1F70895FC018191861721F0D0
:10EF50008823D9F7992708953197CF010895FB01A8
:10EF6000DC018D91019080190110D9F3990B08955E
:10EF7000FB01DC0101900D920020E1F70895FB01F7
:10EF8000DC014150504030F08D910190801919F40E
:10EF90000020B9F7881B990B0895FB01DC01415053
:10EFA000504048F001900D920020C9F701C01D9219
:10EFB00041505040E0F708950F931F93CF93DF9394
:10EFC000CDB7DEB72E970FB6F894DEBF0FBECDBF1C
:10EFD0000E891F8986E08C831A8309838FEF9FE750
:10EFE0009E838D83AE01465E5F4F688D798DCE0125
:10EFF00001960E943EEE2F813885020F131FF80103
:10F0000010822E960FB6F894DEBF0FBECDBFDF91F3
:10F01000CF911F910F91089511E1C8E8D1E100E06F
:10F0200006C0802FFE010E9459F72196011DC938A4
:0CF03000D10780E00807A9F7F894FFCF93
:10F03C0065009D9DF0FF79C4F0FF79C402C0D40136
:10F04C000000009B4300009B430000C9435555053D
:10F05C0043010000C841010000C07F800000000097
:10F06C00004343640001010101010000803F00C026
:10F07C0079C4640000007A4300005243CDCCCC3DEF
:10F08C00B40001010101FFFF050001FF3FFF3FFF3D
:10F09C003F01000000FF3F1CC6FF3F1CC6000000E4
:10F0AC000000803B4500803B450000704300007031
:10F0BC004258595A45021000000410000006100076
:10F0CC0000081000000A1000000C100000261000B0
:10F0DC00003010000032100000341000003A100014
:10F0EC00003E1000004010000044100000461000CC
:10F0FC0000481000004A1000004C10000054100092
:10F10C000056100000581000005C1000005E10004B
:10F11C00005F1000008810000000000000000000DC
:10F12C000072A7DCA609A7BFA73AA718A72CA700AF
:10F13C00000000BA1300000000C01FDCA69F139E45
:10F14C00130000A0420000A0420000C84300000CC5
:10F15C004300009643000096430000A0400000C806
:10F16C0041F4010000F401000064000000E8030019
:10F17C0000C300F0002D006E00563431004D3130CC
:10F18C0038004D313132004D3431300053746F70D2
:10F19C0020746F20577269746520706F77657220C8
:10F1AC006F66662066696C65206661696C65642EA5
:10F1BC0000496E697420706F776572206F666620E7
:10F1CC00696E666F6D6174696F6E2E0073697A6516
:10F1DC003A2000696E69742076616C69643A20008B
:10F1EC0063757272656E745F706F736974696F6E3C
:10F1FC0028582C592C5A2C452C462C54312E2E5434
:10F20C00342C42293A2000636D645F717565756515
:10F21C0028522C572C432C51293A20007364206619
:10F22C00696C652873746172745F74696D652C66A2
:10F23C00696C655F6E616D652C73645F706F7329AB
:10F24C003A20004F6E20004F666600496E76616C66
:10F25C00696420657874727564657200203D3D2088
:10F26C000020202020202020202000504944204134
:10F27C0075746F74756E6520737461727400504987
:10F28C0044204175746F74756E65206661696C6598
:10F29C006421204261642065787472756465722003
:10F2AC006E756D62657200646973002F00646F691E
:10F2BC006E67006672657368002A2A2A496E697443
:10F2CC00696E672063617264206661696C732A2AB7
:10F2DC002A002A2A2A496E6974696E672063617252
:10F2EC0064206973204F4B2A2A2A002E67636F64AF
:10F2FC0065002E47434F4445007777772E6378732C
:10F30C007733642E636F6D202020007777772E6320
:10F31C007265616C69747933642E636E0025642F99
:10F32C00256400537465707261746520746F6F206E
:10F33C00686967683A20005452494747455245442A
:10F34C00006F70656E0025642058202564205820BD
:10F35C0025640043522D3130532050726F205632A9
:10F36C000056657220312E37302E3020424C003D35
:10F37C003D3D496E6974696E672052545320686133
:10F38C00732066696E69736865643D3D3D0030307D
:02F39C0030003F
:00000001FF
